Student_ID,Age,Gender,Academic_Level,Primary_Platform,Daily_Usage_Hours,Weekend_Extra_Hours,Device_Type,Sleep_Duration_Hours,Sleep_Quality_Score,Late_Night_Usage,Social_Comparison_Frequency,Perceived_Stress_Score,Mental_Health_Index,Academic_Performance_GPA,Overall_Impact
STU_2024000,19,Female,Undergraduate,Snapchat,7.5,1.5,Smartphone,5.9,2,True,Always,20.0,73,2.73,Neutral
STU_2024001,19,Female,Undergraduate,Instagram,4.6,1.3,Smartphone,7.9,3,True,Sometimes,17.0,90,3.21,Beneficial
STU_2024002,17,Female,High School,TikTok,10.9,1.7,Smartphone,5.2,1,True,Frequently,18.0,70,3.0,Neutral
STU_2024003,16,Female,High School,YouTube,6.0,2.3,Tablet,7.6,4,True,Sometimes,15.0,82,3.42,Beneficial
STU_2024004,17,Male,High School,LinkedIn,3.3,2.6,Smartphone,7.6,4,True,Never,16.0,84,3.41,Beneficial
STU_2024005,16,Male,High School,TikTok,6.2,1.6,Smartphone,5.9,1,False,Rarely,10.0,66,3.21,Beneficial
STU_2024006,20,Male,Undergraduate,TikTok,5.6,1.8,Smartphone,8.3,3,False,Sometimes,10.0,88,3.72,Beneficial
STU_2024007,19,Female,Undergraduate,TikTok,1.2,2.4,Smartphone,8.1,5,False,Always,6.0,95,3.37,Beneficial
STU_2024008,18,Female,Undergraduate,YouTube,3.3,1.8,Smartphone,6.4,2,False,Frequently,23.0,88,3.59,Beneficial
STU_2024009,18,Female,Undergraduate,Reddit,4.7,1.7,Smartphone,7.9,2,False,Frequently,6.0,96,3.66,Beneficial
STU_2024010,15,Female,High School,TikTok,4.4,1.9,Smartphone,5.8,2,False,Frequently,11.0,83,3.22,Beneficial
STU_2024011,20,Male,Undergraduate,LinkedIn,7.8,1.4,Smartphone,7.2,2,True,Sometimes,17.0,76,3.08,Beneficial
STU_2024012,19,Female,Undergraduate,TikTok,9.5,0.9,Smartphone,5.3,1,True,Always,27.0,68,3.14,Neutral
STU_2024013,23,Non-Binary,Undergraduate,Instagram,1.9,1.2,Smartphone,8.9,5,False,Sometimes,3.0,95,3.86,Beneficial
STU_2024014,19,Male,Undergraduate,YouTube,6.6,2.3,Tablet,5.7,3,False,Sometimes,17.0,64,2.98,Neutral
STU_2024015,19,Female,Undergraduate,Instagram,2.6,1.2,Smartphone,7.3,4,False,Rarely,11.0,85,3.57,Beneficial
STU_2024016,18,Male,Undergraduate,X (Twitter),2.3,1.8,Tablet,6.4,2,True,Sometimes,17.0,84,3.64,Beneficial
STU_2024017,17,Male,High School,YouTube,7.2,1.7,Smartphone,6.4,2,False,Frequently,12.0,75,3.52,Beneficial
STU_2024018,19,Female,Undergraduate,Instagram,4.7,1.5,Smartphone,6.5,3,False,Always,8.0,88,3.47,Beneficial
STU_2024019,20,Female,Undergraduate,Reddit,4.7,2.3,Smartphone,6.9,2,False,Sometimes,20.0,82,3.7,Beneficial
STU_2024020,17,Male,High School,Instagram,3.5,1.1,Smartphone,7.9,3,False,Frequently,2.0,94,3.75,Beneficial
STU_2024021,16,Female,High School,Instagram,2.4,2.5,Smartphone,7.4,3,True,Always,1.0,98,4.0,Beneficial
STU_2024022,23,Male,Postgraduate,YouTube,7.4,1.3,Laptop/PC,6.3,2,True,Sometimes,10.0,68,2.82,Beneficial
STU_2024023,17,Female,High School,Instagram,11.2,1.7,Smartphone,5.2,2,True,Sometimes,22.0,54,2.69,Neutral
STU_2024024,18,Female,Undergraduate,YouTube,3.4,1.7,Smartphone,8.2,4,False,Frequently,8.0,90,4.0,Beneficial
STU_2024025,20,Female,Undergraduate,Instagram,3.0,2.0,Smartphone,8.8,4,False,Sometimes,2.0,94,3.5,Beneficial
STU_2024026,20,Female,Undergraduate,Instagram,4.3,1.4,Smartphone,8.1,3,False,Frequently,2.0,95,3.37,Beneficial
STU_2024027,19,Male,Undergraduate,Snapchat,4.7,2.4,Laptop/PC,8.4,3,True,Frequently,5.0,93,3.81,Beneficial
STU_2024028,18,Female,Undergraduate,Instagram,3.6,1.8,Smartphone,7.5,3,False,Rarely,12.0,94,3.35,Beneficial
STU_2024029,18,Male,Undergraduate,YouTube,3.8,1.4,Smartphone,7.1,2,True,Rarely,14.0,91,3.52,Beneficial
STU_2024030,18,Male,Undergraduate,YouTube,3.6,2.9,Smartphone,6.7,3,True,Rarely,4.0,89,3.76,Beneficial
STU_2024031,20,Male,Undergraduate,X (Twitter),8.3,1.8,Smartphone,5.6,1,True,Rarely,22.0,64,3.35,Neutral
STU_2024032,17,Female,High School,Reddit,3.4,0.7,Smartphone,6.6,2,True,Rarely,4.0,92,3.83,Beneficial
STU_2024033,18,Female,Undergraduate,YouTube,1.1,1.4,Smartphone,7.3,3,False,Rarely,4.0,95,3.73,Beneficial
STU_2024034,21,Female,Undergraduate,LinkedIn,4.7,1.1,Smartphone,6.8,3,False,Sometimes,13.0,84,3.41,Beneficial
STU_2024035,18,Male,Undergraduate,YouTube,4.8,1.4,Smartphone,6.4,2,False,Rarely,12.0,75,3.69,Beneficial
STU_2024036,20,Male,Undergraduate,YouTube,2.0,1.5,Smartphone,7.5,5,False,Sometimes,9.0,92,4.0,Beneficial
STU_2024037,20,Male,Undergraduate,TikTok,7.1,1.4,Smartphone,6.2,2,True,Rarely,17.0,65,3.39,Beneficial
STU_2024038,18,Female,Undergraduate,TikTok,8.0,1.5,Smartphone,5.5,1,True,Sometimes,21.0,66,2.59,Neutral
STU_2024039,17,Male,High School,TikTok,3.3,1.7,Laptop/PC,6.0,1,False,Frequently,15.0,87,,Beneficial
STU_2024040,18,Male,Undergraduate,TikTok,5.8,0.8,Laptop/PC,5.7,2,True,Rarely,14.0,79,3.34,Beneficial
STU_2024041,16,Female,High School,TikTok,4.3,1.0,Smartphone,6.8,4,False,Sometimes,17.0,81,3.62,Beneficial
STU_2024042,19,Male,Undergraduate,YouTube,3.9,1.4,Smartphone,6.9,2,False,Frequently,7.0,90,3.44,Beneficial
STU_2024043,20,Male,Undergraduate,Instagram,8.3,2.2,Smartphone,6.3,1,True,Sometimes,13.0,76,3.21,Beneficial
STU_2024044,21,Female,Undergraduate,Instagram,7.6,1.6,Smartphone,5.9,1,True,Rarely,25.0,70,,Neutral
STU_2024045,17,Male,High School,TikTok,4.3,2.7,Smartphone,5.4,2,False,Sometimes,17.0,80,3.45,Beneficial
STU_2024046,19,Female,Undergraduate,YouTube,4.0,1.7,Smartphone,6.5,2,True,Always,13.0,78,3.28,Beneficial
STU_2024047,21,Male,Undergraduate,Reddit,3.5,2.6,Smartphone,6.6,3,True,Always,10.0,94,4.0,Beneficial
STU_2024048,17,Female,High School,Instagram,4.1,1.6,Smartphone,5.8,2,True,Frequently,8.0,86,3.11,Beneficial
STU_2024049,21,Female,Undergraduate,TikTok,5.9,2.9,Smartphone,6.5,2,False,Sometimes,10.0,69,2.89,Beneficial
STU_2024050,15,Female,High School,TikTok,8.6,1.0,Smartphone,6.4,1,True,Rarely,11.0,66,3.38,Beneficial
STU_2024051,19,Prefer not to say,High School,X (Twitter),2.9,1.6,Smartphone,6.7,2,True,Always,7.0,95,3.57,Beneficial
STU_2024052,19,Female,Undergraduate,YouTube,5.9,1.4,Smartphone,6.2,2,True,Sometimes,14.0,64,3.05,Beneficial
STU_2024053,22,Male,Postgraduate,YouTube,4.9,2.6,Laptop/PC,7.8,3,False,Sometimes,9.0,76,3.9,Beneficial
STU_2024054,17,Female,High School,Instagram,3.9,1.0,Smartphone,7.2,4,False,Always,20.0,81,3.56,Beneficial
STU_2024055,16,Female,High School,LinkedIn,6.9,1.8,Smartphone,6.7,1,True,Frequently,16.0,78,3.42,Beneficial
STU_2024056,21,Female,Undergraduate,TikTok,4.0,1.0,Smartphone,6.6,2,False,Sometimes,15.0,79,3.39,Beneficial
STU_2024057,21,Female,Undergraduate,TikTok,3.8,2.4,Smartphone,6.7,3,False,Sometimes,11.0,92,3.48,Beneficial
STU_2024058,17,Male,High School,Snapchat,2.7,2.0,Smartphone,8.7,4,True,Always,8.0,98,3.59,Beneficial
STU_2024059,26,Female,Undergraduate,Instagram,3.1,2.4,Smartphone,8.4,4,True,Sometimes,5.0,90,4.0,Beneficial
STU_2024060,18,Male,Undergraduate,TikTok,4.1,2.2,Laptop/PC,6.4,1,False,Always,9.0,86,3.95,Beneficial
STU_2024061,18,Male,Undergraduate,Snapchat,5.4,2.1,Smartphone,7.8,4,True,Always,13.0,87,3.74,Beneficial
STU_2024062,21,Male,Undergraduate,Reddit,8.0,2.3,Smartphone,5.7,2,True,Sometimes,18.0,68,3.19,Beneficial
STU_2024063,21,Female,Undergraduate,YouTube,7.6,4.5,Smartphone,6.7,2,True,Sometimes,17.0,73,3.34,Beneficial
STU_2024064,19,Male,Undergraduate,Snapchat,2.8,2.5,Smartphone,6.6,2,True,Always,10.0,71,3.41,Beneficial
STU_2024065,16,Female,High School,Instagram,3.0,2.3,Smartphone,7.6,4,False,Frequently,16.0,86,3.5,Beneficial
STU_2024066,19,Female,Undergraduate,X (Twitter),4.2,2.7,Smartphone,7.9,4,False,Always,6.0,83,3.6,Beneficial
STU_2024067,19,Female,Undergraduate,TikTok,2.5,1.9,Smartphone,6.9,3,True,Frequently,8.0,83,3.79,Beneficial
STU_2024068,20,Female,Undergraduate,YouTube,4.6,2.1,Smartphone,5.2,2,True,Frequently,17.0,69,3.71,Beneficial
STU_2024069,18,Male,Undergraduate,YouTube,4.1,1.1,Smartphone,7.5,2,True,Sometimes,6.0,88,3.66,Beneficial
STU_2024070,19,Female,Undergraduate,Instagram,4.4,1.1,Smartphone,7.1,1,False,Sometimes,20.0,91,3.56,Beneficial
STU_2024071,21,Female,Undergraduate,Snapchat,10.2,1.6,Smartphone,6.1,1,True,Sometimes,18.0,62,2.7,Neutral
STU_2024072,18,Female,Undergraduate,Instagram,3.0,1.8,Smartphone,7.4,4,False,Always,5.0,74,3.6,Beneficial
STU_2024073,19,Male,Undergraduate,Snapchat,6.9,3.4,Smartphone,6.0,2,True,Sometimes,23.0,79,3.2,Beneficial
STU_2024074,18,Male,Undergraduate,LinkedIn,4.0,1.6,Smartphone,7.1,3,False,Sometimes,8.0,80,3.0,Beneficial
STU_2024075,19,Female,Undergraduate,Reddit,8.3,0.9,Smartphone,7.2,1,True,Sometimes,15.0,72,3.53,Beneficial
STU_2024076,17,Female,High School,YouTube,6.1,2.4,Smartphone,6.0,2,True,Rarely,11.0,70,3.48,Beneficial
STU_2024077,19,Male,Undergraduate,Instagram,4.8,0.8,Smartphone,7.8,4,False,Always,14.0,84,3.39,Beneficial
STU_2024078,21,Male,Undergraduate,YouTube,3.6,1.3,Smartphone,7.2,2,True,Sometimes,15.0,87,3.67,Beneficial
STU_2024079,20,Prefer not to say,Undergraduate,Snapchat,6.2,2.2,Smartphone,6.8,2,True,Rarely,13.0,82,3.41,Beneficial
STU_2024080,18,Female,Undergraduate,TikTok,8.5,1.8,Smartphone,5.5,1,True,Sometimes,24.0,67,2.79,Neutral
STU_2024081,18,Female,Undergraduate,TikTok,4.5,3.1,Smartphone,8.0,3,False,Always,10.0,91,3.69,Beneficial
STU_2024082,20,Male,Undergraduate,TikTok,3.3,1.7,Smartphone,9.7,5,False,Frequently,11.0,89,3.69,Beneficial
STU_2024083,17,Female,High School,Snapchat,7.6,2.9,Smartphone,6.4,2,False,Sometimes,24.0,70,3.33,Neutral
STU_2024084,19,Female,Undergraduate,X (Twitter),3.2,2.2,Smartphone,6.1,3,True,Sometimes,16.0,75,3.38,Beneficial
STU_2024085,18,Male,Undergraduate,Instagram,3.1,1.1,Smartphone,8.5,4,True,Sometimes,10.0,88,3.56,Beneficial
STU_2024086,16,Male,High School,Instagram,3.2,1.8,Laptop/PC,8.8,5,False,Sometimes,2.0,95,3.85,Beneficial
STU_2024087,18,Female,Undergraduate,YouTube,6.8,2.1,Smartphone,6.6,2,True,Sometimes,26.0,66,3.03,Neutral
STU_2024088,20,Male,Undergraduate,TikTok,3.1,2.7,Tablet,7.1,3,False,Rarely,9.0,89,3.76,Beneficial
STU_2024089,18,Non-Binary,Undergraduate,Reddit,14.0,1.8,Smartphone,4.7,1,True,Frequently,35.0,50,2.0,Negative
STU_2024090,18,Female,Undergraduate,LinkedIn,2.6,2.4,Smartphone,7.3,3,True,Frequently,6.0,89,3.75,Beneficial
STU_2024091,19,Male,Undergraduate,Instagram,5.2,2.4,Smartphone,5.6,1,True,Sometimes,8.0,89,3.37,Beneficial
STU_2024092,20,Male,Undergraduate,TikTok,3.0,3.5,Smartphone,6.4,3,True,Frequently,8.0,92,3.44,Beneficial
STU_2024093,18,Female,Undergraduate,TikTok,10.8,1.5,Tablet,5.8,2,False,Never,25.0,50,2.32,Negative
STU_2024094,17,Female,High School,Instagram,8.8,2.0,Smartphone,4.3,1,True,Rarely,19.0,68,2.7,Neutral
STU_2024095,20,Male,Undergraduate,Instagram,5.8,2.5,Smartphone,4.8,1,False,Always,9.0,74,3.45,Beneficial
STU_2024096,21,Female,Undergraduate,Instagram,5.5,1.5,Smartphone,6.5,2,True,Frequently,20.0,77,3.11,Beneficial
STU_2024097,19,Female,Undergraduate,Instagram,3.0,1.4,Laptop/PC,9.6,4,False,Frequently,4.0,98,4.0,Beneficial
STU_2024098,19,Female,Undergraduate,X (Twitter),3.5,0.6,Smartphone,8.7,4,True,Sometimes,19.0,80,3.65,Beneficial
STU_2024099,17,Male,High School,TikTok,6.6,1.4,Smartphone,7.3,4,True,Sometimes,10.0,85,3.22,Beneficial
STU_2024100,19,Male,Undergraduate,Snapchat,6.4,2.7,Laptop/PC,5.4,1,True,Sometimes,16.0,67,,Beneficial
STU_2024101,21,Male,Undergraduate,YouTube,6.2,1.6,Laptop/PC,6.9,3,True,Sometimes,13.0,76,3.99,Beneficial
STU_2024102,21,Non-Binary,Undergraduate,X (Twitter),3.1,1.6,Smartphone,7.7,3,False,Frequently,4.0,98,3.67,Beneficial
STU_2024103,23,Male,Postgraduate,LinkedIn,4.7,1.0,Smartphone,7.4,3,True,Frequently,14.0,84,3.82,Beneficial
STU_2024104,20,Male,Undergraduate,YouTube,3.2,3.0,Smartphone,6.4,2,False,Rarely,11.0,74,,Beneficial
STU_2024105,17,Female,High School,Reddit,12.3,1.6,Tablet,4.8,1,True,Frequently,28.0,56,2.88,Neutral
STU_2024106,19,Non-Binary,Undergraduate,Snapchat,4.4,1.9,Smartphone,8.3,3,False,Frequently,11.0,97,3.58,Beneficial
STU_2024107,18,Female,Undergraduate,Instagram,5.7,0.0,Laptop/PC,6.0,3,True,Always,19.0,72,3.42,Beneficial
STU_2024108,19,Male,Undergraduate,Snapchat,3.2,0.3,Smartphone,7.4,4,False,Sometimes,11.0,78,3.74,Beneficial
STU_2024109,17,Male,High School,TikTok,2.0,2.1,Smartphone,7.7,3,False,Frequently,10.0,93,4.0,Beneficial
STU_2024110,18,Female,Undergraduate,YouTube,6.3,2.4,Smartphone,3.7,1,True,Sometimes,20.0,65,3.52,Beneficial
STU_2024111,20,Female,Undergraduate,YouTube,6.9,2.5,Smartphone,7.2,1,True,Sometimes,18.0,79,3.22,Beneficial
STU_2024112,22,Female,Postgraduate,X (Twitter),4.3,1.5,Smartphone,7.1,3,True,Sometimes,11.0,86,3.45,Beneficial
STU_2024113,16,Female,High School,Instagram,6.6,2.2,Smartphone,6.8,2,False,Frequently,13.0,85,3.48,Beneficial
STU_2024114,22,Male,Undergraduate,Instagram,5.3,2.0,Smartphone,5.8,2,True,Frequently,13.0,76,3.38,Beneficial
STU_2024115,20,Female,Undergraduate,Instagram,5.9,2.8,Smartphone,7.1,3,True,Rarely,13.0,83,3.31,Beneficial
STU_2024116,18,Male,High School,TikTok,11.6,0.9,Smartphone,5.1,1,True,Frequently,20.0,68,2.85,Neutral
STU_2024117,18,Female,High School,TikTok,6.6,0.2,Smartphone,6.2,1,True,Frequently,13.0,80,3.82,Beneficial
STU_2024118,18,Female,Undergraduate,YouTube,7.0,1.6,Smartphone,7.2,3,True,Always,19.0,83,3.21,Beneficial
STU_2024119,17,Male,High School,TikTok,2.8,2.3,Smartphone,8.5,4,False,Rarely,11.0,97,3.99,Beneficial
STU_2024120,21,Non-Binary,Undergraduate,Instagram,4.2,2.7,Smartphone,6.6,3,True,Sometimes,17.0,76,3.44,Beneficial
STU_2024121,20,Female,Undergraduate,Instagram,4.5,2.1,Smartphone,7.9,2,False,Sometimes,11.0,91,3.62,Beneficial
STU_2024122,20,Male,Undergraduate,Snapchat,4.1,1.6,Smartphone,6.9,3,True,Always,14.0,90,3.79,Beneficial
STU_2024123,21,Female,Undergraduate,Instagram,4.4,1.2,Smartphone,6.1,2,False,Rarely,10.0,87,3.44,Beneficial
STU_2024124,19,Male,Undergraduate,Reddit,4.6,2.4,Laptop/PC,6.9,3,False,Sometimes,16.0,81,3.5,Beneficial
STU_2024125,18,Male,High School,YouTube,3.2,1.2,Smartphone,6.9,2,True,Sometimes,12.0,88,3.88,Beneficial
STU_2024126,17,Female,High School,Instagram,4.2,1.2,Smartphone,7.1,3,False,Never,19.0,74,3.42,Beneficial
STU_2024127,22,Male,Postgraduate,Instagram,6.1,2.1,Smartphone,7.5,2,False,Frequently,10.0,78,3.31,Beneficial
STU_2024128,18,Female,Undergraduate,Instagram,5.5,2.3,Smartphone,8.1,3,True,Frequently,12.0,89,4.0,Beneficial
STU_2024129,18,Female,Undergraduate,TikTok,4.5,0.7,Smartphone,5.1,1,True,Frequently,21.0,69,3.4,Neutral
STU_2024130,18,Female,Undergraduate,X (Twitter),5.7,2.6,Tablet,7.0,3,True,Sometimes,15.0,84,3.58,Beneficial
STU_2024131,22,Female,Postgraduate,TikTok,1.2,1.1,Smartphone,8.9,3,True,Sometimes,5.0,96,3.75,Beneficial
STU_2024132,17,Female,High School,Instagram,5.8,1.1,Smartphone,5.2,1,True,Frequently,21.0,70,3.08,Neutral
STU_2024133,17,Female,High School,Instagram,1.7,1.3,Smartphone,7.3,4,False,Frequently,7.0,78,4.0,Beneficial
STU_2024134,18,Female,Undergraduate,Instagram,9.0,3.0,Smartphone,5.4,1,True,Always,25.0,57,2.72,Neutral
STU_2024135,21,Female,Undergraduate,Reddit,6.1,1.7,Smartphone,6.3,2,True,Rarely,12.0,72,2.84,Beneficial
STU_2024136,21,Male,Undergraduate,Instagram,4.1,1.8,Smartphone,7.2,2,True,Never,13.0,98,3.9,Beneficial
STU_2024137,17,Female,High School,YouTube,5.7,1.7,Smartphone,6.4,2,True,Rarely,18.0,80,3.07,Beneficial
STU_2024138,19,Female,Undergraduate,Instagram,4.2,1.6,Smartphone,7.6,3,False,Always,3.0,98,3.78,Beneficial
STU_2024139,17,Male,High School,Instagram,6.5,1.4,Smartphone,4.8,1,True,Always,14.0,62,3.3,Beneficial
STU_2024140,21,Female,Undergraduate,Instagram,2.1,2.1,Laptop/PC,7.2,3,False,Sometimes,11.0,90,3.69,Beneficial
STU_2024141,18,Female,Undergraduate,Snapchat,7.2,2.0,Smartphone,6.3,3,False,Rarely,20.0,71,3.24,Beneficial
STU_2024142,20,Male,Undergraduate,X (Twitter),7.3,1.8,Smartphone,5.8,2,True,Always,17.0,75,3.0,Beneficial
STU_2024143,19,Female,Undergraduate,YouTube,2.8,1.3,Smartphone,7.0,2,False,Frequently,4.0,84,3.49,Beneficial
STU_2024144,19,Male,Undergraduate,Reddit,8.0,2.9,Smartphone,5.1,2,False,Sometimes,28.0,68,3.64,Neutral
STU_2024145,22,Male,Postgraduate,Instagram,4.9,0.2,Smartphone,8.2,3,False,Always,14.0,89,3.42,Beneficial
STU_2024146,17,Male,High School,YouTube,6.3,0.8,Smartphone,7.4,2,True,Always,20.0,83,3.12,Beneficial
STU_2024147,18,Prefer not to say,Undergraduate,Instagram,1.8,1.9,Smartphone,7.3,3,False,Sometimes,6.0,97,3.92,Beneficial
STU_2024148,19,Female,Undergraduate,YouTube,10.3,1.7,Smartphone,5.7,2,True,Rarely,23.0,53,3.11,Neutral
STU_2024149,18,Female,Undergraduate,Instagram,4.9,2.9,Smartphone,8.4,3,False,Sometimes,12.0,86,4.0,Beneficial
STU_2024150,17,Male,High School,Instagram,6.2,2.7,Smartphone,6.3,2,True,Always,17.0,70,,Beneficial
STU_2024151,21,Male,Undergraduate,Reddit,3.7,0.7,Smartphone,6.8,3,True,Sometimes,7.0,70,3.18,Beneficial
STU_2024152,18,Female,Undergraduate,TikTok,5.7,0.3,Smartphone,6.7,3,True,Frequently,12.0,76,3.5,Beneficial
STU_2024153,19,Male,Undergraduate,TikTok,3.8,2.8,Laptop/PC,7.3,3,False,Rarely,9.0,80,3.47,Beneficial
STU_2024154,17,Male,High School,YouTube,4.3,2.1,Smartphone,7.8,3,True,Sometimes,8.0,86,3.97,Beneficial
STU_2024155,15,Female,High School,TikTok,4.7,1.6,Smartphone,8.5,3,True,Rarely,7.0,94,4.0,Beneficial
STU_2024156,18,Female,Undergraduate,Instagram,5.5,2.0,Smartphone,6.1,2,False,Sometimes,19.0,79,3.36,Beneficial
STU_2024157,16,Female,High School,TikTok,10.0,1.5,Smartphone,5.5,1,True,Always,23.0,63,3.46,Neutral
STU_2024158,19,Male,High School,TikTok,4.3,2.3,Smartphone,5.7,2,True,Rarely,15.0,74,3.48,Beneficial
STU_2024159,18,Female,Undergraduate,YouTube,2.9,1.8,Smartphone,6.6,3,True,Always,13.0,88,3.8,Beneficial
STU_2024160,18,Male,Undergraduate,Snapchat,4.5,1.9,Smartphone,7.1,3,False,Rarely,14.0,74,3.77,Beneficial
STU_2024161,20,Female,Undergraduate,Instagram,4.3,1.9,Smartphone,8.0,4,False,Sometimes,6.0,98,3.8,Beneficial
STU_2024162,15,Male,High School,TikTok,4.5,2.6,Smartphone,7.6,4,True,Sometimes,14.0,88,3.61,Beneficial
STU_2024163,19,Female,Undergraduate,Instagram,4.2,2.3,Smartphone,7.2,3,False,Frequently,10.0,80,3.41,Beneficial
STU_2024164,19,Female,High School,X (Twitter),2.7,2.5,Smartphone,5.8,2,True,Never,10.0,82,3.3,Beneficial
STU_2024165,20,Male,Undergraduate,TikTok,4.6,1.0,Smartphone,7.8,4,True,Always,15.0,92,3.67,Beneficial
STU_2024166,19,Prefer not to say,Undergraduate,TikTok,4.7,1.9,Smartphone,5.7,1,True,Never,9.0,86,3.45,Beneficial
STU_2024167,26,Non-Binary,Postgraduate,Instagram,4.7,1.0,Smartphone,7.0,3,False,Frequently,11.0,82,3.74,Beneficial
STU_2024168,19,Male,Undergraduate,TikTok,5.2,2.5,Laptop/PC,5.9,2,False,Always,16.0,85,3.68,Beneficial
STU_2024169,19,Female,Undergraduate,Instagram,6.0,1.5,Smartphone,6.0,3,True,Never,11.0,75,3.08,Beneficial
STU_2024170,18,Male,Undergraduate,Instagram,2.7,2.1,Laptop/PC,6.7,2,True,Sometimes,9.0,86,3.86,Beneficial
STU_2024171,17,Female,High School,Snapchat,9.2,2.3,Smartphone,5.4,1,True,Frequently,32.0,60,2.97,Neutral
STU_2024172,20,Female,Undergraduate,Instagram,7.4,2.4,Tablet,6.1,1,True,Sometimes,8.0,78,3.3,Beneficial
STU_2024173,21,Male,Undergraduate,Instagram,7.8,2.4,Smartphone,5.7,2,True,Always,22.0,65,3.22,Neutral
STU_2024174,18,Female,Undergraduate,YouTube,13.6,1.7,Smartphone,4.5,1,False,Sometimes,35.0,41,2.51,Negative
STU_2024175,22,Female,Postgraduate,TikTok,7.9,2.1,Smartphone,5.5,1,True,Sometimes,20.0,67,3.45,Beneficial
STU_2024176,19,Male,High School,Instagram,4.8,1.6,Smartphone,6.3,3,False,Always,18.0,91,3.55,Beneficial
STU_2024177,20,Female,Undergraduate,Snapchat,8.5,0.5,Smartphone,6.1,1,True,Sometimes,20.0,64,2.54,Neutral
STU_2024178,19,Female,Undergraduate,TikTok,7.3,3.3,Smartphone,4.5,1,True,Sometimes,17.0,69,3.39,Beneficial
STU_2024179,21,Male,Undergraduate,Instagram,6.6,1.4,Smartphone,6.2,2,True,Always,23.0,68,2.89,Neutral
STU_2024180,21,Female,Undergraduate,Instagram,5.7,0.0,Smartphone,5.3,1,False,Always,25.0,72,3.26,Neutral
STU_2024181,21,Prefer not to say,Undergraduate,TikTok,5.7,1.7,Smartphone,6.4,2,True,Sometimes,17.0,68,3.71,Beneficial
STU_2024182,16,Non-Binary,High School,TikTok,2.2,2.4,Smartphone,7.9,3,True,Rarely,5.0,88,4.0,Beneficial
STU_2024183,20,Female,Undergraduate,Snapchat,7.9,2.5,Smartphone,6.4,2,True,Rarely,24.0,76,3.24,Neutral
STU_2024184,25,Male,Postgraduate,Instagram,4.9,2.9,Smartphone,5.7,3,True,Sometimes,0.0,78,4.0,Beneficial
STU_2024185,17,Male,High School,YouTube,5.8,1.1,Smartphone,5.2,2,True,Frequently,23.0,71,3.01,Neutral
STU_2024186,17,Male,High School,Instagram,4.4,1.9,Smartphone,8.2,3,False,Frequently,11.0,98,3.58,Beneficial
STU_2024187,16,Female,High School,TikTok,14.0,2.3,Smartphone,5.2,1,True,Frequently,29.0,42,2.19,Negative
STU_2024188,18,Female,Undergraduate,YouTube,7.9,2.2,Smartphone,5.6,1,True,Rarely,16.0,58,2.98,Neutral
STU_2024189,20,Female,Undergraduate,Instagram,3.8,2.3,Smartphone,8.3,3,False,Frequently,7.0,91,4.0,Beneficial
STU_2024190,19,Female,Undergraduate,Instagram,3.3,0.6,Laptop/PC,6.2,3,False,Always,17.0,80,3.94,Beneficial
STU_2024191,20,Female,Undergraduate,TikTok,7.4,1.6,Laptop/PC,5.1,1,True,Sometimes,19.0,87,3.42,Beneficial
STU_2024192,17,Male,High School,YouTube,4.4,2.3,Smartphone,8.1,4,True,Frequently,17.0,89,3.18,Beneficial
STU_2024193,19,Male,Undergraduate,Instagram,3.6,0.3,Smartphone,8.2,3,False,Sometimes,11.0,93,3.31,Beneficial
STU_2024194,22,Male,Postgraduate,LinkedIn,7.0,2.6,Laptop/PC,4.4,1,False,Never,19.0,57,3.32,Neutral
STU_2024195,20,Male,Undergraduate,TikTok,2.0,2.1,Smartphone,7.6,3,True,Always,11.0,87,3.45,Beneficial
STU_2024196,18,Male,Undergraduate,Instagram,2.4,3.2,Smartphone,6.4,2,False,Sometimes,14.0,83,3.41,Beneficial
STU_2024197,18,Female,Undergraduate,Instagram,5.1,2.8,Smartphone,7.8,3,True,Rarely,15.0,95,2.89,Beneficial
STU_2024198,17,Male,High School,TikTok,4.1,2.9,Laptop/PC,6.0,2,False,Sometimes,4.0,90,3.46,Beneficial
STU_2024199,21,Male,Undergraduate,TikTok,3.9,1.0,Smartphone,8.2,4,False,Frequently,8.0,93,3.46,Beneficial
STU_2024200,18,Female,Undergraduate,TikTok,6.9,1.3,Smartphone,5.5,1,True,Frequently,21.0,72,2.63,Neutral
STU_2024201,20,Female,Undergraduate,Instagram,2.8,1.1,Smartphone,7.0,2,False,Sometimes,3.0,97,3.84,Beneficial
STU_2024202,17,Male,High School,YouTube,4.4,2.3,Smartphone,5.8,1,False,Never,12.0,77,3.62,Beneficial
STU_2024203,15,Female,High School,YouTube,14.0,1.9,Smartphone,4.8,1,True,Frequently,24.0,46,3.14,Neutral
STU_2024204,21,Male,Undergraduate,TikTok,4.1,2.0,Smartphone,7.1,2,False,Sometimes,4.0,77,3.57,Beneficial
STU_2024205,21,Male,Undergraduate,YouTube,5.4,1.3,Smartphone,7.4,3,False,Rarely,15.0,90,3.37,Beneficial
STU_2024206,19,Female,Undergraduate,TikTok,3.5,1.7,Smartphone,8.5,4,True,Frequently,7.0,92,3.71,Beneficial
STU_2024207,16,Male,High School,TikTok,9.4,2.6,Smartphone,5.4,1,True,Frequently,18.0,74,3.04,Beneficial
STU_2024208,19,Male,Undergraduate,TikTok,1.4,1.4,Smartphone,7.9,3,False,Always,11.0,89,4.0,Beneficial
STU_2024209,18,Male,Undergraduate,Snapchat,5.3,2.5,Smartphone,7.4,3,True,Sometimes,13.0,83,3.77,Beneficial
STU_2024210,18,Female,Undergraduate,Snapchat,6.2,2.7,Smartphone,6.6,2,True,Sometimes,4.0,80,3.23,Beneficial
STU_2024211,20,Female,Undergraduate,Instagram,8.9,1.3,Smartphone,5.3,1,True,Frequently,22.0,63,2.96,Neutral
STU_2024212,22,Female,Postgraduate,TikTok,6.7,1.9,Smartphone,6.0,1,True,Sometimes,18.0,66,,Beneficial
STU_2024213,18,Female,Undergraduate,TikTok,4.2,1.1,Smartphone,8.6,4,True,Frequently,6.0,89,3.52,Beneficial
STU_2024214,19,Male,High School,TikTok,8.8,1.9,Smartphone,6.5,2,True,Frequently,20.0,69,3.36,Beneficial
STU_2024215,26,Male,Undergraduate,Reddit,6.6,1.0,Smartphone,5.7,3,True,Sometimes,24.0,61,2.92,Neutral
STU_2024216,20,Female,Undergraduate,LinkedIn,11.8,1.7,Smartphone,4.7,1,True,Rarely,24.0,58,2.51,Neutral
STU_2024217,21,Male,Undergraduate,TikTok,2.4,2.6,Smartphone,7.7,4,False,Frequently,4.0,92,4.0,Beneficial
STU_2024218,22,Male,Postgraduate,TikTok,2.2,1.9,Laptop/PC,7.2,3,True,Never,8.0,93,3.56,Beneficial
STU_2024219,18,Male,Undergraduate,Instagram,3.1,1.0,Smartphone,7.1,4,False,Rarely,13.0,89,3.34,Beneficial
STU_2024220,16,Female,High School,Snapchat,2.7,0.0,Smartphone,7.9,2,True,Frequently,4.0,98,3.65,Beneficial
STU_2024221,20,Male,Undergraduate,Snapchat,3.7,1.3,Smartphone,7.0,3,False,Rarely,9.0,86,,Beneficial
STU_2024222,20,Female,Undergraduate,Snapchat,4.2,2.3,Smartphone,6.9,1,False,Always,17.0,86,3.29,Beneficial
STU_2024223,18,Female,Undergraduate,TikTok,4.9,0.7,Smartphone,7.6,3,False,Never,15.0,92,3.49,Beneficial
STU_2024224,17,Male,High School,X (Twitter),2.1,1.4,Smartphone,7.1,3,False,Always,9.0,98,3.53,Beneficial
STU_2024225,21,Female,Undergraduate,TikTok,8.6,1.5,Smartphone,4.8,1,False,Sometimes,18.0,53,3.25,Neutral
STU_2024226,18,Male,Undergraduate,YouTube,2.5,1.0,Smartphone,7.7,3,False,Always,5.0,90,3.41,Beneficial
STU_2024227,17,Male,High School,Snapchat,6.6,1.4,Laptop/PC,6.8,3,True,Rarely,11.0,78,3.34,Beneficial
STU_2024228,16,Male,High School,TikTok,6.5,1.9,Smartphone,7.5,2,True,Rarely,11.0,77,3.26,Beneficial
STU_2024229,17,Male,High School,Reddit,2.7,0.4,Smartphone,7.8,3,False,Sometimes,7.0,92,,Beneficial
STU_2024230,20,Female,Undergraduate,TikTok,1.1,2.7,Smartphone,7.6,4,False,Sometimes,4.0,90,4.0,Beneficial
STU_2024231,22,Male,Postgraduate,TikTok,4.2,2.0,Smartphone,8.0,3,False,Sometimes,14.0,86,3.95,Beneficial
STU_2024232,16,Female,High School,Instagram,5.1,1.9,Smartphone,6.3,2,True,Frequently,13.0,88,3.71,Beneficial
STU_2024233,18,Female,Undergraduate,Snapchat,2.2,2.3,Smartphone,7.1,2,False,Frequently,9.0,79,3.8,Beneficial
STU_2024234,21,Female,Undergraduate,TikTok,5.5,3.7,Smartphone,7.0,3,True,Frequently,14.0,80,3.48,Beneficial
STU_2024235,18,Female,Undergraduate,TikTok,4.6,1.3,Laptop/PC,7.1,2,False,Rarely,18.0,63,3.34,Neutral
STU_2024236,20,Male,Undergraduate,Snapchat,2.8,1.5,Tablet,7.5,4,False,Never,8.0,80,4.0,Beneficial
STU_2024237,18,Male,Undergraduate,Snapchat,4.1,1.7,Smartphone,6.7,2,True,Sometimes,14.0,85,3.2,Beneficial
STU_2024238,18,Male,Undergraduate,Instagram,4.4,2.6,Tablet,7.1,2,False,Sometimes,14.0,82,3.32,Beneficial
STU_2024239,20,Male,Undergraduate,X (Twitter),6.4,2.4,Smartphone,5.9,3,True,Frequently,15.0,75,3.14,Beneficial
STU_2024240,19,Female,Undergraduate,TikTok,4.9,2.5,Smartphone,6.9,3,True,Sometimes,16.0,76,3.18,Beneficial
STU_2024241,18,Male,High School,Instagram,6.2,1.1,Smartphone,6.4,3,True,Frequently,17.0,78,2.96,Beneficial
STU_2024242,18,Female,Undergraduate,TikTok,10.0,1.4,Smartphone,5.4,1,True,Frequently,25.0,56,3.31,Neutral
STU_2024243,18,Female,Undergraduate,LinkedIn,7.2,1.2,Smartphone,6.9,3,False,Sometimes,20.0,62,3.3,Neutral
STU_2024244,19,Male,Undergraduate,Instagram,3.5,1.6,Laptop/PC,6.8,3,True,Sometimes,4.0,86,4.0,Beneficial
STU_2024245,19,Female,Undergraduate,Instagram,8.1,1.9,Smartphone,5.1,2,True,Frequently,20.0,59,3.25,Neutral
STU_2024246,22,Male,Undergraduate,TikTok,9.7,2.3,Smartphone,6.7,3,True,Sometimes,23.0,66,3.09,Neutral
STU_2024247,20,Female,High School,TikTok,4.3,2.5,Smartphone,6.3,3,True,Sometimes,12.0,73,3.71,Beneficial
STU_2024248,21,Male,Undergraduate,YouTube,4.0,2.5,Smartphone,6.0,3,False,Never,9.0,79,3.69,Beneficial
STU_2024249,17,Male,High School,Instagram,2.8,1.9,Smartphone,7.8,2,True,Frequently,12.0,90,3.76,Beneficial
STU_2024250,15,Male,High School,TikTok,5.9,1.8,Smartphone,5.7,3,True,Never,14.0,80,2.91,Beneficial
STU_2024251,16,Female,High School,Instagram,2.4,2.1,Smartphone,6.2,2,False,Frequently,12.0,91,3.5,Beneficial
STU_2024252,21,Male,Undergraduate,TikTok,4.0,2.6,Smartphone,8.1,3,False,Frequently,15.0,90,4.0,Beneficial
STU_2024253,18,Female,Undergraduate,YouTube,13.4,2.0,Smartphone,4.0,1,False,Rarely,25.0,48,2.5,Negative
STU_2024254,18,Male,Undergraduate,Instagram,5.2,1.6,Smartphone,6.1,2,True,Sometimes,13.0,80,3.2,Beneficial
STU_2024255,19,Non-Binary,Undergraduate,Instagram,5.5,1.6,Smartphone,5.7,2,False,Frequently,17.0,73,3.76,Beneficial
STU_2024256,17,Female,High School,Snapchat,5.4,1.2,Smartphone,7.5,3,True,Frequently,12.0,71,4.0,Beneficial
STU_2024257,19,Non-Binary,Undergraduate,YouTube,2.1,2.1,Smartphone,7.3,3,False,Frequently,5.0,98,4.0,Beneficial
STU_2024258,18,Female,Undergraduate,X (Twitter),6.4,2.9,Smartphone,5.9,1,True,Frequently,17.0,68,3.26,Beneficial
STU_2024259,19,Female,Undergraduate,Instagram,8.4,1.1,Smartphone,5.9,1,True,Frequently,26.0,65,3.46,Neutral
STU_2024260,17,Male,High School,Snapchat,4.6,3.1,Smartphone,5.9,3,True,Sometimes,14.0,72,3.68,Beneficial
STU_2024261,21,Female,Undergraduate,TikTok,1.9,1.6,Smartphone,7.0,3,False,Always,1.0,98,3.88,Beneficial
STU_2024262,17,Male,High School,Instagram,4.9,1.2,Smartphone,6.6,3,True,Sometimes,12.0,81,3.06,Beneficial
STU_2024263,18,Male,Undergraduate,YouTube,4.2,2.8,Smartphone,6.8,2,True,Sometimes,6.0,88,3.3,Beneficial
STU_2024264,18,Female,Undergraduate,TikTok,2.3,1.3,Smartphone,8.1,3,False,Always,8.0,98,3.73,Beneficial
STU_2024265,17,Female,High School,Instagram,5.7,1.1,Smartphone,5.4,2,True,Frequently,21.0,81,3.42,Beneficial
STU_2024266,19,Male,Undergraduate,Instagram,3.3,1.2,Smartphone,7.8,3,False,Sometimes,11.0,98,3.64,Beneficial
STU_2024267,18,Female,Undergraduate,Instagram,6.6,1.0,Laptop/PC,6.4,2,True,Never,14.0,70,3.06,Beneficial
STU_2024268,22,Female,Postgraduate,Instagram,12.4,1.3,Smartphone,3.5,2,True,Never,33.0,44,2.59,Negative
STU_2024269,18,Male,Undergraduate,LinkedIn,3.8,1.2,Laptop/PC,6.7,2,False,Rarely,19.0,98,2.96,Beneficial
STU_2024270,18,Male,Undergraduate,TikTok,9.3,2.0,Smartphone,6.0,1,True,Frequently,24.0,67,2.87,Neutral
STU_2024271,18,Female,Undergraduate,TikTok,3.9,2.1,Smartphone,7.5,3,True,Never,14.0,85,3.11,Beneficial
STU_2024272,19,Female,Undergraduate,TikTok,5.8,2.9,Smartphone,7.1,2,True,Rarely,16.0,72,3.28,Beneficial
STU_2024273,16,Female,High School,TikTok,5.9,0.6,Tablet,5.8,3,True,Sometimes,13.0,78,3.63,Beneficial
STU_2024274,17,Female,High School,YouTube,4.7,2.6,Smartphone,6.7,3,False,Always,9.0,88,3.42,Beneficial
STU_2024275,18,Female,Undergraduate,YouTube,4.1,1.8,Smartphone,7.1,4,False,Rarely,6.0,92,3.34,Beneficial
STU_2024276,18,Female,Undergraduate,Instagram,7.6,2.8,Smartphone,6.3,2,True,Never,22.0,73,3.28,Neutral
STU_2024277,15,Female,High School,TikTok,2.7,2.4,Smartphone,8.1,4,True,Rarely,15.0,94,3.77,Beneficial
STU_2024278,16,Male,High School,Instagram,8.2,3.5,Smartphone,5.7,2,False,Sometimes,20.0,69,3.21,Neutral
STU_2024279,20,Female,Undergraduate,YouTube,7.2,1.1,Smartphone,6.3,2,True,Rarely,17.0,75,2.83,Beneficial
STU_2024280,17,Male,High School,TikTok,6.9,1.0,Smartphone,5.8,2,False,Sometimes,13.0,78,2.75,Beneficial
STU_2024281,18,Female,High School,X (Twitter),2.9,1.7,Smartphone,7.9,4,False,Always,2.0,89,3.19,Beneficial
STU_2024282,17,Female,High School,Instagram,2.6,1.9,Smartphone,8.9,4,False,Frequently,5.0,93,3.41,Beneficial
STU_2024283,17,Female,High School,YouTube,2.3,2.6,Smartphone,7.4,3,False,Always,1.0,88,3.52,Beneficial
STU_2024284,19,Male,Undergraduate,Instagram,4.4,2.8,Smartphone,8.4,3,False,Sometimes,0.0,85,3.83,Beneficial
STU_2024285,17,Male,High School,Instagram,5.7,2.0,Smartphone,6.5,2,True,Never,18.0,84,3.06,Beneficial
STU_2024286,20,Male,Undergraduate,TikTok,9.0,1.4,Tablet,5.4,1,True,Sometimes,23.0,70,3.05,Neutral
STU_2024287,16,Female,High School,YouTube,5.3,3.1,Smartphone,6.9,3,False,Sometimes,15.0,89,3.99,Beneficial
STU_2024288,19,Male,Undergraduate,Snapchat,9.1,2.6,Smartphone,5.9,1,True,Rarely,22.0,62,2.94,Neutral
STU_2024289,20,Male,Undergraduate,TikTok,3.6,2.1,Smartphone,7.5,4,False,Never,7.0,89,4.0,Beneficial
STU_2024290,19,Female,Undergraduate,Instagram,7.9,2.3,Smartphone,6.2,1,True,Frequently,26.0,54,3.31,Neutral
STU_2024291,18,Female,Undergraduate,TikTok,6.6,1.9,Smartphone,5.5,1,True,Always,11.0,73,3.37,Beneficial
STU_2024292,18,Male,Undergraduate,Instagram,2.8,2.3,Smartphone,7.7,4,False,Frequently,12.0,88,4.0,Beneficial
STU_2024293,16,Female,High School,Instagram,3.1,0.9,Smartphone,7.0,3,False,Sometimes,9.0,85,3.53,Beneficial
STU_2024294,19,Non-Binary,Undergraduate,Instagram,1.0,3.0,Smartphone,9.2,4,True,Frequently,0.0,98,4.0,Beneficial
STU_2024295,21,Male,Undergraduate,TikTok,4.9,2.6,Smartphone,5.5,2,True,Always,12.0,77,3.27,Beneficial
STU_2024296,15,Female,High School,Instagram,4.5,1.7,Smartphone,7.6,3,True,Never,9.0,87,3.05,Beneficial
STU_2024297,20,Female,High School,TikTok,4.8,0.9,Smartphone,5.9,1,True,Sometimes,16.0,75,3.69,Beneficial
STU_2024298,23,Male,Postgraduate,Instagram,5.5,1.8,Laptop/PC,8.1,4,True,Always,10.0,87,3.43,Beneficial
STU_2024299,20,Male,Undergraduate,TikTok,1.7,2.0,Smartphone,7.6,2,True,Sometimes,10.0,93,3.45,Beneficial
STU_2024300,17,Male,High School,Reddit,5.0,1.9,Smartphone,7.6,3,True,Always,15.0,84,3.49,Beneficial
STU_2024301,17,Male,High School,Reddit,6.8,1.8,Smartphone,6.7,2,True,Frequently,17.0,76,3.85,Beneficial
STU_2024302,17,Female,High School,YouTube,5.3,1.8,Smartphone,5.3,1,True,Rarely,12.0,71,3.57,Beneficial
STU_2024303,19,Male,Undergraduate,Snapchat,4.5,2.3,Smartphone,7.1,3,False,Sometimes,6.0,83,3.8,Beneficial
STU_2024304,21,Female,Undergraduate,Reddit,2.2,1.7,Smartphone,7.9,3,False,Rarely,1.0,89,3.78,Beneficial
STU_2024305,18,Female,Undergraduate,LinkedIn,5.8,2.5,Smartphone,7.2,4,False,Frequently,19.0,84,3.96,Beneficial
STU_2024306,16,Male,High School,TikTok,3.8,2.3,Smartphone,6.9,3,False,Always,7.0,82,3.26,Beneficial
STU_2024307,20,Male,Undergraduate,X (Twitter),8.0,2.5,Laptop/PC,4.7,2,True,Frequently,21.0,53,3.19,Neutral
STU_2024308,18,Male,Undergraduate,Instagram,6.6,1.7,Smartphone,5.6,2,True,Sometimes,9.0,79,2.89,Beneficial
STU_2024309,16,Non-Binary,High School,YouTube,4.3,1.5,Smartphone,7.0,2,False,Rarely,15.0,88,3.22,Beneficial
STU_2024310,19,Male,Undergraduate,TikTok,1.4,1.6,Smartphone,7.8,4,False,Sometimes,7.0,98,4.0,Beneficial
STU_2024311,19,Female,High School,Snapchat,2.9,0.4,Smartphone,7.6,2,True,Sometimes,2.0,96,4.0,Beneficial
STU_2024312,18,Prefer not to say,Undergraduate,Instagram,5.1,1.5,Smartphone,7.2,2,True,Always,6.0,86,3.31,Beneficial
STU_2024313,18,Male,Undergraduate,Instagram,6.9,1.1,Smartphone,5.3,1,True,Frequently,25.0,63,2.97,Neutral
STU_2024314,18,Female,Undergraduate,Instagram,4.8,2.1,Smartphone,6.2,3,False,Rarely,9.0,79,3.84,Beneficial
STU_2024315,17,Female,High School,YouTube,5.5,2.2,Smartphone,7.5,2,True,Never,13.0,77,3.31,Beneficial
STU_2024316,19,Female,Undergraduate,YouTube,5.3,1.3,Laptop/PC,6.7,3,False,Sometimes,23.0,61,2.86,Neutral
STU_2024317,20,Female,Undergraduate,TikTok,2.9,1.6,Smartphone,7.7,3,False,Rarely,11.0,85,3.41,Beneficial
STU_2024318,16,Female,High School,TikTok,4.9,2.6,Smartphone,7.0,1,False,Sometimes,26.0,85,3.45,Beneficial
STU_2024319,20,Female,Undergraduate,X (Twitter),2.1,1.6,Smartphone,7.2,4,False,Always,11.0,78,3.45,Beneficial
STU_2024320,16,Female,High School,Instagram,8.6,2.3,Smartphone,4.5,1,True,Always,22.0,58,2.77,Neutral
STU_2024321,18,Male,Undergraduate,Instagram,8.9,2.0,Smartphone,6.4,2,False,Never,18.0,59,3.66,Beneficial
STU_2024322,16,Male,High School,Instagram,4.7,1.8,Smartphone,5.5,2,True,Sometimes,8.0,72,4.0,Beneficial
STU_2024323,21,Female,Undergraduate,Instagram,3.8,1.7,Smartphone,7.2,3,False,Rarely,9.0,79,3.84,Beneficial
STU_2024324,20,Female,Undergraduate,YouTube,6.2,1.0,Smartphone,7.5,2,True,Sometimes,11.0,71,3.54,Beneficial
STU_2024325,21,Female,High School,Instagram,5.0,2.9,Smartphone,7.1,3,False,Sometimes,13.0,81,4.0,Beneficial
STU_2024326,17,Female,High School,YouTube,6.0,2.6,Smartphone,7.2,2,True,Sometimes,9.0,79,3.89,Beneficial
STU_2024327,15,Male,High School,YouTube,1.9,1.8,Laptop/PC,7.1,3,False,Frequently,6.0,97,3.42,Beneficial
STU_2024328,18,Female,Undergraduate,YouTube,5.0,0.3,Smartphone,5.8,2,True,Sometimes,10.0,92,3.09,Beneficial
STU_2024329,20,Male,Undergraduate,Instagram,5.0,1.2,Tablet,6.4,3,True,Rarely,6.0,73,3.99,Beneficial
STU_2024330,21,Male,Undergraduate,Reddit,7.3,3.4,Smartphone,6.1,1,True,Sometimes,15.0,83,3.26,Beneficial
STU_2024331,17,Male,High School,TikTok,12.2,3.0,Laptop/PC,5.9,1,True,Frequently,30.0,49,2.88,Negative
STU_2024332,19,Female,Undergraduate,Instagram,3.3,0.9,Smartphone,7.4,3,False,Rarely,6.0,87,3.49,Beneficial
STU_2024333,16,Female,High School,TikTok,5.0,1.1,Smartphone,6.4,3,False,Rarely,12.0,69,3.46,Beneficial
STU_2024334,17,Female,High School,Snapchat,4.5,1.4,Smartphone,6.6,3,False,Always,11.0,81,3.77,Beneficial
STU_2024335,17,Female,High School,YouTube,4.6,0.6,Smartphone,7.2,3,False,Frequently,10.0,88,3.55,Beneficial
STU_2024336,18,Female,Undergraduate,Snapchat,6.8,1.9,Smartphone,5.9,2,True,Sometimes,17.0,70,2.64,Neutral
STU_2024337,17,Female,High School,Snapchat,3.5,2.0,Smartphone,7.2,2,True,Always,13.0,85,3.97,Beneficial
STU_2024338,18,Female,Undergraduate,Instagram,5.0,1.4,Laptop/PC,7.0,2,False,Always,7.0,90,3.4,Beneficial
STU_2024339,19,Male,Undergraduate,X (Twitter),3.9,2.2,Smartphone,7.9,3,False,Always,8.0,87,3.16,Beneficial
STU_2024340,21,Female,High School,Instagram,11.1,1.9,Smartphone,3.1,1,True,Rarely,32.0,49,2.67,Negative
STU_2024341,15,Male,High School,TikTok,3.9,1.7,Smartphone,7.1,3,True,Rarely,9.0,78,3.74,Beneficial
STU_2024342,19,Female,High School,YouTube,5.3,1.6,Smartphone,6.4,2,True,Sometimes,9.0,86,3.7,Beneficial
STU_2024343,16,Male,High School,Instagram,10.0,2.2,Smartphone,4.1,1,True,Rarely,32.0,53,2.95,Negative
STU_2024344,16,Female,High School,TikTok,3.4,2.1,Smartphone,6.8,3,False,Always,15.0,98,4.0,Beneficial
STU_2024345,19,Male,Undergraduate,Instagram,6.1,1.7,Smartphone,7.0,3,True,Frequently,5.0,85,3.55,Beneficial
STU_2024346,17,Male,High School,YouTube,3.1,2.1,Smartphone,7.7,3,True,Rarely,1.0,93,3.93,Beneficial
STU_2024347,17,Female,High School,TikTok,2.8,0.5,Smartphone,7.8,4,False,Rarely,8.0,87,3.52,Beneficial
STU_2024348,17,Female,High School,YouTube,5.7,1.4,Smartphone,6.7,2,True,Rarely,12.0,68,3.21,Beneficial
STU_2024349,18,Male,Undergraduate,Instagram,9.0,3.1,Smartphone,6.9,2,True,Frequently,19.0,72,3.08,Beneficial
STU_2024350,17,Female,High School,Snapchat,8.6,1.4,Laptop/PC,4.9,2,True,Sometimes,26.0,58,3.1,Neutral
STU_2024351,20,Male,Undergraduate,TikTok,4.9,1.3,Smartphone,7.9,3,False,Sometimes,14.0,86,3.86,Beneficial
STU_2024352,16,Female,High School,YouTube,6.5,1.8,Laptop/PC,6.0,1,True,Rarely,17.0,70,2.84,Neutral
STU_2024353,20,Male,Undergraduate,Instagram,3.1,2.3,Smartphone,7.3,4,False,Frequently,1.0,90,3.84,Beneficial
STU_2024354,17,Male,High School,YouTube,3.5,3.9,Smartphone,8.2,4,True,Sometimes,5.0,80,3.71,Beneficial
STU_2024355,19,Male,Undergraduate,TikTok,4.1,2.2,Smartphone,6.6,3,True,Rarely,13.0,84,3.83,Beneficial
STU_2024356,19,Male,Undergraduate,Instagram,5.0,2.1,Smartphone,7.4,3,True,Frequently,8.0,92,3.44,Beneficial
STU_2024357,21,Female,High School,Instagram,2.1,1.8,Smartphone,8.4,4,True,Frequently,5.0,98,3.64,Beneficial
STU_2024358,18,Female,Undergraduate,Instagram,5.8,2.9,Smartphone,6.6,2,False,Sometimes,14.0,87,3.64,Beneficial
STU_2024359,17,Female,High School,Instagram,3.8,1.8,Smartphone,8.3,4,False,Sometimes,14.0,85,3.78,Beneficial
STU_2024360,19,Non-Binary,Undergraduate,Instagram,5.1,0.7,Smartphone,7.8,3,True,Rarely,16.0,81,3.55,Beneficial
STU_2024361,26,Female,Postgraduate,YouTube,1.9,1.7,Smartphone,9.1,4,True,Always,5.0,91,3.83,Beneficial
STU_2024362,21,Female,Undergraduate,Snapchat,4.9,1.4,Smartphone,7.1,1,False,Never,11.0,93,3.35,Beneficial
STU_2024363,16,Male,High School,TikTok,5.5,2.6,Smartphone,5.9,2,True,Frequently,11.0,76,3.76,Beneficial
STU_2024364,18,Male,Undergraduate,TikTok,3.0,2.7,Smartphone,7.7,3,False,Never,8.0,88,3.74,Beneficial
STU_2024365,18,Female,Undergraduate,Instagram,6.0,1.5,Smartphone,7.8,3,True,Sometimes,13.0,81,3.44,Beneficial
STU_2024366,21,Male,Undergraduate,Instagram,7.8,1.8,Smartphone,5.9,1,True,Always,19.0,74,3.32,Beneficial
STU_2024367,17,Female,High School,Instagram,2.0,1.6,Smartphone,7.1,3,False,Rarely,9.0,98,3.68,Beneficial
STU_2024368,26,Female,Postgraduate,TikTok,3.9,1.7,Smartphone,6.6,1,True,Never,11.0,73,3.26,Beneficial
STU_2024369,18,Male,Undergraduate,Snapchat,3.9,1.1,Smartphone,8.5,3,False,Frequently,13.0,97,3.52,Beneficial
STU_2024370,18,Female,High School,Instagram,7.9,0.3,Smartphone,5.0,1,True,Sometimes,17.0,60,3.41,Beneficial
STU_2024371,18,Male,Undergraduate,TikTok,6.9,1.8,Smartphone,6.2,2,True,Always,14.0,70,3.29,Beneficial
STU_2024372,15,Male,High School,X (Twitter),1.5,1.7,Smartphone,8.6,4,True,Sometimes,6.0,94,3.81,Beneficial
STU_2024373,18,Prefer not to say,Undergraduate,X (Twitter),9.3,2.0,Smartphone,5.8,1,True,Rarely,19.0,73,2.96,Neutral
STU_2024374,20,Female,Undergraduate,TikTok,3.7,3.0,Smartphone,9.0,3,False,Sometimes,11.0,85,3.97,Beneficial
STU_2024375,20,Male,Undergraduate,TikTok,9.4,1.6,Smartphone,6.0,1,True,Always,16.0,65,3.03,Neutral
STU_2024376,17,Prefer not to say,High School,Instagram,6.2,2.0,Smartphone,6.6,3,True,Frequently,18.0,81,3.45,Beneficial
STU_2024377,19,Male,High School,TikTok,4.5,1.5,Smartphone,6.6,2,False,Always,8.0,88,3.64,Beneficial
STU_2024378,20,Male,Undergraduate,YouTube,3.0,2.7,Smartphone,7.5,3,True,Frequently,13.0,90,3.54,Beneficial
STU_2024379,18,Male,Undergraduate,Snapchat,4.5,2.6,Smartphone,7.2,3,False,Rarely,9.0,90,4.0,Beneficial
STU_2024380,16,Female,High School,X (Twitter),2.9,0.9,Smartphone,8.2,4,False,Always,9.0,93,3.17,Beneficial
STU_2024381,19,Female,High School,Reddit,3.5,2.4,Laptop/PC,8.2,3,False,Sometimes,19.0,90,3.73,Beneficial
STU_2024382,18,Non-Binary,Undergraduate,YouTube,8.8,1.9,Smartphone,5.2,1,True,Frequently,29.0,60,3.39,Neutral
STU_2024383,18,Female,Undergraduate,YouTube,3.2,0.0,Smartphone,6.3,2,False,Sometimes,10.0,88,3.14,Beneficial
STU_2024384,19,Male,Undergraduate,X (Twitter),3.2,1.9,Smartphone,8.0,3,False,Sometimes,16.0,90,3.58,Beneficial
STU_2024385,19,Female,Undergraduate,Snapchat,4.4,0.8,Smartphone,6.2,2,False,Always,14.0,81,3.6,Beneficial
STU_2024386,19,Female,Undergraduate,TikTok,4.7,1.2,Smartphone,6.1,2,False,Sometimes,8.0,78,3.64,Beneficial
STU_2024387,24,Female,Postgraduate,Instagram,3.7,1.7,Smartphone,7.5,4,False,Always,8.0,95,3.35,Beneficial
STU_2024388,18,Female,Undergraduate,Reddit,3.6,2.4,Smartphone,7.8,2,True,Never,6.0,93,3.51,Beneficial
STU_2024389,16,Female,High School,Instagram,9.6,1.8,Smartphone,5.1,1,True,Sometimes,19.0,68,3.7,Beneficial
STU_2024390,17,Female,High School,Snapchat,6.0,1.4,Smartphone,7.7,3,True,Sometimes,17.0,78,3.35,Beneficial
STU_2024391,19,Male,Undergraduate,TikTok,2.8,0.9,Smartphone,7.3,3,False,Frequently,7.0,97,3.5,Beneficial
STU_2024392,19,Female,Undergraduate,YouTube,2.6,2.2,Smartphone,6.8,2,True,Frequently,8.0,87,3.48,Beneficial
STU_2024393,22,Female,Undergraduate,TikTok,2.6,0.6,Smartphone,7.1,3,False,Rarely,4.0,96,3.8,Beneficial
STU_2024394,19,Female,Undergraduate,LinkedIn,2.7,2.3,Smartphone,7.8,4,True,Sometimes,9.0,90,4.0,Beneficial
STU_2024395,17,Female,High School,TikTok,2.9,1.2,Smartphone,8.6,3,False,Frequently,2.0,95,3.9,Beneficial
STU_2024396,17,Female,High School,Reddit,3.2,1.6,Tablet,7.8,3,False,Sometimes,13.0,92,3.81,Beneficial
STU_2024397,22,Prefer not to say,Postgraduate,Instagram,5.7,0.7,Smartphone,5.9,3,False,Rarely,7.0,72,3.48,Beneficial
STU_2024398,18,Male,Undergraduate,X (Twitter),4.0,1.8,Smartphone,7.2,3,False,Rarely,11.0,86,3.71,Beneficial
STU_2024399,20,Female,Undergraduate,TikTok,4.0,1.1,Smartphone,6.1,2,True,Sometimes,11.0,80,4.0,Beneficial
STU_2024400,19,Non-Binary,Undergraduate,Snapchat,5.5,1.8,Laptop/PC,6.4,3,True,Sometimes,9.0,82,2.94,Beneficial
STU_2024401,18,Male,Undergraduate,Snapchat,3.6,1.7,Laptop/PC,7.9,2,False,Frequently,13.0,89,3.85,Beneficial
STU_2024402,20,Female,Undergraduate,Instagram,4.1,0.0,Smartphone,6.7,4,False,Rarely,16.0,84,3.78,Beneficial
STU_2024403,18,Non-Binary,Undergraduate,X (Twitter),3.5,2.4,Smartphone,7.1,4,False,Sometimes,13.0,81,3.8,Beneficial
STU_2024404,20,Male,Undergraduate,LinkedIn,5.1,2.0,Smartphone,5.5,1,True,Sometimes,21.0,77,3.26,Beneficial
STU_2024405,18,Male,Undergraduate,Snapchat,8.4,1.1,Smartphone,5.4,1,True,Sometimes,25.0,63,3.21,Neutral
STU_2024406,16,Male,High School,TikTok,8.5,2.2,Smartphone,4.9,1,True,Frequently,18.0,66,3.37,Beneficial
STU_2024407,18,Prefer not to say,Undergraduate,X (Twitter),2.3,1.4,Smartphone,9.3,4,True,Frequently,5.0,96,4.0,Beneficial
STU_2024408,17,Female,High School,Instagram,7.2,1.6,Smartphone,7.4,2,True,Rarely,14.0,90,3.37,Beneficial
STU_2024409,21,Female,Undergraduate,Snapchat,5.5,1.7,Smartphone,5.2,2,True,Sometimes,5.0,73,3.72,Beneficial
STU_2024410,18,Male,High School,Instagram,9.0,1.9,Smartphone,6.4,1,True,Frequently,18.0,72,3.01,Beneficial
STU_2024411,17,Female,High School,TikTok,14.0,1.4,Laptop/PC,3.9,1,False,Sometimes,26.0,53,2.48,Negative
STU_2024412,18,Female,Undergraduate,Snapchat,5.4,1.8,Smartphone,6.8,2,True,Frequently,17.0,84,3.44,Beneficial
STU_2024413,18,Female,Undergraduate,Snapchat,8.4,1.3,Smartphone,4.3,1,True,Always,29.0,73,2.86,Neutral
STU_2024414,19,Male,Undergraduate,YouTube,3.1,2.2,Smartphone,8.4,2,False,Always,6.0,91,4.0,Beneficial
STU_2024415,23,Male,Undergraduate,TikTok,4.1,2.5,Smartphone,6.0,2,True,Always,15.0,73,3.6,Beneficial
STU_2024416,18,Female,High School,TikTok,7.8,1.3,Smartphone,5.5,1,False,Sometimes,21.0,67,3.53,Beneficial
STU_2024417,19,Female,Undergraduate,Reddit,8.7,2.2,Smartphone,4.8,1,True,Rarely,27.0,54,2.57,Negative
STU_2024418,20,Female,High School,YouTube,5.8,0.8,Smartphone,5.8,1,True,Frequently,16.0,78,3.25,Beneficial
STU_2024419,22,Female,Postgraduate,Instagram,4.0,2.4,Tablet,6.6,4,False,Always,15.0,84,2.83,Beneficial
STU_2024420,16,Female,High School,Snapchat,3.2,1.6,Smartphone,8.7,4,True,Rarely,6.0,98,3.55,Beneficial
STU_2024421,18,Prefer not to say,Undergraduate,Snapchat,5.9,2.5,Smartphone,6.9,2,True,Sometimes,11.0,71,3.68,Beneficial
STU_2024422,17,Male,High School,TikTok,5.2,2.1,Smartphone,8.2,3,True,Never,17.0,82,3.11,Beneficial
STU_2024423,16,Male,High School,TikTok,3.6,2.6,Smartphone,7.9,2,True,Sometimes,5.0,98,4.0,Beneficial
STU_2024424,20,Female,Undergraduate,Instagram,12.0,1.3,Laptop/PC,3.3,1,True,Always,,48,2.45,Negative
STU_2024425,20,Male,Undergraduate,YouTube,3.3,3.1,Smartphone,8.2,4,False,Frequently,12.0,86,4.0,Beneficial
STU_2024426,19,Male,High School,Instagram,2.4,2.2,Smartphone,7.5,3,True,Always,4.0,96,3.89,Beneficial
STU_2024427,19,Male,Undergraduate,Instagram,12.5,1.6,Smartphone,3.6,1,True,Frequently,32.0,49,2.59,Negative
STU_2024428,24,Male,Postgraduate,TikTok,2.1,2.0,Smartphone,7.7,3,False,Sometimes,0.0,97,4.0,Beneficial
STU_2024429,18,Female,Undergraduate,Instagram,5.0,0.5,Smartphone,6.7,3,False,Sometimes,10.0,72,3.46,Beneficial
STU_2024430,18,Female,Undergraduate,Reddit,6.0,1.9,Smartphone,6.3,1,True,Sometimes,19.0,62,3.51,Beneficial
STU_2024431,20,Female,Undergraduate,Instagram,4.3,1.8,Tablet,6.4,3,False,Frequently,14.0,81,3.63,Beneficial
STU_2024432,18,Female,Undergraduate,Snapchat,3.1,0.9,Smartphone,6.9,2,True,Sometimes,6.0,84,3.42,Beneficial
STU_2024433,21,Male,Undergraduate,Instagram,3.0,2.2,Smartphone,7.2,2,False,Sometimes,9.0,82,3.57,Beneficial
STU_2024434,17,Female,High School,YouTube,3.9,1.9,Smartphone,8.1,3,False,Sometimes,11.0,98,3.73,Beneficial
STU_2024435,19,Male,Undergraduate,Instagram,5.6,2.6,Smartphone,7.1,3,True,Sometimes,17.0,74,3.25,Beneficial
STU_2024436,20,Male,Undergraduate,TikTok,2.6,0.6,Smartphone,8.5,5,False,Rarely,9.0,93,3.35,Beneficial
STU_2024437,18,Female,Undergraduate,Instagram,2.8,2.6,Smartphone,8.4,3,False,Frequently,6.0,92,4.0,Beneficial
STU_2024438,18,Male,Undergraduate,Instagram,6.1,0.8,Smartphone,7.8,4,True,Sometimes,18.0,88,3.59,Beneficial
STU_2024439,18,Female,Undergraduate,YouTube,10.6,1.3,Laptop/PC,6.4,2,True,Frequently,27.0,56,2.71,Neutral
STU_2024440,18,Male,Undergraduate,X (Twitter),3.9,1.8,Smartphone,5.9,3,True,Frequently,19.0,76,3.52,Beneficial
STU_2024441,15,Male,High School,Snapchat,5.1,1.3,Smartphone,6.8,2,True,Always,10.0,77,3.16,Beneficial
STU_2024442,16,Female,High School,YouTube,2.1,2.2,Smartphone,8.2,4,False,Rarely,12.0,98,4.0,Beneficial
STU_2024443,19,Male,Undergraduate,TikTok,1.7,1.1,Smartphone,8.4,4,False,Sometimes,6.0,98,3.92,Beneficial
STU_2024444,20,Female,Undergraduate,Instagram,2.3,1.5,Smartphone,7.6,3,True,Rarely,4.0,98,3.7,Beneficial
STU_2024445,18,Female,Undergraduate,TikTok,6.3,2.5,Smartphone,6.7,3,True,Sometimes,3.0,83,3.28,Beneficial
STU_2024446,19,Female,Undergraduate,TikTok,4.0,1.6,Smartphone,5.8,2,True,Rarely,26.0,81,,Neutral
STU_2024447,22,Male,Undergraduate,TikTok,4.5,1.7,Tablet,6.8,3,False,Sometimes,19.0,76,3.81,Beneficial
STU_2024448,18,Male,Undergraduate,TikTok,8.5,2.9,Smartphone,5.4,1,True,Frequently,24.0,67,2.8,Neutral
STU_2024449,18,Female,Undergraduate,Reddit,2.8,2.1,Smartphone,8.1,4,False,Always,8.0,91,3.73,Beneficial
STU_2024450,18,Female,Undergraduate,Snapchat,2.0,3.4,Smartphone,7.1,4,True,Always,9.0,84,3.48,Beneficial
STU_2024451,19,Male,Undergraduate,Instagram,5.1,3.2,Laptop/PC,6.5,2,True,Rarely,13.0,68,3.32,Beneficial
STU_2024452,20,Male,Undergraduate,YouTube,3.1,1.1,Smartphone,6.9,2,False,Frequently,6.0,91,3.73,Beneficial
STU_2024453,18,Female,Undergraduate,TikTok,11.6,1.2,Smartphone,6.2,1,True,Frequently,20.0,64,2.96,Neutral
STU_2024454,20,Female,Undergraduate,Snapchat,5.9,2.5,Smartphone,6.7,2,False,Sometimes,11.0,76,3.56,Beneficial
STU_2024455,20,Female,Undergraduate,X (Twitter),9.9,0.8,Laptop/PC,5.3,1,False,Frequently,20.0,64,2.64,Neutral
STU_2024456,19,Male,Undergraduate,Instagram,3.2,2.6,Smartphone,8.5,4,False,Sometimes,4.0,91,3.75,Beneficial
STU_2024457,17,Female,High School,Instagram,4.4,2.2,Smartphone,6.4,3,False,Always,12.0,79,3.36,Beneficial
STU_2024458,19,Male,Undergraduate,Instagram,3.7,2.6,Smartphone,7.0,2,False,Always,14.0,86,3.65,Beneficial
STU_2024459,18,Female,Undergraduate,Instagram,4.5,2.3,Tablet,6.0,2,False,Frequently,15.0,93,3.8,Beneficial
STU_2024460,21,Female,Undergraduate,TikTok,9.6,2.3,Laptop/PC,5.4,1,False,Always,19.0,62,3.0,Neutral
STU_2024461,19,Female,High School,TikTok,6.3,1.3,Laptop/PC,6.5,3,True,Sometimes,8.0,81,3.78,Beneficial
STU_2024462,20,Male,Undergraduate,Instagram,5.4,2.0,Smartphone,5.0,1,True,Sometimes,14.0,79,3.18,Beneficial
STU_2024463,19,Female,Undergraduate,LinkedIn,1.5,2.3,Smartphone,8.2,5,False,Always,6.0,98,3.71,Beneficial
STU_2024464,17,Male,High School,Instagram,14.0,1.4,Smartphone,5.5,1,True,Always,33.0,47,2.72,Negative
STU_2024465,19,Female,Undergraduate,Instagram,4.6,1.2,Tablet,7.5,3,False,Sometimes,10.0,86,3.63,Beneficial
STU_2024466,19,Female,Undergraduate,YouTube,2.8,1.5,Smartphone,6.6,4,False,Frequently,9.0,74,4.0,Beneficial
STU_2024467,18,Male,Undergraduate,Reddit,11.2,2.4,Smartphone,3.7,1,True,Frequently,33.0,50,2.4,Negative
STU_2024468,15,Female,High School,Instagram,4.5,3.2,Smartphone,7.3,4,True,Never,14.0,88,3.35,Beneficial
STU_2024469,20,Female,Undergraduate,X (Twitter),5.4,0.5,Smartphone,6.0,1,True,Sometimes,14.0,70,3.24,Beneficial
STU_2024470,24,Male,Postgraduate,Instagram,4.2,0.6,Smartphone,7.1,3,False,Rarely,12.0,87,3.1,Beneficial
STU_2024471,21,Female,Undergraduate,Reddit,2.3,1.6,Smartphone,8.6,3,False,Rarely,0.0,94,3.51,Beneficial
STU_2024472,19,Female,High School,YouTube,3.5,2.1,Smartphone,5.8,2,True,Always,12.0,94,3.37,Beneficial
STU_2024473,18,Male,Undergraduate,YouTube,4.3,1.9,Laptop/PC,6.0,2,False,Frequently,13.0,83,3.48,Beneficial
STU_2024474,19,Male,Undergraduate,TikTok,1.9,0.9,Smartphone,7.3,3,True,Sometimes,10.0,95,4.0,Beneficial
STU_2024475,21,Prefer not to say,Undergraduate,Instagram,9.4,1.6,Smartphone,4.9,1,True,Sometimes,12.0,63,3.46,Beneficial
STU_2024476,18,Female,Undergraduate,TikTok,4.7,3.0,Smartphone,5.8,2,True,Rarely,14.0,87,3.4,Beneficial
STU_2024477,20,Male,High School,Instagram,5.6,3.1,Smartphone,6.1,3,False,Sometimes,17.0,71,3.13,Beneficial
STU_2024478,18,Male,Undergraduate,Instagram,11.3,2.3,Smartphone,3.5,1,False,Rarely,33.0,47,2.72,Negative
STU_2024479,18,Female,Undergraduate,YouTube,3.0,3.2,Laptop/PC,6.7,4,False,Rarely,0.0,98,3.47,Beneficial
STU_2024480,18,Male,Undergraduate,TikTok,3.9,2.0,Smartphone,7.2,3,True,Always,11.0,88,3.63,Beneficial
STU_2024481,19,Female,Undergraduate,Instagram,9.7,2.3,Smartphone,6.2,1,False,Sometimes,22.0,66,3.06,Neutral
STU_2024482,22,Male,Undergraduate,Instagram,3.8,2.1,Smartphone,6.7,4,False,Frequently,11.0,74,3.58,Beneficial
STU_2024483,18,Female,Undergraduate,Instagram,2.8,1.6,Smartphone,7.4,3,False,Sometimes,13.0,87,3.38,Beneficial
STU_2024484,16,Female,High School,TikTok,4.4,0.6,Laptop/PC,6.3,1,False,Sometimes,7.0,81,3.63,Beneficial
STU_2024485,16,Male,High School,TikTok,6.8,1.9,Smartphone,5.5,1,True,Always,16.0,69,2.61,Neutral
STU_2024486,19,Male,Undergraduate,YouTube,4.6,1.2,Smartphone,6.9,3,False,Sometimes,10.0,82,3.03,Beneficial
STU_2024487,17,Male,High School,X (Twitter),3.3,2.0,Smartphone,7.6,4,False,Sometimes,8.0,94,3.64,Beneficial
STU_2024488,18,Female,Undergraduate,TikTok,6.7,1.7,Smartphone,6.2,1,True,Frequently,17.0,66,3.8,Beneficial
STU_2024489,22,Male,Undergraduate,Instagram,2.9,0.9,Smartphone,6.4,3,True,Rarely,16.0,78,3.9,Beneficial
STU_2024490,18,Female,Undergraduate,TikTok,7.7,1.4,Smartphone,6.2,2,True,Sometimes,13.0,80,2.76,Beneficial
STU_2024491,19,Female,Undergraduate,X (Twitter),9.3,2.5,Smartphone,3.6,1,True,Always,23.0,62,2.94,Neutral
STU_2024492,15,Male,High School,Instagram,5.5,2.1,Smartphone,6.4,1,False,Sometimes,19.0,81,3.37,Beneficial
STU_2024493,20,Male,Undergraduate,Snapchat,8.4,3.2,Smartphone,5.1,2,True,Frequently,12.0,68,3.47,Beneficial
STU_2024494,18,Male,Undergraduate,Snapchat,13.5,1.7,Smartphone,3.8,1,True,Always,31.0,33,3.18,Negative
STU_2024495,22,Male,Postgraduate,TikTok,2.8,1.3,Smartphone,7.1,4,False,Frequently,12.0,92,3.76,Beneficial
STU_2024496,17,Female,High School,LinkedIn,5.1,1.4,Smartphone,7.7,3,True,Always,11.0,81,3.54,Beneficial
STU_2024497,20,Female,Undergraduate,YouTube,4.2,1.9,Smartphone,6.2,3,False,Sometimes,18.0,74,3.28,Beneficial
STU_2024498,20,Female,Undergraduate,Instagram,6.2,1.4,Smartphone,5.6,2,False,Sometimes,13.0,79,4.0,Beneficial
STU_2024499,20,Male,Undergraduate,Snapchat,4.3,1.2,Smartphone,7.5,4,False,Frequently,8.0,91,3.49,Beneficial
STU_2024500,18,Male,Undergraduate,Snapchat,4.5,1.2,Smartphone,7.0,3,False,Sometimes,17.0,82,3.44,Beneficial
STU_2024501,18,Male,Undergraduate,Instagram,11.2,1.1,Smartphone,5.7,1,True,Sometimes,19.0,64,2.97,Neutral
STU_2024502,19,Female,Undergraduate,LinkedIn,5.4,2.8,Smartphone,7.1,3,True,Rarely,17.0,78,3.37,Beneficial
STU_2024503,17,Male,High School,TikTok,2.6,1.6,Smartphone,7.1,4,False,Frequently,8.0,98,3.96,Beneficial
STU_2024504,21,Male,Undergraduate,Instagram,2.3,1.1,Smartphone,7.2,2,False,Sometimes,6.0,93,3.66,Beneficial
STU_2024505,19,Male,Undergraduate,Snapchat,5.0,0.3,Smartphone,6.8,2,True,Frequently,15.0,69,3.48,Beneficial
STU_2024506,19,Male,Undergraduate,YouTube,5.4,3.1,Smartphone,7.8,3,True,Always,9.0,86,3.87,Beneficial
STU_2024507,20,Female,Undergraduate,Instagram,6.7,2.0,Smartphone,7.1,3,True,Never,17.0,80,3.28,Beneficial
STU_2024508,21,Male,Undergraduate,YouTube,6.6,1.6,Smartphone,5.8,1,True,Frequently,25.0,62,2.47,Neutral
STU_2024509,20,Female,Undergraduate,Instagram,2.6,2.4,Smartphone,7.1,3,False,Frequently,14.0,76,3.42,Beneficial
STU_2024510,18,Female,Undergraduate,LinkedIn,1.8,1.2,Smartphone,8.8,5,True,Rarely,10.0,90,3.7,Beneficial
STU_2024511,19,Female,Undergraduate,Instagram,4.5,2.2,Smartphone,6.8,2,True,Never,10.0,88,3.5,Beneficial
STU_2024512,17,Female,High School,TikTok,2.8,1.3,Smartphone,6.3,3,False,Never,4.0,91,3.76,Beneficial
STU_2024513,18,Female,Undergraduate,Instagram,3.8,3.0,Smartphone,6.5,2,False,Sometimes,10.0,81,3.54,Beneficial
STU_2024514,19,Male,Undergraduate,YouTube,2.2,1.1,Smartphone,8.2,4,False,Frequently,0.0,88,3.56,Beneficial
STU_2024515,19,Female,Undergraduate,YouTube,4.3,2.4,Smartphone,6.8,2,False,Sometimes,6.0,73,4.0,Beneficial
STU_2024516,18,Male,Undergraduate,Snapchat,5.6,2.8,Smartphone,7.9,2,True,Always,14.0,79,3.06,Beneficial
STU_2024517,18,Male,Undergraduate,Reddit,2.9,2.1,Smartphone,7.8,5,True,Frequently,9.0,98,4.0,Beneficial
STU_2024518,18,Male,Undergraduate,Reddit,10.7,2.6,Smartphone,4.9,1,True,Sometimes,25.0,54,2.81,Neutral
STU_2024519,17,Female,High School,YouTube,6.0,1.6,Tablet,5.5,2,True,Always,24.0,66,2.99,Neutral
STU_2024520,16,Male,High School,Instagram,11.8,2.8,Laptop/PC,3.7,1,True,Always,40.0,38,1.99,Negative
STU_2024521,17,Female,High School,TikTok,4.1,2.6,Laptop/PC,8.4,3,False,Never,8.0,90,3.38,Beneficial
STU_2024522,19,Female,Undergraduate,YouTube,3.3,2.9,Laptop/PC,8.5,3,False,Rarely,7.0,93,3.19,Beneficial
STU_2024523,19,Female,Undergraduate,Snapchat,4.2,1.8,Smartphone,6.6,3,True,Sometimes,13.0,75,4.0,Beneficial
STU_2024524,18,Female,Undergraduate,YouTube,8.1,2.4,Smartphone,5.7,2,True,Rarely,27.0,64,3.44,Neutral
STU_2024525,20,Female,Undergraduate,X (Twitter),1.9,2.6,Smartphone,8.3,4,False,Never,7.0,89,4.0,Beneficial
STU_2024526,16,Male,High School,YouTube,5.2,0.0,Smartphone,7.1,3,True,Sometimes,17.0,79,3.65,Beneficial
STU_2024527,17,Female,High School,TikTok,5.4,2.7,Smartphone,6.7,3,True,Always,11.0,80,3.61,Beneficial
STU_2024528,17,Female,High School,Instagram,3.9,2.4,Smartphone,6.8,4,False,Always,2.0,92,3.99,Beneficial
STU_2024529,23,Male,Undergraduate,YouTube,3.3,0.9,Smartphone,6.8,4,True,Sometimes,10.0,86,3.75,Beneficial
STU_2024530,16,Male,High School,Instagram,3.8,1.6,Smartphone,7.1,3,False,Sometimes,12.0,80,4.0,Beneficial
STU_2024531,20,Female,High School,Instagram,4.3,3.0,Smartphone,7.9,3,False,Sometimes,11.0,83,3.46,Beneficial
STU_2024532,21,Male,Undergraduate,Reddit,3.5,2.7,Smartphone,7.8,4,False,Always,19.0,84,3.15,Beneficial
STU_2024533,22,Female,Postgraduate,TikTok,3.6,0.7,Smartphone,7.1,4,True,Frequently,13.0,88,3.79,Beneficial
STU_2024534,19,Male,High School,Instagram,4.7,1.3,Smartphone,7.4,3,True,Sometimes,21.0,85,3.72,Beneficial
STU_2024535,18,Female,Undergraduate,YouTube,3.7,2.0,Smartphone,8.7,3,True,Frequently,8.0,98,3.75,Beneficial
STU_2024536,23,Male,Postgraduate,TikTok,3.7,2.6,Smartphone,6.9,4,False,Rarely,13.0,82,3.23,Beneficial
STU_2024537,20,Female,Undergraduate,Instagram,3.2,1.3,Smartphone,7.7,2,False,Frequently,10.0,92,4.0,Beneficial
STU_2024538,18,Female,Undergraduate,X (Twitter),2.8,2.4,Laptop/PC,7.4,3,False,Rarely,4.0,85,3.73,Beneficial
STU_2024539,22,Non-Binary,Postgraduate,Instagram,9.1,1.3,Smartphone,4.5,1,True,Frequently,22.0,55,3.28,Neutral
STU_2024540,21,Female,Undergraduate,YouTube,2.6,1.9,Smartphone,6.7,3,False,Sometimes,15.0,98,3.9,Beneficial
STU_2024541,18,Male,High School,Reddit,3.6,3.0,Smartphone,6.0,1,False,Sometimes,13.0,95,3.67,Beneficial
STU_2024542,17,Female,High School,LinkedIn,6.5,1.8,Smartphone,5.1,1,True,Frequently,16.0,69,3.18,Beneficial
STU_2024543,17,Male,High School,Instagram,5.8,1.9,Smartphone,7.7,3,True,Always,11.0,67,3.68,Beneficial
STU_2024544,20,Female,Undergraduate,TikTok,7.7,2.7,Smartphone,4.4,1,False,Sometimes,26.0,61,3.23,Neutral
STU_2024545,18,Female,Undergraduate,Instagram,3.1,2.7,Smartphone,7.7,3,False,Always,3.0,87,3.86,Beneficial
STU_2024546,22,Female,Postgraduate,YouTube,3.2,0.4,Smartphone,8.1,4,False,Frequently,6.0,98,3.88,Beneficial
STU_2024547,19,Female,Undergraduate,LinkedIn,9.2,0.5,Smartphone,4.3,1,False,Sometimes,14.0,73,3.22,Beneficial
STU_2024548,17,Male,High School,YouTube,3.2,1.7,Smartphone,6.6,2,False,Always,7.0,95,3.85,Beneficial
STU_2024549,22,Male,Undergraduate,YouTube,2.3,1.8,Smartphone,6.9,4,False,Always,10.0,83,3.62,Beneficial
STU_2024550,18,Male,Undergraduate,TikTok,14.0,2.4,Smartphone,3.8,1,False,Frequently,26.0,44,2.89,Negative
STU_2024551,20,Male,Undergraduate,Instagram,2.7,2.2,Laptop/PC,9.8,4,False,Sometimes,1.0,96,3.64,Beneficial
STU_2024552,18,Male,Undergraduate,TikTok,2.6,2.0,Tablet,8.2,4,False,Rarely,4.0,98,3.45,Beneficial
STU_2024553,18,Female,Undergraduate,Instagram,3.9,1.4,Smartphone,8.0,2,False,Frequently,1.0,98,3.88,Beneficial
STU_2024554,19,Male,Undergraduate,Instagram,5.0,1.2,Smartphone,6.8,3,True,Always,9.0,73,,Beneficial
STU_2024555,18,Non-Binary,Undergraduate,TikTok,5.6,2.6,Smartphone,6.3,3,False,Sometimes,19.0,86,3.73,Beneficial
STU_2024556,20,Male,Undergraduate,Snapchat,2.3,2.4,Smartphone,6.7,3,False,Sometimes,13.0,77,3.68,Beneficial
STU_2024557,19,Female,Undergraduate,TikTok,2.8,2.8,Smartphone,6.9,3,False,Sometimes,15.0,79,3.89,Beneficial
STU_2024558,17,Female,High School,YouTube,5.1,0.6,Smartphone,7.2,3,True,Always,15.0,81,3.41,Beneficial
STU_2024559,18,Female,Undergraduate,Instagram,3.9,0.9,Smartphone,8.0,3,False,Always,14.0,81,3.47,Beneficial
STU_2024560,20,Male,High School,TikTok,8.8,1.4,Smartphone,4.2,1,True,Always,19.0,58,3.07,Neutral
STU_2024561,17,Female,High School,Snapchat,2.4,2.4,Smartphone,7.9,4,False,Frequently,9.0,98,3.7,Beneficial
STU_2024562,17,Female,High School,TikTok,5.5,2.0,Smartphone,6.9,3,True,Sometimes,6.0,76,3.67,Beneficial
STU_2024563,17,Female,High School,YouTube,5.2,3.2,Smartphone,6.4,2,False,Rarely,14.0,81,3.4,Beneficial
STU_2024564,16,Female,High School,Instagram,7.5,3.1,Laptop/PC,6.7,2,True,Always,23.0,82,2.92,Neutral
STU_2024565,21,Male,High School,YouTube,3.4,2.2,Smartphone,6.4,2,True,Sometimes,8.0,88,2.97,Beneficial
STU_2024566,19,Female,Undergraduate,Instagram,5.8,1.4,Smartphone,6.4,3,True,Frequently,10.0,82,3.09,Beneficial
STU_2024567,17,Male,High School,TikTok,2.4,1.6,Smartphone,7.2,3,False,Sometimes,5.0,89,4.0,Beneficial
STU_2024568,18,Male,Undergraduate,TikTok,6.0,2.0,Smartphone,5.9,2,True,Sometimes,15.0,78,3.32,Beneficial
STU_2024569,22,Prefer not to say,Undergraduate,TikTok,6.9,2.5,Smartphone,5.2,1,True,Always,28.0,50,3.17,Neutral
STU_2024570,24,Male,Postgraduate,Reddit,5.8,2.1,Tablet,6.7,2,True,Rarely,18.0,71,3.46,Beneficial
STU_2024571,19,Male,Undergraduate,TikTok,3.3,1.7,Smartphone,7.8,4,False,Sometimes,2.0,96,4.0,Beneficial
STU_2024572,15,Female,High School,YouTube,7.7,2.2,Smartphone,6.2,1,True,Always,18.0,68,3.28,Beneficial
STU_2024573,20,Male,Undergraduate,X (Twitter),6.4,1.9,Smartphone,6.3,3,False,Sometimes,14.0,76,3.26,Beneficial
STU_2024574,18,Female,Undergraduate,YouTube,2.7,2.4,Laptop/PC,9.0,4,False,Rarely,11.0,93,3.65,Beneficial
STU_2024575,18,Female,Undergraduate,TikTok,2.0,1.0,Smartphone,7.2,3,False,Frequently,4.0,85,3.58,Beneficial
STU_2024576,19,Male,Undergraduate,Instagram,6.0,0.6,Laptop/PC,7.8,3,True,Never,16.0,77,2.88,Beneficial
STU_2024577,20,Female,Undergraduate,Reddit,6.9,1.7,Tablet,5.8,2,True,Always,16.0,66,3.57,Beneficial
STU_2024578,17,Male,High School,TikTok,1.4,2.4,Smartphone,8.5,3,False,Sometimes,6.0,98,3.78,Beneficial
STU_2024579,18,Male,Undergraduate,YouTube,6.9,1.7,Smartphone,6.2,1,False,Sometimes,13.0,73,2.88,Beneficial
STU_2024580,20,Male,Undergraduate,TikTok,5.1,2.5,Smartphone,7.0,3,True,Frequently,16.0,76,3.62,Beneficial
STU_2024581,19,Male,High School,Instagram,5.0,2.2,Smartphone,7.2,2,False,Rarely,12.0,89,3.14,Beneficial
STU_2024582,18,Male,Undergraduate,YouTube,2.9,0.8,Smartphone,6.4,3,False,Always,9.0,84,4.0,Beneficial
STU_2024583,16,Male,High School,X (Twitter),3.3,0.4,Smartphone,6.9,4,False,Rarely,14.0,83,2.88,Beneficial
STU_2024584,17,Female,High School,Instagram,1.5,1.7,Smartphone,7.0,4,True,Sometimes,7.0,85,3.52,Beneficial
STU_2024585,19,Male,Undergraduate,TikTok,7.3,2.1,Smartphone,5.8,1,True,Frequently,20.0,65,3.04,Neutral
STU_2024586,24,Female,Postgraduate,Instagram,4.3,2.3,Smartphone,5.5,1,True,Sometimes,13.0,78,3.89,Beneficial
STU_2024587,16,Female,High School,TikTok,2.9,0.9,Smartphone,7.6,2,False,Rarely,0.0,98,3.61,Beneficial
STU_2024588,19,Male,Undergraduate,TikTok,2.9,3.1,Smartphone,6.7,3,True,Sometimes,19.0,80,3.62,Beneficial
STU_2024589,19,Male,Undergraduate,Instagram,3.8,2.5,Smartphone,6.2,3,False,Never,12.0,77,3.75,Beneficial
STU_2024590,17,Male,High School,TikTok,9.5,1.2,Smartphone,4.3,1,True,Always,27.0,47,2.77,Negative
STU_2024591,16,Male,High School,Instagram,3.2,3.5,Smartphone,7.7,3,True,Rarely,13.0,95,3.7,Beneficial
STU_2024592,19,Male,Undergraduate,Instagram,6.3,2.5,Smartphone,5.8,2,True,Sometimes,17.0,71,3.47,Beneficial
STU_2024593,18,Male,High School,TikTok,6.8,1.3,Smartphone,6.0,2,True,Sometimes,9.0,85,3.39,Beneficial
STU_2024594,22,Female,Undergraduate,Instagram,2.4,2.1,Smartphone,7.7,3,True,Rarely,5.0,93,4.0,Beneficial
STU_2024595,17,Male,High School,Instagram,14.0,1.1,Smartphone,4.3,1,False,Frequently,32.0,38,2.38,Negative
STU_2024596,19,Female,Undergraduate,YouTube,3.5,1.3,Smartphone,8.3,3,False,Frequently,6.0,98,3.54,Beneficial
STU_2024597,18,Female,Undergraduate,YouTube,6.5,1.8,Smartphone,5.8,1,True,Never,11.0,64,3.64,Beneficial
STU_2024598,19,Non-Binary,Undergraduate,Instagram,6.9,1.0,Smartphone,6.4,3,True,Sometimes,14.0,83,3.48,Beneficial
STU_2024599,20,Female,Undergraduate,TikTok,3.6,1.7,Smartphone,6.4,2,False,Rarely,8.0,82,3.63,Beneficial
STU_2024600,20,Male,Undergraduate,Instagram,6.5,0.6,Smartphone,6.0,1,True,Rarely,19.0,76,2.74,Neutral
STU_2024601,18,Male,Undergraduate,Instagram,4.5,1.5,Smartphone,6.9,2,True,Sometimes,9.0,82,3.77,Beneficial
STU_2024602,17,Male,High School,Instagram,4.9,2.0,Smartphone,7.2,2,True,Never,19.0,77,3.28,Beneficial
STU_2024603,18,Female,Undergraduate,X (Twitter),2.2,2.4,Smartphone,8.6,4,True,Never,13.0,91,4.0,Beneficial
STU_2024604,16,Male,High School,TikTok,5.3,1.5,Smartphone,7.2,3,True,Sometimes,2.0,87,4.0,Beneficial
STU_2024605,19,Female,Undergraduate,TikTok,5.3,1.0,Smartphone,7.3,2,True,Always,10.0,89,3.52,Beneficial
STU_2024606,19,Prefer not to say,Undergraduate,YouTube,7.1,1.7,Laptop/PC,5.4,2,True,Never,13.0,68,3.31,Beneficial
STU_2024607,18,Female,Undergraduate,Instagram,8.9,1.3,Smartphone,4.1,1,True,Never,18.0,57,2.93,Neutral
STU_2024608,17,Female,High School,TikTok,9.6,2.3,Smartphone,5.5,1,False,Sometimes,14.0,55,3.04,Neutral
STU_2024609,18,Female,Undergraduate,Instagram,4.5,2.5,Smartphone,6.8,2,False,Frequently,10.0,81,3.58,Beneficial
STU_2024610,17,Male,High School,TikTok,2.8,2.2,Smartphone,8.5,4,False,Frequently,6.0,98,3.53,Beneficial
STU_2024611,19,Male,High School,Instagram,4.0,1.6,Smartphone,7.0,4,False,Sometimes,3.0,88,3.33,Beneficial
STU_2024612,18,Female,High School,Instagram,6.0,3.0,Tablet,6.8,3,True,Never,15.0,83,3.39,Beneficial
STU_2024613,19,Male,Undergraduate,X (Twitter),2.5,0.6,Smartphone,7.8,4,False,Sometimes,1.0,96,3.57,Beneficial
STU_2024614,21,Female,Undergraduate,X (Twitter),11.6,1.5,Laptop/PC,4.4,1,True,Rarely,25.0,50,2.43,Negative
STU_2024615,20,Male,High School,Instagram,3.8,3.2,Smartphone,7.7,3,False,Rarely,11.0,88,3.62,Beneficial
STU_2024616,19,Male,Undergraduate,YouTube,8.1,0.7,Smartphone,7.4,2,True,Always,32.0,81,3.32,Neutral
STU_2024617,23,Female,Postgraduate,YouTube,10.2,2.9,Smartphone,5.3,1,True,Sometimes,18.0,62,2.84,Neutral
STU_2024618,19,Male,Undergraduate,Instagram,11.7,0.6,Smartphone,4.7,1,False,Frequently,17.0,51,2.69,Neutral
STU_2024619,17,Male,High School,Instagram,4.3,1.4,Smartphone,8.1,3,False,Frequently,11.0,89,3.62,Beneficial
STU_2024620,20,Male,Undergraduate,YouTube,5.8,2.1,Laptop/PC,7.6,3,False,Always,20.0,76,3.4,Beneficial
STU_2024621,19,Female,Undergraduate,TikTok,3.8,1.6,Smartphone,7.6,4,False,Frequently,7.0,98,3.38,Beneficial
STU_2024622,18,Male,Undergraduate,Snapchat,5.1,2.3,Laptop/PC,6.7,2,True,Frequently,10.0,87,3.44,Beneficial
STU_2024623,15,Female,High School,Instagram,3.4,2.9,Laptop/PC,6.8,2,False,Frequently,12.0,85,3.96,Beneficial
STU_2024624,19,Female,Undergraduate,Snapchat,6.0,2.7,Tablet,5.7,2,True,Sometimes,16.0,70,3.38,Beneficial
STU_2024625,20,Female,Undergraduate,TikTok,8.8,1.8,Smartphone,4.8,1,True,Sometimes,13.0,74,2.93,Beneficial
STU_2024626,18,Female,High School,YouTube,2.6,3.1,Smartphone,9.2,4,True,Rarely,2.0,98,,Beneficial
STU_2024627,19,Male,Undergraduate,TikTok,3.9,1.1,Smartphone,6.5,2,False,Frequently,16.0,84,3.19,Beneficial
STU_2024628,20,Male,Undergraduate,YouTube,9.4,1.9,Smartphone,5.0,1,True,Always,28.0,46,2.48,Negative
STU_2024629,18,Female,Undergraduate,Snapchat,5.4,1.4,Smartphone,6.6,2,True,Rarely,16.0,71,3.6,Beneficial
STU_2024630,19,Male,Undergraduate,Snapchat,7.5,1.6,Smartphone,5.3,1,True,Frequently,20.0,79,2.95,Beneficial
STU_2024631,19,Male,Undergraduate,TikTok,6.1,2.8,Smartphone,5.9,1,False,Frequently,11.0,74,3.16,Beneficial
STU_2024632,18,Male,Undergraduate,TikTok,3.1,0.5,Smartphone,7.8,4,False,Sometimes,3.0,95,4.0,Beneficial
STU_2024633,15,Male,High School,Instagram,14.0,1.2,Smartphone,5.3,1,True,Sometimes,34.0,54,2.74,Negative
STU_2024634,18,Female,Undergraduate,Instagram,14.0,1.8,Smartphone,4.2,1,True,Frequently,32.0,44,2.41,Negative
STU_2024635,18,Male,Undergraduate,Instagram,6.1,1.5,Laptop/PC,6.0,2,True,Always,19.0,70,3.38,Beneficial
STU_2024636,21,Female,Undergraduate,TikTok,7.0,0.4,Smartphone,6.9,2,True,Sometimes,16.0,81,3.08,Beneficial
STU_2024637,20,Male,High School,Snapchat,4.2,3.7,Smartphone,7.5,3,False,Rarely,7.0,91,4.0,Beneficial
STU_2024638,17,Male,High School,TikTok,4.6,2.4,Smartphone,6.2,3,True,Rarely,16.0,76,3.8,Beneficial
STU_2024639,20,Male,Undergraduate,Snapchat,12.3,1.1,Smartphone,4.8,1,False,Sometimes,39.0,60,2.34,Negative
STU_2024640,17,Female,High School,TikTok,2.0,2.1,Laptop/PC,8.0,2,True,Frequently,4.0,97,3.42,Beneficial
STU_2024641,18,Female,High School,YouTube,3.8,1.3,Smartphone,6.8,2,False,Rarely,15.0,74,3.26,Beneficial
STU_2024642,17,Female,High School,TikTok,4.9,2.8,Smartphone,7.2,3,True,Always,14.0,93,3.55,Beneficial
STU_2024643,17,Male,High School,Instagram,4.5,1.8,Smartphone,8.3,4,True,Always,9.0,81,4.0,Beneficial
STU_2024644,19,Male,Undergraduate,TikTok,4.1,2.5,Smartphone,6.7,2,False,Frequently,22.0,76,3.52,Beneficial
STU_2024645,17,Male,High School,YouTube,7.3,1.7,Smartphone,6.1,2,True,Frequently,20.0,69,2.95,Neutral
STU_2024646,19,Female,Undergraduate,Instagram,3.1,1.7,Smartphone,6.4,2,False,Frequently,11.0,74,3.99,Beneficial
STU_2024647,19,Female,Undergraduate,TikTok,6.0,2.1,Smartphone,6.4,2,True,Frequently,12.0,82,3.21,Beneficial
STU_2024648,17,Female,High School,TikTok,2.6,0.0,Smartphone,6.3,2,True,Sometimes,15.0,97,2.91,Beneficial
STU_2024649,19,Male,Undergraduate,YouTube,5.9,2.1,Smartphone,7.7,1,True,Sometimes,10.0,80,3.2,Beneficial
STU_2024650,18,Female,Undergraduate,Instagram,2.9,2.2,Smartphone,5.5,2,True,Rarely,19.0,81,3.36,Beneficial
STU_2024651,15,Male,High School,YouTube,4.1,2.1,Smartphone,7.8,4,False,Sometimes,12.0,84,3.56,Beneficial
STU_2024652,21,Male,Undergraduate,YouTube,5.3,1.4,Laptop/PC,5.8,2,True,Sometimes,16.0,78,3.48,Beneficial
STU_2024653,22,Male,Undergraduate,YouTube,11.1,2.3,Smartphone,4.8,1,True,Rarely,24.0,64,3.09,Neutral
STU_2024654,17,Female,High School,YouTube,5.0,1.7,Laptop/PC,7.0,3,False,Sometimes,9.0,84,3.31,Beneficial
STU_2024655,16,Female,High School,TikTok,4.9,2.7,Smartphone,6.8,4,False,Always,22.0,75,3.77,Beneficial
STU_2024656,20,Female,Undergraduate,Instagram,9.8,0.8,Smartphone,5.8,1,True,Frequently,19.0,61,3.03,Neutral
STU_2024657,17,Female,High School,TikTok,4.1,1.7,Smartphone,6.7,4,False,Sometimes,16.0,84,3.84,Beneficial
STU_2024658,17,Male,High School,YouTube,13.5,2.6,Smartphone,5.4,1,True,Sometimes,31.0,44,2.25,Negative
STU_2024659,20,Male,Undergraduate,Instagram,5.1,1.4,Smartphone,6.4,2,False,Frequently,5.0,82,3.51,Beneficial
STU_2024660,19,Male,Undergraduate,YouTube,4.5,1.5,Smartphone,6.2,3,False,Frequently,11.0,76,3.68,Beneficial
STU_2024661,19,Female,Undergraduate,TikTok,5.9,1.0,Smartphone,6.6,3,True,Frequently,12.0,78,3.3,Beneficial
STU_2024662,20,Male,Undergraduate,TikTok,9.6,2.6,Smartphone,7.4,2,True,Never,12.0,81,3.35,Beneficial
STU_2024663,20,Male,Undergraduate,YouTube,9.4,2.7,Smartphone,4.2,1,True,Sometimes,23.0,60,2.67,Neutral
STU_2024664,19,Female,Undergraduate,X (Twitter),2.5,1.2,Smartphone,8.0,2,True,Sometimes,4.0,98,3.48,Beneficial
STU_2024665,17,Female,High School,TikTok,7.9,1.1,Smartphone,6.2,2,True,Sometimes,12.0,63,3.54,Beneficial
STU_2024666,16,Male,High School,Instagram,3.8,2.2,Smartphone,7.5,3,True,Sometimes,11.0,74,3.95,Beneficial
STU_2024667,17,Female,High School,Instagram,2.2,1.4,Smartphone,5.9,3,False,Rarely,8.0,92,3.58,Beneficial
STU_2024668,18,Male,Undergraduate,Reddit,12.0,0.9,Smartphone,5.0,1,True,Never,31.0,53,2.57,Negative
STU_2024669,23,Female,Postgraduate,Instagram,2.9,1.0,Smartphone,7.0,3,True,Sometimes,7.0,94,3.48,Beneficial
STU_2024670,19,Male,High School,TikTok,6.8,2.4,Smartphone,6.9,1,True,Rarely,9.0,74,3.12,Beneficial
STU_2024671,19,Male,Undergraduate,TikTok,3.2,1.3,Smartphone,7.9,3,False,Always,0.0,92,3.23,Beneficial
STU_2024672,18,Female,Undergraduate,Instagram,3.1,1.8,Smartphone,6.7,3,True,Frequently,9.0,89,3.52,Beneficial
STU_2024673,20,Female,Undergraduate,TikTok,5.4,0.8,Smartphone,5.4,2,True,Sometimes,22.0,66,3.06,Neutral
STU_2024674,19,Male,High School,TikTok,11.0,1.5,Laptop/PC,4.2,1,True,Sometimes,28.0,56,2.93,Neutral
STU_2024675,20,Male,Undergraduate,Instagram,3.3,2.4,Laptop/PC,7.1,3,False,Sometimes,4.0,91,3.87,Beneficial
STU_2024676,18,Male,High School,Instagram,8.7,2.8,Smartphone,3.9,1,True,Frequently,15.0,70,2.96,Beneficial
STU_2024677,21,Male,High School,Instagram,2.5,1.5,Smartphone,8.4,3,True,Sometimes,0.0,92,3.87,Beneficial
STU_2024678,19,Female,Undergraduate,TikTok,4.0,1.3,Smartphone,6.7,3,False,Frequently,10.0,90,3.44,Beneficial
STU_2024679,19,Female,Undergraduate,YouTube,5.1,2.1,Laptop/PC,5.8,2,True,Sometimes,16.0,75,3.93,Beneficial
STU_2024680,20,Female,Undergraduate,Instagram,2.7,2.0,Smartphone,8.6,4,False,Sometimes,8.0,98,4.0,Beneficial
STU_2024681,18,Male,Undergraduate,Instagram,8.7,1.7,Smartphone,6.0,1,True,Frequently,19.0,66,2.98,Neutral
STU_2024682,17,Female,High School,Instagram,3.6,2.5,Smartphone,7.9,3,False,Rarely,16.0,89,3.8,Beneficial
STU_2024683,17,Male,High School,Instagram,2.9,2.1,Tablet,7.6,3,False,Sometimes,6.0,93,3.65,Beneficial
STU_2024684,17,Male,High School,TikTok,7.6,3.3,Smartphone,6.7,2,False,Sometimes,16.0,79,3.2,Beneficial
STU_2024685,19,Female,Undergraduate,YouTube,2.7,1.4,Smartphone,8.2,3,False,Sometimes,3.0,98,4.0,Beneficial
STU_2024686,19,Male,Undergraduate,Instagram,5.8,1.4,Smartphone,5.8,2,True,Sometimes,14.0,79,3.41,Beneficial
STU_2024687,16,Male,High School,Instagram,8.1,1.4,Smartphone,6.0,2,False,Sometimes,18.0,69,3.25,Beneficial
STU_2024688,20,Female,Undergraduate,Instagram,4.7,1.8,Smartphone,6.0,3,False,Frequently,5.0,86,3.55,Beneficial
STU_2024689,18,Male,Undergraduate,YouTube,5.0,2.3,Smartphone,5.6,1,True,Frequently,7.0,81,3.42,Beneficial
STU_2024690,21,Female,Undergraduate,Instagram,7.5,0.9,Smartphone,6.8,2,True,Always,20.0,72,2.94,Neutral
STU_2024691,18,Male,Undergraduate,Instagram,2.3,1.4,Smartphone,8.2,5,True,Frequently,8.0,96,3.88,Beneficial
STU_2024692,18,Female,Undergraduate,Instagram,4.1,2.5,Smartphone,7.3,3,True,Rarely,13.0,80,3.1,Beneficial
STU_2024693,17,Male,High School,TikTok,4.8,1.9,Smartphone,5.6,1,True,Frequently,15.0,79,3.07,Beneficial
STU_2024694,18,Male,Undergraduate,YouTube,4.4,3.1,Smartphone,6.9,4,True,Sometimes,18.0,81,2.86,Beneficial
STU_2024695,19,Female,Undergraduate,TikTok,6.4,2.4,Smartphone,5.9,2,False,Sometimes,18.0,70,3.21,Beneficial
STU_2024696,17,Female,High School,TikTok,6.1,1.8,Smartphone,7.7,2,False,Always,11.0,85,4.0,Beneficial
STU_2024697,20,Male,Undergraduate,TikTok,2.2,1.6,Smartphone,6.6,3,False,Sometimes,5.0,93,3.82,Beneficial
STU_2024698,18,Female,Undergraduate,YouTube,2.9,2.4,Tablet,7.0,3,True,Sometimes,11.0,91,3.3,Beneficial
STU_2024699,18,Female,Undergraduate,Instagram,3.1,2.8,Smartphone,7.0,2,False,Always,15.0,94,3.56,Beneficial
STU_2024700,17,Prefer not to say,High School,Snapchat,4.9,2.2,Smartphone,7.0,4,True,Frequently,12.0,81,3.91,Beneficial
STU_2024701,19,Female,Undergraduate,TikTok,2.0,1.0,Smartphone,6.8,3,False,Always,6.0,81,,Beneficial
STU_2024702,20,Female,Undergraduate,TikTok,3.7,1.5,Smartphone,6.3,3,False,Rarely,3.0,90,3.52,Beneficial
STU_2024703,18,Female,Undergraduate,Instagram,5.3,2.7,Smartphone,7.7,3,True,Sometimes,5.0,97,4.0,Beneficial
STU_2024704,19,Female,Undergraduate,Instagram,6.1,1.7,Smartphone,5.7,3,True,Sometimes,16.0,83,3.67,Beneficial
STU_2024705,21,Female,Undergraduate,Instagram,5.6,2.2,Smartphone,6.5,1,True,Never,20.0,74,2.68,Neutral
STU_2024706,16,Female,High School,YouTube,4.2,1.4,Smartphone,5.8,2,True,Sometimes,11.0,78,3.71,Beneficial
STU_2024707,22,Male,Postgraduate,YouTube,5.1,2.1,Smartphone,6.4,2,True,Sometimes,14.0,81,2.91,Beneficial
STU_2024708,15,Male,High School,Instagram,3.6,2.4,Smartphone,7.5,3,False,Sometimes,14.0,83,3.68,Beneficial
STU_2024709,21,Female,Undergraduate,TikTok,6.0,1.3,Smartphone,6.6,2,True,Always,9.0,95,3.65,Beneficial
STU_2024710,20,Female,High School,YouTube,9.9,3.2,Smartphone,4.5,1,True,Frequently,22.0,69,2.71,Neutral
STU_2024711,23,Female,Postgraduate,TikTok,4.4,0.8,Smartphone,6.8,3,True,Rarely,,82,3.43,Beneficial
STU_2024712,20,Female,Undergraduate,YouTube,5.1,1.6,Smartphone,6.5,3,True,Sometimes,13.0,74,3.27,Beneficial
STU_2024713,16,Female,High School,YouTube,9.3,1.7,Smartphone,5.8,2,True,Always,31.0,65,2.58,Negative
STU_2024714,18,Female,Undergraduate,Instagram,2.6,1.4,Smartphone,7.4,2,True,Never,0.0,89,3.85,Beneficial
STU_2024715,15,Male,High School,TikTok,4.8,2.1,Smartphone,8.2,3,True,Frequently,11.0,79,3.4,Beneficial
STU_2024716,17,Female,High School,Instagram,6.9,2.3,Smartphone,5.7,2,True,Sometimes,23.0,68,2.78,Neutral
STU_2024717,20,Female,Undergraduate,YouTube,4.4,2.8,Smartphone,6.3,3,True,Always,12.0,85,3.87,Beneficial
STU_2024718,19,Non-Binary,Undergraduate,TikTok,3.6,1.6,Laptop/PC,6.5,4,True,Sometimes,12.0,86,3.61,Beneficial
STU_2024719,19,Female,Undergraduate,TikTok,4.2,1.7,Tablet,6.8,2,False,Sometimes,2.0,83,3.87,Beneficial
STU_2024720,23,Female,Undergraduate,TikTok,10.0,2.4,Smartphone,5.1,1,True,Always,27.0,63,2.97,Neutral
STU_2024721,21,Female,Undergraduate,Instagram,3.4,0.6,Smartphone,7.2,3,False,Always,4.0,93,4.0,Beneficial
STU_2024722,17,Female,High School,TikTok,7.3,1.5,Laptop/PC,7.5,2,True,Frequently,24.0,76,3.21,Neutral
STU_2024723,18,Male,Undergraduate,YouTube,4.6,1.5,Smartphone,7.8,3,True,Frequently,3.0,80,3.84,Beneficial
STU_2024724,19,Male,High School,TikTok,2.5,1.6,Smartphone,8.2,4,True,Frequently,12.0,96,3.63,Beneficial
STU_2024725,21,Male,Undergraduate,YouTube,2.4,1.0,Smartphone,7.8,3,False,Sometimes,17.0,89,3.68,Beneficial
STU_2024726,21,Female,Undergraduate,Snapchat,6.0,1.7,Smartphone,5.1,2,True,Always,18.0,71,3.4,Beneficial
STU_2024727,16,Female,High School,TikTok,2.6,1.2,Smartphone,8.5,4,True,Sometimes,6.0,93,4.0,Beneficial
STU_2024728,17,Female,High School,TikTok,7.4,0.2,Smartphone,5.7,1,False,Rarely,10.0,68,2.94,Beneficial
STU_2024729,18,Non-Binary,Undergraduate,Snapchat,5.1,0.9,Smartphone,7.2,3,True,Always,18.0,87,3.35,Beneficial
STU_2024730,19,Female,Undergraduate,TikTok,3.7,2.2,Smartphone,6.8,2,False,Frequently,16.0,80,2.98,Beneficial
STU_2024731,19,Male,Undergraduate,YouTube,14.0,1.9,Smartphone,4.1,1,True,Rarely,27.0,53,2.47,Negative
STU_2024732,23,Male,Undergraduate,Instagram,2.6,2.7,Smartphone,9.0,4,False,Frequently,3.0,98,4.0,Beneficial
STU_2024733,20,Female,Undergraduate,Reddit,6.3,2.9,Smartphone,6.4,2,True,Never,8.0,76,3.45,Beneficial
STU_2024734,17,Female,High School,TikTok,6.3,1.9,Smartphone,7.0,2,True,Rarely,3.0,90,3.55,Beneficial
STU_2024735,19,Male,Undergraduate,YouTube,4.1,1.4,Smartphone,6.3,2,True,Sometimes,14.0,85,3.5,Beneficial
STU_2024736,20,Female,Undergraduate,Reddit,2.2,2.2,Smartphone,8.2,5,True,Always,12.0,93,3.52,Beneficial
STU_2024737,20,Male,High School,TikTok,4.6,0.6,Smartphone,7.4,3,False,Sometimes,14.0,89,3.73,Beneficial
STU_2024738,21,Male,Undergraduate,Reddit,7.3,1.8,Smartphone,7.4,3,True,Frequently,16.0,74,3.47,Beneficial
STU_2024739,17,Female,High School,LinkedIn,4.0,1.3,Smartphone,7.0,3,True,Rarely,11.0,85,3.9,Beneficial
STU_2024740,21,Female,Undergraduate,Instagram,3.7,1.5,Smartphone,6.4,1,False,Frequently,14.0,89,3.8,Beneficial
STU_2024741,19,Female,Undergraduate,TikTok,3.6,2.3,Laptop/PC,7.4,3,True,Frequently,11.0,88,3.83,Beneficial
STU_2024742,18,Female,Undergraduate,X (Twitter),4.7,1.6,Smartphone,6.7,2,True,Sometimes,14.0,87,3.6,Beneficial
STU_2024743,19,Female,Undergraduate,TikTok,8.0,0.6,Smartphone,7.3,1,True,Always,12.0,80,3.7,Beneficial
STU_2024744,21,Male,Undergraduate,TikTok,3.7,2.5,Smartphone,6.7,3,False,Frequently,16.0,91,3.59,Beneficial
STU_2024745,22,Male,Postgraduate,YouTube,10.1,1.1,Laptop/PC,4.5,1,True,Sometimes,28.0,54,2.85,Neutral
STU_2024746,17,Female,High School,YouTube,7.4,3.0,Smartphone,6.0,2,True,Frequently,21.0,69,2.76,Neutral
STU_2024747,18,Female,Undergraduate,Instagram,3.6,1.6,Smartphone,6.7,3,True,Sometimes,14.0,84,3.74,Beneficial
STU_2024748,17,Prefer not to say,High School,YouTube,3.3,2.0,Tablet,7.3,3,False,Always,3.0,92,3.72,Beneficial
STU_2024749,19,Male,Undergraduate,Snapchat,2.8,2.3,Smartphone,8.4,3,True,Rarely,10.0,98,3.69,Beneficial
STU_2024750,18,Male,Undergraduate,YouTube,5.7,1.5,Smartphone,5.1,1,True,Always,19.0,77,3.18,Beneficial
STU_2024751,16,Male,High School,TikTok,5.2,1.5,Smartphone,6.4,2,True,Never,17.0,85,3.54,Beneficial
STU_2024752,18,Male,Undergraduate,LinkedIn,6.5,1.3,Smartphone,6.2,1,False,Frequently,12.0,72,3.33,Beneficial
STU_2024753,17,Female,High School,YouTube,7.5,1.6,Smartphone,5.5,1,True,Always,26.0,70,3.32,Neutral
STU_2024754,18,Male,High School,TikTok,4.8,2.0,Smartphone,6.8,2,False,Sometimes,15.0,83,2.93,Beneficial
STU_2024755,19,Female,Undergraduate,TikTok,2.4,1.1,Smartphone,9.6,3,False,Sometimes,2.0,97,4.0,Beneficial
STU_2024756,17,Female,High School,TikTok,6.6,1.7,Smartphone,8.2,3,True,Sometimes,9.0,88,3.29,Beneficial
STU_2024757,20,Non-Binary,High School,TikTok,4.4,1.0,Smartphone,6.8,3,True,Always,7.0,87,3.88,Beneficial
STU_2024758,17,Female,High School,YouTube,4.9,3.1,Smartphone,6.9,2,False,Frequently,26.0,73,3.16,Neutral
STU_2024759,21,Male,Undergraduate,TikTok,3.8,0.8,Smartphone,6.0,3,False,Frequently,13.0,84,3.61,Beneficial
STU_2024760,19,Male,Undergraduate,TikTok,5.9,3.1,Smartphone,6.6,3,True,Always,20.0,76,3.29,Beneficial
STU_2024761,19,Female,Undergraduate,Instagram,4.2,1.9,Smartphone,6.8,3,False,Rarely,9.0,74,3.49,Beneficial
STU_2024762,18,Male,Undergraduate,Instagram,3.7,1.6,Smartphone,6.7,3,False,Always,17.0,79,3.85,Beneficial
STU_2024763,20,Male,Undergraduate,Instagram,4.9,1.8,Laptop/PC,7.8,3,True,Frequently,17.0,96,3.42,Beneficial
STU_2024764,17,Male,High School,TikTok,2.0,1.7,Laptop/PC,8.9,5,False,Sometimes,0.0,97,4.0,Beneficial
STU_2024765,17,Female,High School,TikTok,5.5,2.9,Laptop/PC,7.0,2,True,Frequently,13.0,78,3.65,Beneficial
STU_2024766,19,Female,Undergraduate,TikTok,10.1,1.7,Smartphone,5.5,1,True,Rarely,17.0,66,3.06,Neutral
STU_2024767,18,Female,Undergraduate,Snapchat,2.2,2.5,Smartphone,5.9,3,True,Rarely,13.0,88,4.0,Beneficial
STU_2024768,21,Male,Undergraduate,YouTube,5.8,2.7,Smartphone,5.9,2,False,Rarely,9.0,81,3.19,Beneficial
STU_2024769,19,Female,Undergraduate,Instagram,9.8,2.9,Smartphone,4.8,1,True,Frequently,24.0,60,3.32,Neutral
STU_2024770,17,Female,High School,Instagram,2.3,1.1,Smartphone,7.3,2,False,Never,10.0,84,3.86,Beneficial
STU_2024771,20,Male,High School,Instagram,3.6,1.6,Smartphone,8.1,4,True,Sometimes,8.0,95,3.82,Beneficial
STU_2024772,18,Male,Undergraduate,Instagram,6.1,2.6,Smartphone,4.5,1,True,Sometimes,9.0,81,3.0,Beneficial
STU_2024773,17,Male,High School,YouTube,5.0,1.9,Smartphone,8.5,4,True,Frequently,12.0,95,3.22,Beneficial
STU_2024774,17,Female,High School,X (Twitter),7.1,0.9,Smartphone,7.2,2,True,Frequently,13.0,81,3.62,Beneficial
STU_2024775,18,Male,Undergraduate,Instagram,2.7,2.2,Smartphone,5.4,2,False,Rarely,19.0,87,3.78,Beneficial
STU_2024776,19,Male,Undergraduate,TikTok,12.7,2.0,Smartphone,4.2,1,True,Always,34.0,44,2.35,Negative
STU_2024777,18,Male,High School,YouTube,3.2,1.9,Laptop/PC,6.8,3,True,Sometimes,13.0,94,3.66,Beneficial
STU_2024778,19,Female,Undergraduate,YouTube,8.7,2.0,Tablet,7.2,3,False,Never,15.0,79,3.54,Beneficial
STU_2024779,20,Male,High School,Snapchat,5.0,1.2,Smartphone,5.6,2,True,Rarely,15.0,64,3.41,Beneficial
STU_2024780,19,Female,Undergraduate,Snapchat,8.9,2.1,Smartphone,4.6,1,True,Sometimes,27.0,57,2.65,Neutral
STU_2024781,19,Male,Undergraduate,TikTok,1.7,0.2,Smartphone,7.1,4,True,Frequently,0.0,95,3.61,Beneficial
STU_2024782,17,Female,High School,Reddit,4.1,2.1,Smartphone,6.8,2,True,Frequently,15.0,83,3.3,Beneficial
STU_2024783,16,Female,High School,TikTok,2.9,2.0,Laptop/PC,8.4,4,True,Always,10.0,84,3.76,Beneficial
STU_2024784,17,Male,High School,YouTube,3.5,2.2,Smartphone,5.9,2,True,Frequently,7.0,87,3.46,Beneficial
STU_2024785,15,Male,High School,Snapchat,6.3,1.3,Smartphone,6.3,1,True,Frequently,18.0,79,3.35,Beneficial
STU_2024786,17,Female,High School,Instagram,8.8,1.2,Laptop/PC,6.3,1,True,Rarely,23.0,63,3.55,Neutral
STU_2024787,21,Female,Undergraduate,Snapchat,3.4,1.8,Smartphone,8.6,5,False,Sometimes,7.0,98,4.0,Beneficial
STU_2024788,18,Female,Undergraduate,Instagram,3.3,2.4,Laptop/PC,7.2,3,False,Rarely,3.0,80,3.59,Beneficial
STU_2024789,19,Male,Undergraduate,YouTube,5.0,1.6,Smartphone,6.4,3,False,Frequently,8.0,78,3.49,Beneficial
STU_2024790,22,Female,Postgraduate,TikTok,4.0,1.9,Laptop/PC,6.9,3,True,Frequently,7.0,81,3.69,Beneficial
STU_2024791,20,Female,Undergraduate,Instagram,5.0,2.1,Smartphone,6.6,1,True,Always,16.0,84,3.19,Beneficial
STU_2024792,16,Male,High School,Snapchat,4.4,1.4,Smartphone,8.0,3,False,Sometimes,3.0,93,3.18,Beneficial
STU_2024793,19,Male,Undergraduate,YouTube,2.2,1.5,Smartphone,7.6,3,True,Frequently,13.0,93,3.63,Beneficial
STU_2024794,19,Non-Binary,Undergraduate,Reddit,2.5,2.6,Smartphone,8.0,2,False,Frequently,10.0,89,4.0,Beneficial
STU_2024795,22,Female,Undergraduate,Snapchat,8.3,2.2,Smartphone,4.9,1,False,Frequently,21.0,57,2.91,Neutral
STU_2024796,21,Female,Undergraduate,Instagram,4.9,2.1,Smartphone,7.7,3,False,Sometimes,15.0,93,3.35,Beneficial
STU_2024797,17,Female,High School,Instagram,4.8,1.7,Laptop/PC,6.3,3,True,Sometimes,15.0,81,3.6,Beneficial
STU_2024798,18,Female,Undergraduate,Instagram,6.4,2.1,Smartphone,7.2,2,True,Always,12.0,80,2.83,Beneficial
STU_2024799,19,Female,Undergraduate,Instagram,5.7,2.4,Smartphone,5.4,2,True,Always,17.0,75,2.73,Beneficial
STU_2024800,16,Male,High School,Snapchat,6.4,1.5,Smartphone,7.7,3,True,Frequently,17.0,72,3.71,Beneficial
STU_2024801,16,Prefer not to say,High School,Reddit,6.1,0.9,Smartphone,5.6,1,True,Frequently,14.0,81,3.74,Beneficial
STU_2024802,18,Female,Undergraduate,Instagram,1.4,1.8,Smartphone,7.8,4,True,Sometimes,7.0,98,4.0,Beneficial
STU_2024803,17,Female,High School,TikTok,4.1,1.9,Laptop/PC,7.0,3,True,Frequently,10.0,81,3.59,Beneficial
STU_2024804,16,Male,High School,YouTube,2.3,2.3,Smartphone,8.9,4,True,Frequently,10.0,95,3.22,Beneficial
STU_2024805,17,Female,High School,Snapchat,5.7,1.8,Smartphone,6.3,2,False,Sometimes,15.0,79,3.27,Beneficial
STU_2024806,18,Female,Undergraduate,Instagram,3.9,1.0,Smartphone,8.1,4,True,Sometimes,15.0,87,4.0,Beneficial
STU_2024807,18,Female,Undergraduate,Instagram,3.0,1.6,Smartphone,7.3,3,False,Sometimes,14.0,86,3.96,Beneficial
STU_2024808,19,Male,Undergraduate,Snapchat,2.3,1.8,Smartphone,5.8,2,True,Sometimes,16.0,81,3.49,Beneficial
STU_2024809,18,Female,Undergraduate,Instagram,10.8,1.3,Smartphone,5.4,1,True,Sometimes,30.0,51,2.74,Negative
STU_2024810,20,Male,Undergraduate,YouTube,2.5,2.9,Smartphone,7.9,3,False,Frequently,0.0,98,4.0,Beneficial
STU_2024811,19,Prefer not to say,Undergraduate,YouTube,2.8,2.3,Smartphone,7.7,3,True,Rarely,2.0,98,4.0,Beneficial
STU_2024812,19,Female,Undergraduate,YouTube,8.9,1.7,Smartphone,5.6,1,True,Frequently,15.0,64,3.06,Beneficial
STU_2024813,17,Male,High School,Instagram,4.9,1.2,Smartphone,4.9,2,True,Frequently,21.0,62,3.56,Neutral
STU_2024814,17,Non-Binary,High School,Snapchat,5.0,2.4,Smartphone,6.6,3,True,Frequently,14.0,83,3.6,Beneficial
STU_2024815,22,Female,Undergraduate,TikTok,2.1,1.9,Laptop/PC,7.6,3,False,Frequently,13.0,97,4.0,Beneficial
STU_2024816,16,Female,High School,Instagram,2.8,1.2,Smartphone,7.9,4,False,Rarely,3.0,98,3.77,Beneficial
STU_2024817,19,Male,Undergraduate,YouTube,7.4,1.8,Smartphone,5.8,1,False,Sometimes,15.0,78,3.39,Beneficial
STU_2024818,18,Female,Undergraduate,TikTok,10.0,2.5,Smartphone,6.5,1,True,Sometimes,23.0,65,2.98,Neutral
STU_2024819,17,Female,High School,TikTok,2.4,2.2,Laptop/PC,7.9,4,True,Frequently,7.0,95,4.0,Beneficial
STU_2024820,15,Male,High School,Instagram,2.7,1.2,Smartphone,7.7,3,False,Rarely,15.0,84,3.77,Beneficial
STU_2024821,18,Female,Undergraduate,TikTok,2.3,0.7,Smartphone,7.3,3,False,Sometimes,6.0,98,4.0,Beneficial
STU_2024822,17,Female,High School,TikTok,10.5,1.5,Smartphone,5.7,1,True,Frequently,26.0,60,2.27,Neutral
STU_2024823,22,Male,Postgraduate,YouTube,4.2,1.3,Smartphone,7.1,3,True,Sometimes,15.0,79,3.59,Beneficial
STU_2024824,21,Male,Undergraduate,Snapchat,5.2,0.5,Smartphone,7.2,2,True,Frequently,20.0,78,3.09,Beneficial
STU_2024825,20,Male,Undergraduate,TikTok,6.2,2.5,Smartphone,5.7,2,False,Rarely,17.0,75,3.39,Beneficial
STU_2024826,23,Female,Postgraduate,Instagram,6.8,2.4,Smartphone,5.9,3,True,Frequently,17.0,58,3.31,Neutral
STU_2024827,19,Female,Undergraduate,Instagram,3.0,1.5,Smartphone,7.9,3,False,Frequently,8.0,94,3.78,Beneficial
STU_2024828,18,Female,Undergraduate,Snapchat,4.1,1.2,Smartphone,6.0,3,True,Sometimes,6.0,82,3.38,Beneficial
STU_2024829,20,Male,Undergraduate,YouTube,4.4,1.4,Smartphone,7.2,3,False,Rarely,12.0,79,3.18,Beneficial
STU_2024830,20,Female,Undergraduate,Snapchat,4.5,1.0,Smartphone,7.5,4,False,Sometimes,8.0,91,3.46,Beneficial
STU_2024831,20,Female,Undergraduate,TikTok,4.5,2.1,Smartphone,6.6,2,False,Frequently,8.0,83,3.31,Beneficial
STU_2024832,16,Male,High School,Snapchat,5.2,2.9,Smartphone,6.4,2,True,Sometimes,6.0,79,4.0,Beneficial
STU_2024833,19,Female,Undergraduate,Instagram,5.8,1.5,Smartphone,6.2,3,True,Frequently,14.0,79,3.48,Beneficial
STU_2024834,20,Male,Undergraduate,Snapchat,2.3,1.4,Laptop/PC,8.6,4,True,Always,9.0,88,3.98,Beneficial
STU_2024835,21,Female,Undergraduate,TikTok,2.6,2.4,Smartphone,8.6,4,True,Sometimes,8.0,88,3.59,Beneficial
STU_2024836,22,Male,Undergraduate,Instagram,5.0,2.6,Laptop/PC,8.0,4,True,Frequently,17.0,81,3.65,Beneficial
STU_2024837,24,Female,Undergraduate,YouTube,2.5,0.5,Smartphone,8.6,4,True,Sometimes,0.0,98,3.8,Beneficial
STU_2024838,17,Female,High School,Instagram,5.1,1.2,Smartphone,7.2,4,True,Never,14.0,71,3.07,Beneficial
STU_2024839,18,Male,High School,Instagram,8.2,2.3,Smartphone,5.1,2,True,Sometimes,20.0,61,3.23,Neutral
STU_2024840,17,Female,High School,YouTube,3.7,1.5,Smartphone,7.9,2,True,Frequently,13.0,83,3.88,Beneficial
STU_2024841,23,Female,Postgraduate,TikTok,7.3,0.4,Laptop/PC,5.7,2,True,Sometimes,20.0,69,3.07,Neutral
STU_2024842,17,Prefer not to say,High School,TikTok,4.0,3.0,Smartphone,6.0,3,False,Rarely,9.0,71,3.23,Beneficial
STU_2024843,21,Female,Undergraduate,Instagram,5.4,0.8,Smartphone,5.7,1,True,Sometimes,15.0,84,3.61,Beneficial
STU_2024844,18,Male,Undergraduate,X (Twitter),7.8,2.1,Smartphone,4.8,1,True,Frequently,20.0,63,2.7,Neutral
STU_2024845,21,Male,Undergraduate,Instagram,6.2,0.4,Smartphone,7.2,2,True,Rarely,12.0,80,3.35,Beneficial
STU_2024846,18,Female,Undergraduate,TikTok,4.2,1.4,Smartphone,8.2,4,False,Sometimes,6.0,97,3.95,Beneficial
STU_2024847,17,Male,High School,Instagram,4.4,3.4,Laptop/PC,7.2,3,False,Frequently,8.0,86,3.49,Beneficial
STU_2024848,18,Female,Undergraduate,TikTok,7.0,2.7,Smartphone,6.3,1,True,Sometimes,18.0,68,3.68,Beneficial
STU_2024849,20,Female,Undergraduate,TikTok,9.7,2.2,Smartphone,5.6,1,False,Frequently,26.0,60,3.03,Neutral
STU_2024850,18,Male,Undergraduate,TikTok,3.2,0.7,Laptop/PC,7.7,5,True,Sometimes,3.0,96,3.66,Beneficial
STU_2024851,18,Female,Undergraduate,TikTok,9.7,2.7,Smartphone,5.6,1,True,Sometimes,19.0,52,3.18,Neutral
STU_2024852,23,Female,Undergraduate,X (Twitter),6.6,2.3,Smartphone,7.3,2,True,Sometimes,14.0,77,3.24,Beneficial
STU_2024853,18,Female,Undergraduate,YouTube,3.8,1.7,Smartphone,6.7,2,False,Frequently,18.0,80,3.74,Beneficial
STU_2024854,17,Female,High School,YouTube,11.4,0.7,Smartphone,5.1,1,True,Rarely,26.0,59,2.75,Neutral
STU_2024855,20,Male,Undergraduate,Reddit,3.8,2.1,Smartphone,7.6,2,False,Sometimes,15.0,92,3.22,Beneficial
STU_2024856,20,Female,Undergraduate,Instagram,7.9,1.3,Smartphone,4.7,2,True,Sometimes,29.0,59,3.45,Neutral
STU_2024857,19,Female,Undergraduate,YouTube,7.0,1.3,Smartphone,6.9,2,True,Always,17.0,78,2.97,Beneficial
STU_2024858,17,Female,High School,YouTube,2.6,1.9,Smartphone,7.2,3,False,Sometimes,3.0,93,3.79,Beneficial
STU_2024859,21,Male,Undergraduate,YouTube,1.4,0.4,Smartphone,8.0,4,False,Frequently,7.0,88,3.82,Beneficial
STU_2024860,17,Female,High School,Instagram,3.6,2.2,Smartphone,9.2,4,True,Frequently,13.0,89,3.83,Beneficial
STU_2024861,19,Female,Undergraduate,Instagram,5.5,1.9,Smartphone,6.8,2,True,Frequently,12.0,79,3.3,Beneficial
STU_2024862,18,Male,Undergraduate,YouTube,7.5,0.8,Smartphone,5.5,1,True,Rarely,23.0,61,3.0,Neutral
STU_2024863,18,Female,Undergraduate,Snapchat,5.4,0.7,Smartphone,7.2,3,True,Rarely,8.0,91,3.36,Beneficial
STU_2024864,20,Male,High School,Instagram,3.8,0.6,Smartphone,6.6,2,True,Rarely,3.0,96,3.91,Beneficial
STU_2024865,18,Male,Undergraduate,Instagram,9.5,1.2,Smartphone,5.1,1,True,Always,23.0,60,3.21,Neutral
STU_2024866,16,Female,High School,TikTok,9.4,1.3,Smartphone,6.3,1,True,Always,13.0,66,3.23,Beneficial
STU_2024867,16,Non-Binary,High School,Snapchat,7.8,0.3,Smartphone,4.2,1,True,Rarely,27.0,64,3.27,Neutral
STU_2024868,20,Female,Undergraduate,X (Twitter),3.2,2.1,Smartphone,8.3,3,True,Rarely,12.0,86,3.7,Beneficial
STU_2024869,16,Male,High School,Instagram,3.8,1.9,Smartphone,9.4,5,False,Sometimes,8.0,98,4.0,Beneficial
STU_2024870,17,Female,High School,Reddit,1.8,1.3,Smartphone,7.4,3,False,Rarely,,98,3.86,Beneficial
STU_2024871,24,Male,Postgraduate,TikTok,5.3,2.0,Laptop/PC,6.1,1,False,Frequently,11.0,85,3.63,Beneficial
STU_2024872,18,Female,Undergraduate,Snapchat,8.6,2.8,Smartphone,4.3,1,True,Rarely,28.0,68,2.61,Neutral
STU_2024873,21,Male,High School,Instagram,3.3,2.1,Smartphone,7.9,4,False,Rarely,7.0,95,3.31,Beneficial
STU_2024874,18,Male,Undergraduate,Instagram,3.8,2.2,Smartphone,9.3,4,False,Frequently,9.0,82,3.93,Beneficial
STU_2024875,18,Prefer not to say,Undergraduate,Instagram,6.1,2.8,Smartphone,6.0,1,True,Never,21.0,69,3.42,Beneficial
STU_2024876,20,Male,Undergraduate,YouTube,2.8,2.1,Smartphone,6.8,4,False,Frequently,13.0,94,4.0,Beneficial
STU_2024877,17,Female,High School,LinkedIn,8.8,2.2,Smartphone,4.6,1,True,Rarely,18.0,67,3.15,Neutral
STU_2024878,18,Female,High School,Instagram,3.6,1.7,Smartphone,8.7,3,False,Frequently,11.0,92,4.0,Beneficial
STU_2024879,20,Female,Undergraduate,TikTok,6.3,1.6,Smartphone,7.5,3,True,Frequently,8.0,90,3.12,Beneficial
STU_2024880,20,Female,Undergraduate,YouTube,3.7,2.8,Smartphone,7.2,3,True,Sometimes,9.0,92,3.4,Beneficial
STU_2024881,23,Male,Postgraduate,LinkedIn,10.0,1.4,Smartphone,3.3,1,False,Never,29.0,44,3.28,Negative
STU_2024882,17,Male,High School,Reddit,3.3,1.7,Smartphone,7.2,3,False,Sometimes,18.0,82,3.43,Beneficial
STU_2024883,17,Female,High School,TikTok,3.5,2.3,Smartphone,7.8,3,False,Frequently,11.0,83,3.5,Beneficial
STU_2024884,19,Male,Undergraduate,TikTok,2.5,2.0,Smartphone,6.0,2,True,Never,0.0,95,3.53,Beneficial
STU_2024885,20,Female,Undergraduate,YouTube,5.1,0.7,Smartphone,6.7,3,True,Frequently,8.0,82,3.74,Beneficial
STU_2024886,16,Male,High School,Instagram,8.2,2.0,Smartphone,5.6,1,True,Sometimes,25.0,64,3.22,Neutral
STU_2024887,18,Female,Undergraduate,TikTok,9.4,2.6,Smartphone,4.9,1,True,Frequently,20.0,69,2.91,Neutral
STU_2024888,23,Female,Postgraduate,Instagram,8.2,2.2,Smartphone,5.8,2,True,Sometimes,21.0,59,3.25,Neutral
STU_2024889,17,Male,High School,Instagram,7.6,2.2,Smartphone,4.5,2,True,Frequently,21.0,70,3.12,Neutral
STU_2024890,20,Male,High School,YouTube,2.4,1.6,Laptop/PC,6.6,2,True,Never,15.0,79,3.16,Beneficial
STU_2024891,18,Male,Undergraduate,Reddit,4.0,2.6,Smartphone,7.3,4,True,Sometimes,17.0,85,3.43,Beneficial
STU_2024892,19,Female,Undergraduate,Instagram,2.1,2.4,Smartphone,9.1,4,False,Always,0.0,98,4.0,Beneficial
STU_2024893,21,Female,Undergraduate,Snapchat,3.3,0.2,Smartphone,8.6,3,True,Frequently,4.0,82,3.77,Beneficial
STU_2024894,18,Female,Undergraduate,Snapchat,7.8,1.4,Smartphone,5.0,1,True,Always,11.0,69,3.22,Beneficial
STU_2024895,19,Male,Undergraduate,TikTok,4.2,1.9,Smartphone,6.0,3,False,Sometimes,9.0,93,3.66,Beneficial
STU_2024896,18,Male,Undergraduate,Instagram,10.4,3.0,Smartphone,5.1,1,True,Rarely,23.0,51,3.29,Neutral
STU_2024897,22,Female,Postgraduate,Reddit,4.6,1.3,Laptop/PC,6.9,2,False,Frequently,5.0,83,3.85,Beneficial
STU_2024898,18,Female,Undergraduate,X (Twitter),3.3,1.7,Smartphone,6.6,2,True,Always,10.0,79,3.67,Beneficial
STU_2024899,17,Female,High School,TikTok,4.0,1.8,Smartphone,6.9,2,True,Always,11.0,87,3.54,Beneficial
STU_2024900,19,Female,Undergraduate,X (Twitter),3.3,1.3,Smartphone,4.3,3,False,Sometimes,4.0,70,4.0,Beneficial
STU_2024901,21,Male,Undergraduate,TikTok,4.2,2.2,Smartphone,6.9,3,False,Sometimes,11.0,80,3.64,Beneficial
STU_2024902,20,Female,Undergraduate,Snapchat,3.4,0.8,Smartphone,6.7,2,False,Rarely,11.0,88,3.94,Beneficial
STU_2024903,19,Male,Undergraduate,Instagram,4.3,0.5,Smartphone,6.9,2,False,Sometimes,8.0,89,3.33,Beneficial
STU_2024904,17,Male,High School,YouTube,2.0,1.7,Smartphone,7.3,3,False,Sometimes,10.0,90,4.0,Beneficial
STU_2024905,17,Female,High School,Instagram,4.4,3.2,Smartphone,7.0,4,False,Sometimes,6.0,84,3.23,Beneficial
STU_2024906,18,Female,High School,Reddit,6.3,1.7,Smartphone,7.0,1,True,Frequently,14.0,85,3.23,Beneficial
STU_2024907,18,Male,Undergraduate,TikTok,7.8,0.6,Smartphone,3.7,1,True,Sometimes,27.0,60,2.82,Neutral
STU_2024908,19,Female,Undergraduate,Reddit,7.6,1.6,Smartphone,6.0,2,False,Rarely,26.0,62,3.17,Neutral
STU_2024909,20,Female,Undergraduate,Instagram,4.0,3.3,Smartphone,7.7,3,False,Always,11.0,87,3.51,Beneficial
STU_2024910,21,Female,Undergraduate,YouTube,7.9,1.2,Smartphone,6.6,2,True,Never,18.0,76,3.31,Beneficial
STU_2024911,20,Male,Undergraduate,YouTube,2.8,1.1,Smartphone,7.1,3,True,Sometimes,10.0,85,3.77,Beneficial
STU_2024912,22,Male,Undergraduate,Instagram,3.6,2.7,Smartphone,8.1,1,False,Sometimes,10.0,91,3.76,Beneficial
STU_2024913,19,Male,Undergraduate,Snapchat,6.4,2.2,Smartphone,6.1,2,True,Rarely,16.0,82,3.45,Beneficial
STU_2024914,19,Female,Undergraduate,YouTube,3.7,2.8,Smartphone,6.1,2,False,Frequently,17.0,77,3.44,Beneficial
STU_2024915,22,Female,Postgraduate,TikTok,8.9,1.7,Smartphone,5.8,2,True,Rarely,19.0,66,3.0,Neutral
STU_2024916,22,Male,Postgraduate,TikTok,8.9,1.3,Smartphone,5.6,2,True,Sometimes,19.0,56,2.65,Neutral
STU_2024917,22,Male,Postgraduate,Snapchat,3.8,2.1,Smartphone,6.9,2,True,Frequently,12.0,89,3.92,Beneficial
STU_2024918,16,Non-Binary,High School,Instagram,10.2,1.4,Smartphone,6.7,1,True,Sometimes,24.0,66,3.47,Neutral
STU_2024919,20,Female,Undergraduate,TikTok,5.2,1.6,Smartphone,7.3,3,False,Frequently,14.0,87,3.08,Beneficial
STU_2024920,16,Female,High School,Snapchat,9.0,2.1,Smartphone,5.7,1,True,Always,,63,3.05,Neutral
STU_2024921,21,Male,Undergraduate,X (Twitter),2.0,1.3,Smartphone,7.5,4,False,Sometimes,3.0,84,3.83,Beneficial
STU_2024922,17,Male,High School,Instagram,5.0,1.7,Smartphone,6.3,2,False,Always,8.0,81,3.69,Beneficial
STU_2024923,17,Female,High School,YouTube,3.5,1.7,Smartphone,9.1,4,True,Sometimes,6.0,97,3.6,Beneficial
STU_2024924,18,Non-Binary,Undergraduate,Instagram,10.1,1.3,Smartphone,3.4,1,False,Sometimes,35.0,56,3.13,Negative
STU_2024925,16,Female,High School,YouTube,4.2,1.2,Smartphone,6.4,2,False,Always,14.0,83,3.37,Beneficial
STU_2024926,22,Female,Postgraduate,TikTok,2.4,0.1,Smartphone,6.8,4,False,Frequently,4.0,93,3.65,Beneficial
STU_2024927,17,Male,High School,Instagram,8.7,2.0,Laptop/PC,5.3,2,True,Sometimes,15.0,66,2.61,Neutral
STU_2024928,19,Male,Undergraduate,Instagram,5.5,1.9,Smartphone,6.1,2,True,Rarely,18.0,74,3.88,Beneficial
STU_2024929,20,Female,Undergraduate,Instagram,4.6,1.5,Smartphone,8.6,3,True,Sometimes,3.0,92,3.84,Beneficial
STU_2024930,21,Male,High School,TikTok,3.7,1.0,Laptop/PC,5.5,2,False,Rarely,11.0,77,3.51,Beneficial
STU_2024931,18,Female,High School,Snapchat,3.9,2.0,Smartphone,7.1,3,False,Rarely,11.0,77,3.59,Beneficial
STU_2024932,20,Male,Undergraduate,TikTok,3.8,1.5,Smartphone,6.6,2,False,Frequently,19.0,92,3.08,Beneficial
STU_2024933,21,Female,Undergraduate,Instagram,3.0,2.4,Smartphone,7.2,3,True,Frequently,12.0,79,3.4,Beneficial
STU_2024934,19,Male,Undergraduate,Instagram,4.5,1.5,Smartphone,6.1,2,True,Always,5.0,96,3.72,Beneficial
STU_2024935,22,Female,Undergraduate,Instagram,2.5,0.6,Laptop/PC,7.4,4,False,Frequently,1.0,80,3.96,Beneficial
STU_2024936,19,Male,Undergraduate,Instagram,6.6,1.0,Smartphone,5.6,3,True,Frequently,15.0,60,2.95,Neutral
STU_2024937,19,Male,High School,YouTube,3.2,2.5,Smartphone,8.3,4,False,Sometimes,18.0,98,3.21,Beneficial
STU_2024938,19,Female,Undergraduate,TikTok,5.7,1.9,Smartphone,5.8,1,True,Never,18.0,81,3.02,Beneficial
STU_2024939,19,Female,Undergraduate,LinkedIn,10.5,1.2,Smartphone,5.7,1,False,Rarely,19.0,57,2.43,Neutral
STU_2024940,22,Male,Postgraduate,Reddit,1.4,1.9,Smartphone,7.6,4,False,Frequently,6.0,92,3.84,Beneficial
STU_2024941,18,Male,Undergraduate,Snapchat,8.7,2.1,Smartphone,6.5,3,True,Always,20.0,73,2.95,Neutral
STU_2024942,19,Female,Undergraduate,LinkedIn,4.8,1.8,Smartphone,5.8,3,False,Frequently,20.0,69,3.11,Neutral
STU_2024943,17,Female,High School,Instagram,1.8,1.3,Smartphone,8.2,4,False,Frequently,4.0,98,3.88,Beneficial
STU_2024944,19,Male,Undergraduate,Snapchat,4.0,0.7,Smartphone,6.4,3,True,Always,8.0,83,4.0,Beneficial
STU_2024945,19,Female,Undergraduate,TikTok,5.4,1.5,Smartphone,5.9,2,True,Sometimes,10.0,84,3.34,Beneficial
STU_2024946,15,Male,High School,TikTok,4.2,2.3,Smartphone,6.3,2,False,Rarely,6.0,85,3.36,Beneficial
STU_2024947,20,Male,Undergraduate,Snapchat,6.0,1.6,Laptop/PC,7.2,2,False,Rarely,18.0,66,3.05,Neutral
STU_2024948,20,Female,Undergraduate,TikTok,3.9,1.1,Smartphone,7.1,3,False,Sometimes,10.0,76,3.5,Beneficial
STU_2024949,18,Male,Undergraduate,Reddit,2.8,1.2,Smartphone,7.1,2,True,Sometimes,8.0,83,3.55,Beneficial
STU_2024950,16,Female,High School,TikTok,3.2,2.5,Smartphone,7.8,3,False,Never,10.0,85,3.86,Beneficial
STU_2024951,20,Female,Undergraduate,YouTube,10.8,1.2,Smartphone,5.2,1,True,Sometimes,22.0,62,2.57,Neutral
STU_2024952,18,Prefer not to say,Undergraduate,YouTube,11.1,3.0,Smartphone,5.1,1,False,Rarely,29.0,52,2.3,Negative
STU_2024953,18,Male,High School,Snapchat,4.1,1.3,Smartphone,8.0,3,False,Frequently,15.0,79,3.7,Beneficial
STU_2024954,16,Male,High School,Reddit,4.8,2.7,Smartphone,7.5,3,False,Frequently,12.0,75,3.14,Beneficial
STU_2024955,20,Female,Undergraduate,Instagram,8.6,2.3,Smartphone,5.5,3,True,Frequently,23.0,57,3.06,Neutral
STU_2024956,20,Non-Binary,Undergraduate,YouTube,5.8,0.4,Smartphone,5.6,2,True,Sometimes,15.0,69,3.47,Beneficial
STU_2024957,18,Female,Undergraduate,Snapchat,6.2,1.6,Smartphone,6.4,2,True,Frequently,20.0,76,3.45,Beneficial
STU_2024958,18,Female,Undergraduate,Instagram,5.4,1.4,Smartphone,6.6,2,False,Always,6.0,97,,Beneficial
STU_2024959,19,Female,Undergraduate,Snapchat,3.7,1.7,Smartphone,7.5,3,False,Sometimes,10.0,92,3.21,Beneficial
STU_2024960,17,Female,High School,TikTok,5.3,2.4,Laptop/PC,8.2,3,True,Sometimes,21.0,89,3.51,Beneficial
STU_2024961,17,Male,High School,Snapchat,3.8,1.1,Smartphone,7.9,4,False,Sometimes,11.0,90,4.0,Beneficial
STU_2024962,17,Male,High School,TikTok,7.5,1.8,Laptop/PC,6.4,3,True,Sometimes,16.0,69,3.63,Beneficial
STU_2024963,18,Male,Undergraduate,TikTok,2.0,2.6,Laptop/PC,8.8,5,False,Sometimes,9.0,98,3.63,Beneficial
STU_2024964,18,Male,Undergraduate,Instagram,5.0,0.6,Smartphone,7.8,4,True,Rarely,9.0,74,3.95,Beneficial
STU_2024965,18,Female,Undergraduate,Snapchat,9.5,2.4,Smartphone,6.5,2,False,Frequently,17.0,68,2.95,Neutral
STU_2024966,19,Male,Undergraduate,Instagram,13.0,2.1,Smartphone,3.7,1,True,Frequently,32.0,41,2.38,Negative
STU_2024967,17,Prefer not to say,High School,YouTube,3.3,2.2,Smartphone,5.3,3,False,Sometimes,13.0,78,3.54,Beneficial
STU_2024968,19,Female,Undergraduate,YouTube,8.5,0.8,Laptop/PC,3.8,1,True,Frequently,21.0,57,3.31,Neutral
STU_2024969,19,Female,Undergraduate,TikTok,6.2,2.2,Laptop/PC,6.1,1,True,Sometimes,15.0,79,3.47,Beneficial
STU_2024970,17,Male,High School,YouTube,5.5,1.8,Smartphone,6.4,2,True,Always,19.0,83,3.02,Beneficial
STU_2024971,21,Female,High School,Instagram,3.3,1.7,Tablet,7.4,4,False,Rarely,13.0,90,3.15,Beneficial
STU_2024972,17,Female,High School,YouTube,2.2,1.6,Smartphone,7.7,4,False,Sometimes,6.0,98,4.0,Beneficial
STU_2024973,19,Male,Undergraduate,Instagram,8.9,1.6,Smartphone,7.5,2,True,Frequently,19.0,71,3.26,Beneficial
STU_2024974,20,Female,Undergraduate,Instagram,5.3,1.5,Smartphone,6.3,3,False,Sometimes,13.0,80,3.38,Beneficial
STU_2024975,19,Female,Undergraduate,YouTube,3.1,2.4,Smartphone,7.3,2,False,Always,13.0,85,3.45,Beneficial
STU_2024976,15,Male,High School,Instagram,3.4,3.0,Smartphone,6.2,3,False,Sometimes,15.0,86,3.64,Beneficial
STU_2024977,19,Female,Undergraduate,Reddit,2.4,0.8,Smartphone,8.0,3,False,Always,7.0,91,4.0,Beneficial
STU_2024978,19,Male,Undergraduate,Instagram,5.7,1.5,Smartphone,7.1,2,True,Frequently,18.0,79,2.89,Beneficial
STU_2024979,22,Female,Postgraduate,Instagram,4.5,1.0,Smartphone,7.0,2,True,Frequently,13.0,81,3.89,Beneficial
STU_2024980,21,Male,Undergraduate,Instagram,8.8,1.8,Smartphone,6.2,2,False,Frequently,17.0,76,2.85,Beneficial
STU_2024981,17,Male,High School,Snapchat,4.2,1.7,Smartphone,7.8,2,True,Frequently,16.0,76,3.4,Beneficial
STU_2024982,18,Male,Undergraduate,Instagram,9.7,1.5,Laptop/PC,5.6,1,False,Rarely,14.0,61,3.16,Beneficial
STU_2024983,21,Female,Undergraduate,YouTube,4.8,1.6,Smartphone,7.2,3,False,Always,11.0,90,,Beneficial
STU_2024984,16,Female,High School,Instagram,6.6,2.7,Smartphone,6.6,3,False,Never,7.0,77,3.74,Beneficial
STU_2024985,18,Non-Binary,Undergraduate,TikTok,5.7,1.2,Smartphone,5.7,3,True,Frequently,8.0,80,3.24,Beneficial
STU_2024986,21,Female,Undergraduate,TikTok,4.9,1.6,Smartphone,8.3,4,True,Always,3.0,88,3.5,Beneficial
STU_2024987,17,Female,High School,Instagram,5.8,2.6,Smartphone,6.1,2,True,Never,21.0,67,3.23,Neutral
STU_2024988,18,Male,High School,YouTube,6.1,0.4,Smartphone,6.7,3,True,Frequently,24.0,76,3.61,Beneficial
STU_2024989,17,Male,High School,TikTok,7.2,1.7,Smartphone,7.2,2,True,Frequently,9.0,82,3.4,Beneficial
STU_2024990,19,Female,Undergraduate,Instagram,2.6,2.7,Smartphone,7.4,3,True,Sometimes,14.0,98,3.19,Beneficial
STU_2024991,16,Female,High School,YouTube,2.2,1.9,Laptop/PC,7.6,3,False,Frequently,4.0,98,3.85,Beneficial
STU_2024992,19,Female,Undergraduate,X (Twitter),6.8,1.6,Laptop/PC,5.8,2,True,Always,17.0,73,3.62,Beneficial
STU_2024993,20,Female,Undergraduate,Instagram,3.8,0.7,Smartphone,7.3,3,True,Sometimes,8.0,93,3.62,Beneficial
STU_2024994,18,Female,Undergraduate,YouTube,7.5,1.4,Smartphone,5.3,1,True,Frequently,25.0,63,2.66,Neutral
STU_2024995,21,Female,Undergraduate,X (Twitter),6.2,2.7,Tablet,6.7,2,True,Frequently,18.0,71,2.89,Neutral
STU_2024996,19,Male,Undergraduate,YouTube,4.2,2.1,Smartphone,6.8,3,True,Sometimes,17.0,79,3.21,Beneficial
STU_2024997,17,Male,High School,TikTok,6.9,2.4,Smartphone,4.9,1,True,Frequently,13.0,72,2.98,Beneficial
STU_2024998,19,Female,Undergraduate,Instagram,2.7,0.7,Smartphone,6.5,3,True,Sometimes,13.0,86,3.67,Beneficial
STU_2024999,18,Female,Undergraduate,Instagram,3.5,1.9,Smartphone,8.4,3,False,Rarely,13.0,94,3.48,Beneficial
STU_2025000,17,Male,High School,TikTok,4.6,1.6,Laptop/PC,6.7,4,False,Sometimes,4.0,84,3.89,Beneficial
STU_2025001,18,Female,Undergraduate,TikTok,4.0,2.2,Smartphone,7.0,3,False,Rarely,9.0,84,,Beneficial
STU_2025002,16,Female,High School,Snapchat,4.5,2.4,Smartphone,8.4,3,False,Always,14.0,91,2.67,Beneficial
STU_2025003,18,Male,Undergraduate,YouTube,2.9,2.2,Smartphone,7.3,3,False,Sometimes,16.0,76,3.39,Beneficial
STU_2025004,22,Female,Postgraduate,Instagram,4.9,1.5,Smartphone,7.0,2,False,Rarely,14.0,70,3.89,Beneficial
STU_2025005,19,Male,Undergraduate,YouTube,2.7,1.0,Smartphone,8.2,4,True,Sometimes,8.0,93,3.33,Beneficial
STU_2025006,25,Female,Postgraduate,Instagram,3.4,1.9,Smartphone,8.5,4,False,Sometimes,9.0,97,4.0,Beneficial
STU_2025007,20,Female,High School,TikTok,1.6,1.4,Smartphone,9.7,5,True,Frequently,2.0,98,3.91,Beneficial
STU_2025008,18,Female,Undergraduate,Instagram,3.7,1.6,Laptop/PC,7.5,2,True,Frequently,8.0,84,3.86,Beneficial
STU_2025009,20,Male,Undergraduate,Reddit,6.2,0.6,Smartphone,8.1,2,True,Frequently,12.0,81,3.98,Beneficial
STU_2025010,23,Female,Undergraduate,Instagram,8.2,0.8,Smartphone,4.6,2,True,Always,28.0,59,2.67,Neutral
STU_2025011,20,Male,Undergraduate,TikTok,4.8,2.6,Smartphone,6.1,1,False,Always,16.0,82,3.33,Beneficial
STU_2025012,20,Male,Undergraduate,TikTok,7.0,2.8,Smartphone,5.2,1,False,Sometimes,,70,3.29,Beneficial
STU_2025013,17,Male,High School,Instagram,3.7,1.4,Smartphone,7.2,4,False,Rarely,19.0,76,3.85,Beneficial
STU_2025014,19,Non-Binary,Undergraduate,Instagram,5.5,1.8,Smartphone,6.8,3,True,Sometimes,13.0,75,3.55,Beneficial
STU_2025015,16,Male,High School,Snapchat,4.8,0.7,Smartphone,7.4,3,False,Frequently,16.0,92,3.47,Beneficial
STU_2025016,22,Male,Undergraduate,YouTube,2.2,1.2,Smartphone,8.2,5,True,Rarely,5.0,98,3.86,Beneficial
STU_2025017,18,Male,Undergraduate,TikTok,8.9,1.3,Smartphone,6.8,2,False,Rarely,28.0,62,2.29,Negative
STU_2025018,18,Male,Undergraduate,YouTube,3.6,1.3,Smartphone,7.9,3,False,Never,10.0,84,3.58,Beneficial
STU_2025019,20,Female,Undergraduate,Instagram,6.6,1.2,Smartphone,6.4,2,True,Sometimes,21.0,65,3.01,Neutral
STU_2025020,16,Male,High School,TikTok,4.4,1.9,Smartphone,7.6,3,True,Always,15.0,92,3.86,Beneficial
STU_2025021,24,Male,Postgraduate,YouTube,4.8,3.1,Laptop/PC,10.0,5,False,Sometimes,,98,2.84,Beneficial
STU_2025022,18,Prefer not to say,Undergraduate,YouTube,6.2,1.3,Smartphone,7.3,2,True,Frequently,13.0,63,2.71,Neutral
STU_2025023,16,Male,High School,Instagram,3.4,2.0,Smartphone,7.6,3,True,Sometimes,13.0,78,3.36,Beneficial
STU_2025024,23,Female,Postgraduate,TikTok,5.4,0.9,Smartphone,6.1,3,False,Frequently,19.0,64,3.16,Neutral
STU_2025025,17,Female,High School,Instagram,6.2,1.3,Smartphone,6.2,2,True,Sometimes,8.0,85,3.44,Beneficial
STU_2025026,18,Male,Undergraduate,TikTok,4.0,1.6,Tablet,7.7,3,False,Sometimes,9.0,86,,Beneficial
STU_2025027,19,Male,Undergraduate,YouTube,2.1,1.6,Smartphone,7.9,3,False,Rarely,8.0,98,3.65,Beneficial
STU_2025028,19,Male,High School,Snapchat,2.0,1.9,Laptop/PC,8.9,4,False,Frequently,6.0,98,3.36,Beneficial
STU_2025029,20,Female,Undergraduate,TikTok,3.7,1.6,Smartphone,7.0,3,True,Frequently,11.0,78,3.48,Beneficial
STU_2025030,19,Female,High School,TikTok,5.6,1.5,Laptop/PC,6.2,2,False,Sometimes,17.0,72,3.31,Beneficial
STU_2025031,19,Male,High School,Instagram,3.8,0.8,Tablet,7.4,3,True,Sometimes,15.0,92,3.06,Beneficial
STU_2025032,18,Female,Undergraduate,Instagram,4.0,2.2,Smartphone,6.1,2,True,Frequently,19.0,81,3.1,Beneficial
STU_2025033,23,Female,Postgraduate,Instagram,1.9,1.4,Smartphone,8.7,4,False,Always,0.0,96,4.0,Beneficial
STU_2025034,18,Male,Undergraduate,TikTok,1.3,1.2,Laptop/PC,7.5,4,False,Rarely,1.0,98,4.0,Beneficial
STU_2025035,19,Female,Undergraduate,Reddit,6.3,2.6,Smartphone,6.2,2,False,Sometimes,16.0,72,3.59,Beneficial
STU_2025036,18,Female,Undergraduate,TikTok,12.7,1.9,Tablet,4.3,1,True,Frequently,27.0,55,2.24,Negative
STU_2025037,21,Female,Undergraduate,Snapchat,3.5,1.4,Smartphone,6.7,3,False,Frequently,6.0,76,3.7,Beneficial
STU_2025038,18,Male,Undergraduate,YouTube,4.3,1.7,Smartphone,7.8,2,True,Sometimes,14.0,80,3.47,Beneficial
STU_2025039,21,Female,Undergraduate,TikTok,6.3,2.4,Smartphone,4.9,1,True,Never,20.0,69,3.55,Beneficial
STU_2025040,19,Non-Binary,Undergraduate,X (Twitter),10.4,1.0,Smartphone,4.4,1,True,Frequently,30.0,55,2.12,Negative
STU_2025041,18,Male,Undergraduate,YouTube,6.2,1.4,Laptop/PC,5.5,1,True,Always,15.0,78,3.16,Beneficial
STU_2025042,19,Male,Undergraduate,YouTube,2.8,1.6,Smartphone,6.7,4,True,Frequently,4.0,95,3.81,Beneficial
STU_2025043,18,Male,Undergraduate,TikTok,3.5,2.1,Smartphone,8.5,3,False,Never,9.0,98,3.91,Beneficial
STU_2025044,16,Female,High School,TikTok,4.9,1.6,Smartphone,7.1,3,False,Frequently,14.0,78,3.34,Beneficial
STU_2025045,17,Female,High School,Instagram,4.0,2.7,Smartphone,7.0,4,True,Rarely,15.0,84,3.66,Beneficial
STU_2025046,21,Male,Undergraduate,Snapchat,4.3,2.2,Laptop/PC,8.1,3,False,Sometimes,12.0,90,3.81,Beneficial
STU_2025047,21,Male,Undergraduate,Instagram,1.2,1.2,Smartphone,7.0,3,False,Never,5.0,95,3.47,Beneficial
STU_2025048,16,Male,High School,YouTube,5.2,1.5,Laptop/PC,6.6,3,True,Frequently,10.0,75,3.2,Beneficial
STU_2025049,17,Male,High School,Instagram,4.4,1.0,Smartphone,7.4,4,False,Always,7.0,83,3.51,Beneficial
STU_2025050,21,Female,Undergraduate,TikTok,5.9,2.2,Smartphone,7.9,3,True,Always,,72,3.28,Beneficial
STU_2025051,18,Female,Undergraduate,Instagram,5.1,1.8,Smartphone,7.4,2,True,Sometimes,13.0,79,3.37,Beneficial
STU_2025052,18,Male,Undergraduate,TikTok,5.5,2.6,Smartphone,6.9,2,True,Frequently,5.0,83,3.65,Beneficial
STU_2025053,21,Female,Undergraduate,Instagram,3.0,2.4,Smartphone,6.0,2,False,Always,12.0,87,3.63,Beneficial
STU_2025054,20,Female,Undergraduate,Instagram,5.7,2.9,Smartphone,7.6,3,True,Always,14.0,89,2.97,Beneficial
STU_2025055,15,Male,High School,Reddit,2.3,2.2,Laptop/PC,7.3,2,False,Sometimes,8.0,87,3.65,Beneficial
STU_2025056,17,Male,High School,YouTube,3.0,0.7,Smartphone,6.3,2,True,Always,20.0,82,3.53,Beneficial
STU_2025057,20,Female,Undergraduate,YouTube,7.3,1.9,Smartphone,5.5,2,True,Always,17.0,64,3.13,Neutral
STU_2025058,19,Female,Undergraduate,Instagram,3.4,2.2,Laptop/PC,5.8,2,False,Always,2.0,90,3.76,Beneficial
STU_2025059,21,Male,Undergraduate,Snapchat,7.0,2.3,Tablet,6.9,2,True,Always,12.0,84,3.54,Beneficial
STU_2025060,17,Male,High School,Reddit,8.2,2.9,Smartphone,5.4,2,True,Rarely,24.0,59,2.95,Neutral
STU_2025061,23,Non-Binary,Postgraduate,TikTok,5.1,1.1,Smartphone,7.3,2,True,Always,9.0,93,3.33,Beneficial
STU_2025062,20,Female,Undergraduate,Instagram,6.6,1.8,Laptop/PC,6.6,1,True,Always,27.0,73,,Neutral
STU_2025063,22,Male,Undergraduate,Instagram,3.1,1.0,Smartphone,8.3,4,True,Rarely,10.0,97,3.5,Beneficial
STU_2025064,18,Female,Undergraduate,YouTube,5.9,1.9,Smartphone,5.1,1,False,Sometimes,23.0,77,3.88,Beneficial
STU_2025065,16,Female,High School,Reddit,1.9,2.4,Smartphone,8.3,3,False,Sometimes,4.0,98,3.62,Beneficial
STU_2025066,19,Female,Undergraduate,LinkedIn,2.3,1.2,Smartphone,7.2,3,False,Always,5.0,98,4.0,Beneficial
STU_2025067,23,Male,Postgraduate,Reddit,9.6,1.8,Smartphone,5.0,1,True,Sometimes,23.0,61,3.25,Neutral
STU_2025068,18,Female,High School,YouTube,10.1,2.1,Smartphone,5.4,1,False,Frequently,24.0,71,2.94,Neutral
STU_2025069,19,Male,Undergraduate,TikTok,5.7,1.5,Smartphone,6.5,2,True,Sometimes,21.0,74,3.92,Beneficial
STU_2025070,18,Male,Undergraduate,TikTok,8.5,2.9,Smartphone,6.8,1,True,Sometimes,22.0,64,3.42,Neutral
STU_2025071,19,Male,High School,YouTube,5.8,1.8,Laptop/PC,6.5,2,True,Always,16.0,84,3.05,Beneficial
STU_2025072,17,Female,High School,Instagram,5.0,2.3,Smartphone,5.2,2,True,Sometimes,25.0,74,2.75,Neutral
STU_2025073,21,Female,Undergraduate,Snapchat,2.1,2.2,Smartphone,8.4,3,True,Never,14.0,95,3.9,Beneficial
STU_2025074,18,Male,Undergraduate,LinkedIn,7.1,1.9,Smartphone,6.5,1,True,Rarely,20.0,81,3.25,Beneficial
STU_2025075,22,Male,Postgraduate,YouTube,5.7,2.2,Smartphone,6.9,1,True,Frequently,4.0,83,3.17,Beneficial
STU_2025076,22,Female,Postgraduate,Instagram,2.1,2.4,Smartphone,8.6,4,True,Sometimes,3.0,93,3.61,Beneficial
STU_2025077,22,Female,Undergraduate,TikTok,3.6,1.8,Tablet,6.2,2,True,Frequently,12.0,98,3.39,Beneficial
STU_2025078,19,Female,Undergraduate,YouTube,3.5,1.8,Smartphone,7.7,3,True,Frequently,9.0,88,3.69,Beneficial
STU_2025079,22,Male,Postgraduate,TikTok,7.9,2.5,Smartphone,5.8,2,True,Rarely,20.0,55,3.1,Neutral
STU_2025080,18,Female,Undergraduate,Reddit,6.0,2.4,Smartphone,5.4,2,True,Sometimes,12.0,73,3.41,Beneficial
STU_2025081,17,Non-Binary,High School,Instagram,2.8,1.6,Tablet,7.1,2,False,Sometimes,10.0,98,3.82,Beneficial
STU_2025082,25,Female,Undergraduate,Instagram,4.9,3.0,Smartphone,5.9,1,True,Frequently,13.0,78,3.05,Beneficial
STU_2025083,16,Female,High School,Instagram,2.9,2.2,Smartphone,8.5,3,False,Sometimes,4.0,91,3.72,Beneficial
STU_2025084,17,Male,High School,TikTok,6.2,1.6,Laptop/PC,7.8,4,False,Sometimes,19.0,77,3.06,Beneficial
STU_2025085,19,Female,Undergraduate,Instagram,8.2,0.8,Laptop/PC,5.5,1,True,Rarely,19.0,60,2.96,Neutral
STU_2025086,19,Male,Undergraduate,Snapchat,10.6,2.4,Smartphone,6.3,2,True,Rarely,21.0,53,3.35,Neutral
STU_2025087,18,Male,Undergraduate,LinkedIn,5.1,1.7,Laptop/PC,5.8,2,True,Always,20.0,71,3.72,Beneficial
STU_2025088,19,Female,Undergraduate,TikTok,4.8,1.6,Smartphone,6.1,1,False,Always,15.0,77,3.54,Beneficial
STU_2025089,21,Male,High School,Snapchat,8.5,2.6,Laptop/PC,6.8,2,True,Sometimes,24.0,67,3.12,Neutral
STU_2025090,19,Female,High School,YouTube,2.0,3.0,Tablet,8.6,5,False,Frequently,6.0,95,3.82,Beneficial
STU_2025091,21,Male,Undergraduate,X (Twitter),4.4,2.3,Laptop/PC,6.5,2,False,Frequently,15.0,88,3.46,Beneficial
STU_2025092,17,Prefer not to say,High School,TikTok,4.0,1.8,Laptop/PC,6.8,2,True,Always,9.0,92,2.98,Beneficial
STU_2025093,18,Female,High School,X (Twitter),14.0,2.9,Smartphone,3.0,1,True,Frequently,28.0,43,2.46,Negative
STU_2025094,17,Male,High School,Instagram,5.2,1.9,Smartphone,8.1,3,True,Always,15.0,81,3.53,Beneficial
STU_2025095,17,Prefer not to say,High School,Instagram,5.1,1.8,Smartphone,6.1,2,True,Sometimes,7.0,76,3.25,Beneficial
STU_2025096,21,Female,Undergraduate,Instagram,5.0,2.9,Smartphone,7.4,3,False,Always,8.0,95,3.77,Beneficial
STU_2025097,18,Male,Undergraduate,YouTube,6.2,0.5,Smartphone,6.3,2,True,Rarely,21.0,70,3.3,Neutral
STU_2025098,20,Female,Undergraduate,Instagram,2.4,2.6,Smartphone,7.0,2,False,Frequently,3.0,91,3.82,Beneficial
STU_2025099,21,Female,Undergraduate,YouTube,5.1,2.4,Smartphone,7.2,3,False,Frequently,14.0,87,3.28,Beneficial
STU_2025100,20,Male,Undergraduate,Instagram,3.6,2.5,Smartphone,6.3,2,False,Frequently,10.0,78,3.81,Beneficial
STU_2025101,20,Female,Undergraduate,Snapchat,2.0,2.1,Smartphone,8.8,4,True,Sometimes,14.0,97,3.47,Beneficial
STU_2025102,19,Female,High School,TikTok,10.7,1.8,Smartphone,5.3,1,True,Rarely,22.0,61,2.73,Neutral
STU_2025103,21,Female,High School,YouTube,3.4,2.4,Smartphone,7.9,4,False,Sometimes,10.0,92,3.54,Beneficial
STU_2025104,26,Female,Undergraduate,TikTok,8.0,1.8,Smartphone,4.7,1,False,Always,19.0,52,3.17,Neutral
STU_2025105,21,Male,Undergraduate,X (Twitter),14.0,0.6,Smartphone,4.3,1,False,Always,24.0,50,2.31,Negative
STU_2025106,17,Male,High School,TikTok,2.6,2.5,Smartphone,9.0,4,True,Sometimes,7.0,98,3.63,Beneficial
STU_2025107,23,Male,Postgraduate,TikTok,3.7,1.8,Smartphone,7.9,3,False,Sometimes,11.0,83,3.84,Beneficial
STU_2025108,20,Female,Undergraduate,YouTube,5.7,1.5,Smartphone,7.4,3,True,Sometimes,12.0,82,3.52,Beneficial
STU_2025109,19,Female,Undergraduate,Instagram,7.8,1.9,Smartphone,6.5,1,False,Rarely,12.0,77,2.92,Beneficial
STU_2025110,21,Male,Undergraduate,TikTok,9.1,1.8,Smartphone,6.2,1,True,Sometimes,25.0,63,2.99,Neutral
STU_2025111,15,Male,High School,X (Twitter),7.8,1.7,Smartphone,5.3,1,True,Frequently,22.0,65,,Neutral
STU_2025112,21,Female,High School,X (Twitter),10.5,0.5,Smartphone,5.5,1,True,Sometimes,25.0,53,2.83,Neutral
STU_2025113,16,Male,High School,YouTube,5.3,0.7,Smartphone,6.6,2,False,Rarely,6.0,96,3.93,Beneficial
STU_2025114,22,Female,Undergraduate,TikTok,7.1,2.1,Smartphone,6.0,2,True,Always,18.0,73,2.74,Neutral
STU_2025115,18,Male,High School,Instagram,3.5,0.9,Smartphone,6.8,2,False,Always,11.0,81,3.56,Beneficial
STU_2025116,20,Female,Undergraduate,X (Twitter),4.4,2.8,Smartphone,8.1,4,False,Always,7.0,83,4.0,Beneficial
STU_2025117,18,Female,Undergraduate,TikTok,9.3,0.8,Smartphone,5.3,1,True,Frequently,23.0,65,2.67,Neutral
STU_2025118,19,Female,Undergraduate,Instagram,3.2,2.4,Smartphone,7.8,2,True,Always,18.0,96,4.0,Beneficial
STU_2025119,18,Female,Undergraduate,TikTok,11.4,2.1,Smartphone,3.5,1,True,Sometimes,29.0,40,2.93,Negative
STU_2025120,17,Male,High School,YouTube,7.5,1.8,Smartphone,6.7,2,False,Frequently,16.0,68,3.2,Beneficial
STU_2025121,18,Female,Undergraduate,LinkedIn,7.6,2.8,Smartphone,4.5,1,True,Sometimes,24.0,69,3.52,Neutral
STU_2025122,15,Male,High School,Instagram,9.0,1.7,Smartphone,5.8,1,True,Frequently,14.0,65,2.82,Beneficial
STU_2025123,21,Male,Undergraduate,Snapchat,4.5,1.7,Smartphone,6.6,3,False,Sometimes,12.0,88,3.17,Beneficial
STU_2025124,19,Female,Undergraduate,TikTok,3.7,1.6,Smartphone,7.6,3,True,Sometimes,6.0,86,3.89,Beneficial
STU_2025125,20,Female,Undergraduate,Snapchat,4.2,1.8,Smartphone,7.2,3,False,Frequently,10.0,81,3.54,Beneficial
STU_2025126,19,Male,Undergraduate,TikTok,2.9,1.3,Laptop/PC,5.7,2,False,Rarely,0.0,81,3.81,Beneficial
STU_2025127,20,Female,Undergraduate,YouTube,7.9,1.3,Smartphone,5.9,2,True,Frequently,18.0,69,3.25,Beneficial
STU_2025128,19,Female,Undergraduate,Instagram,5.6,2.7,Smartphone,5.0,1,True,Frequently,23.0,69,3.14,Neutral
STU_2025129,18,Female,Undergraduate,TikTok,7.0,2.4,Smartphone,6.5,2,False,Sometimes,14.0,65,3.09,Beneficial
STU_2025130,15,Female,High School,YouTube,4.2,0.6,Smartphone,6.9,2,True,Rarely,13.0,88,3.31,Beneficial
STU_2025131,17,Female,High School,YouTube,2.3,2.0,Smartphone,8.1,3,False,Sometimes,4.0,84,3.21,Beneficial
STU_2025132,17,Female,High School,Instagram,6.3,1.5,Smartphone,5.4,1,False,Sometimes,8.0,74,3.62,Beneficial
STU_2025133,17,Female,High School,Instagram,5.0,1.1,Smartphone,7.0,3,True,Sometimes,12.0,62,2.84,Beneficial
STU_2025134,19,Female,Undergraduate,TikTok,6.0,1.4,Laptop/PC,7.7,2,True,Sometimes,11.0,74,3.16,Beneficial
STU_2025135,20,Female,Undergraduate,YouTube,2.8,3.2,Tablet,8.1,3,True,Frequently,9.0,80,4.0,Beneficial
STU_2025136,17,Female,High School,Instagram,9.8,2.2,Tablet,7.1,2,True,Frequently,24.0,65,2.97,Neutral
STU_2025137,19,Male,Undergraduate,X (Twitter),7.3,1.3,Tablet,7.1,2,True,Always,18.0,68,2.99,Neutral
STU_2025138,18,Male,High School,Snapchat,3.2,2.9,Laptop/PC,7.3,4,True,Rarely,10.0,98,3.36,Beneficial
STU_2025139,17,Male,High School,TikTok,5.3,1.8,Smartphone,8.3,3,True,Rarely,9.0,90,3.79,Beneficial
STU_2025140,19,Male,Undergraduate,YouTube,5.4,2.2,Smartphone,5.0,2,False,Never,15.0,78,3.28,Beneficial
STU_2025141,17,Male,High School,Instagram,4.7,1.5,Smartphone,6.9,3,False,Sometimes,9.0,92,3.46,Beneficial
STU_2025142,22,Male,Undergraduate,Reddit,6.3,1.8,Smartphone,6.6,2,True,Sometimes,9.0,70,3.52,Beneficial
STU_2025143,19,Female,Undergraduate,YouTube,3.0,2.1,Laptop/PC,7.9,3,False,Always,13.0,90,3.34,Beneficial
STU_2025144,19,Female,Undergraduate,Instagram,6.6,1.2,Smartphone,6.8,1,False,Always,15.0,70,3.23,Beneficial
STU_2025145,15,Male,High School,Snapchat,3.5,2.3,Smartphone,8.9,4,True,Sometimes,8.0,98,3.93,Beneficial
STU_2025146,19,Male,Undergraduate,Instagram,9.7,1.4,Smartphone,5.7,1,False,Always,26.0,65,2.99,Neutral
STU_2025147,18,Female,Undergraduate,Reddit,3.9,2.1,Laptop/PC,7.8,3,False,Frequently,9.0,92,4.0,Beneficial
STU_2025148,16,Male,High School,Instagram,5.7,2.0,Smartphone,6.3,1,True,Rarely,20.0,78,3.35,Beneficial
STU_2025149,18,Prefer not to say,Undergraduate,YouTube,5.1,3.2,Smartphone,6.9,3,True,Sometimes,20.0,84,3.4,Beneficial
STU_2025150,18,Female,Undergraduate,TikTok,6.5,1.5,Tablet,7.5,2,True,Frequently,,88,3.49,Beneficial
STU_2025151,20,Female,Undergraduate,Instagram,7.4,2.6,Smartphone,5.8,1,True,Frequently,19.0,64,3.37,Neutral
STU_2025152,19,Male,Undergraduate,YouTube,3.9,0.7,Smartphone,8.1,4,False,Never,4.0,89,4.0,Beneficial
STU_2025153,17,Female,High School,YouTube,7.9,2.0,Smartphone,5.3,1,True,Rarely,23.0,66,2.2,Neutral
STU_2025154,20,Male,Undergraduate,TikTok,6.1,2.3,Smartphone,5.2,1,True,Sometimes,12.0,66,3.14,Beneficial
STU_2025155,17,Male,High School,Instagram,5.5,2.0,Smartphone,8.0,3,True,Sometimes,7.0,98,2.96,Beneficial
STU_2025156,20,Male,Undergraduate,TikTok,4.0,1.2,Smartphone,7.6,3,False,Frequently,5.0,88,3.84,Beneficial
STU_2025157,20,Female,Undergraduate,YouTube,6.6,2.2,Smartphone,5.2,2,True,Always,24.0,68,3.34,Neutral
STU_2025158,19,Male,High School,Reddit,2.5,1.4,Smartphone,7.6,2,False,Rarely,11.0,94,3.14,Beneficial
STU_2025159,20,Female,Undergraduate,TikTok,3.8,1.4,Smartphone,6.8,3,False,Frequently,10.0,92,4.0,Beneficial
STU_2025160,23,Male,Undergraduate,TikTok,4.7,2.4,Smartphone,6.4,2,False,Sometimes,15.0,88,3.27,Beneficial
STU_2025161,15,Female,High School,TikTok,2.1,2.5,Smartphone,7.4,4,False,Frequently,,90,3.7,Beneficial
STU_2025162,22,Male,Postgraduate,Instagram,4.9,1.3,Smartphone,8.0,3,False,Sometimes,6.0,98,3.84,Beneficial
STU_2025163,20,Female,Undergraduate,TikTok,10.0,1.6,Smartphone,5.3,1,False,Sometimes,27.0,67,2.82,Neutral
STU_2025164,19,Female,Undergraduate,Instagram,5.0,2.2,Smartphone,7.2,3,False,Rarely,3.0,81,3.74,Beneficial
STU_2025165,21,Male,Undergraduate,TikTok,4.1,2.0,Smartphone,6.7,3,True,Rarely,9.0,92,3.83,Beneficial
STU_2025166,19,Male,Undergraduate,Instagram,4.5,2.3,Tablet,7.2,3,True,Rarely,11.0,79,3.0,Beneficial
STU_2025167,20,Female,Undergraduate,TikTok,4.3,0.9,Smartphone,7.8,4,False,Always,12.0,88,3.83,Beneficial
STU_2025168,18,Female,Undergraduate,Snapchat,3.9,2.2,Laptop/PC,7.8,4,False,Sometimes,13.0,83,3.57,Beneficial
STU_2025169,18,Male,Undergraduate,Snapchat,2.2,0.0,Smartphone,7.7,4,True,Always,7.0,98,3.99,Beneficial
STU_2025170,21,Female,Undergraduate,TikTok,5.2,2.1,Smartphone,6.5,2,True,Always,12.0,86,3.96,Beneficial
STU_2025171,17,Female,High School,Instagram,9.7,1.3,Laptop/PC,5.6,1,False,Frequently,21.0,61,2.97,Neutral
STU_2025172,18,Male,Undergraduate,YouTube,5.6,2.2,Laptop/PC,7.4,3,True,Always,15.0,74,3.13,Beneficial
STU_2025173,20,Female,Undergraduate,Reddit,6.0,2.3,Smartphone,5.9,2,True,Never,17.0,77,3.79,Beneficial
STU_2025174,16,Female,High School,TikTok,5.8,0.7,Smartphone,5.6,2,True,Sometimes,13.0,68,2.98,Beneficial
STU_2025175,19,Male,Undergraduate,TikTok,8.5,2.5,Smartphone,4.8,1,True,Always,18.0,51,3.1,Neutral
STU_2025176,16,Male,High School,Snapchat,1.9,1.0,Laptop/PC,7.7,3,True,Rarely,6.0,89,3.75,Beneficial
STU_2025177,21,Male,Undergraduate,Instagram,9.1,1.4,Smartphone,5.6,1,True,Frequently,21.0,64,2.55,Neutral
STU_2025178,18,Female,Undergraduate,YouTube,3.5,1.8,Smartphone,6.4,3,False,Frequently,11.0,74,3.65,Beneficial
STU_2025179,19,Female,Undergraduate,Instagram,9.9,0.7,Smartphone,6.1,1,True,Frequently,32.0,60,2.75,Negative
STU_2025180,17,Female,High School,TikTok,4.1,2.3,Smartphone,5.9,3,True,Sometimes,14.0,84,3.01,Beneficial
STU_2025181,18,Female,Undergraduate,Instagram,1.7,1.6,Smartphone,6.0,3,False,Sometimes,5.0,87,3.96,Beneficial
STU_2025182,18,Female,Undergraduate,Snapchat,4.6,3.0,Smartphone,7.4,2,False,Frequently,11.0,87,3.76,Beneficial
STU_2025183,19,Male,Undergraduate,Instagram,5.7,2.5,Smartphone,5.5,2,True,Always,22.0,67,3.32,Neutral
STU_2025184,26,Male,Undergraduate,TikTok,5.1,0.7,Smartphone,7.2,4,True,Frequently,7.0,85,4.0,Beneficial
STU_2025185,19,Male,Undergraduate,TikTok,3.9,1.5,Smartphone,8.1,3,True,Never,10.0,89,3.36,Beneficial
STU_2025186,20,Male,Undergraduate,X (Twitter),2.5,2.3,Smartphone,8.4,3,False,Sometimes,11.0,91,3.56,Beneficial
STU_2025187,16,Male,High School,YouTube,6.7,1.3,Smartphone,5.7,2,True,Sometimes,12.0,77,3.13,Beneficial
STU_2025188,19,Male,Undergraduate,TikTok,4.3,3.0,Smartphone,9.3,4,False,Frequently,6.0,98,3.79,Beneficial
STU_2025189,19,Male,Undergraduate,TikTok,3.7,2.1,Smartphone,7.6,4,False,Sometimes,15.0,91,3.27,Beneficial
STU_2025190,19,Male,Undergraduate,Snapchat,5.8,2.4,Smartphone,5.3,1,True,Always,14.0,78,3.51,Beneficial
STU_2025191,20,Female,Undergraduate,Snapchat,5.7,1.6,Laptop/PC,5.5,2,True,Always,17.0,74,3.53,Beneficial
STU_2025192,19,Male,Undergraduate,Instagram,8.8,3.4,Smartphone,5.9,2,True,Sometimes,24.0,73,3.25,Neutral
STU_2025193,20,Female,Undergraduate,TikTok,4.6,1.4,Smartphone,7.4,3,True,Always,21.0,86,3.29,Beneficial
STU_2025194,20,Female,Undergraduate,Instagram,2.5,1.7,Smartphone,9.6,4,True,Frequently,0.0,98,4.0,Beneficial
STU_2025195,18,Male,Undergraduate,YouTube,2.2,0.6,Smartphone,8.0,3,False,Frequently,5.0,97,4.0,Beneficial
STU_2025196,18,Male,Undergraduate,YouTube,7.6,1.6,Laptop/PC,7.4,3,True,Sometimes,17.0,84,3.46,Beneficial
STU_2025197,18,Female,Undergraduate,X (Twitter),5.9,2.4,Smartphone,6.4,1,True,Sometimes,20.0,78,2.99,Beneficial
STU_2025198,19,Female,Undergraduate,YouTube,5.3,2.4,Laptop/PC,6.8,3,True,Sometimes,13.0,91,3.32,Beneficial
STU_2025199,19,Female,Undergraduate,Instagram,7.6,2.3,Smartphone,6.5,3,True,Always,19.0,69,3.37,Beneficial
STU_2025200,19,Prefer not to say,Undergraduate,YouTube,5.3,0.4,Smartphone,5.5,2,False,Sometimes,14.0,82,2.98,Beneficial
STU_2025201,16,Female,High School,Instagram,5.1,2.8,Smartphone,5.5,2,False,Rarely,14.0,78,3.62,Beneficial
STU_2025202,19,Male,Undergraduate,Reddit,7.2,2.3,Smartphone,7.4,3,True,Frequently,11.0,85,3.68,Beneficial
STU_2025203,17,Female,High School,Instagram,5.1,1.1,Smartphone,5.7,3,True,Sometimes,17.0,74,3.66,Beneficial
STU_2025204,17,Female,High School,Instagram,4.1,0.4,Smartphone,5.5,3,True,Sometimes,11.0,75,3.38,Beneficial
STU_2025205,23,Female,Postgraduate,TikTok,3.7,3.4,Smartphone,5.9,2,True,Sometimes,14.0,83,3.84,Beneficial
STU_2025206,23,Male,Postgraduate,Instagram,12.4,2.5,Smartphone,4.6,1,True,Sometimes,19.0,51,3.51,Neutral
STU_2025207,23,Non-Binary,Undergraduate,YouTube,3.9,1.2,Smartphone,5.8,2,True,Sometimes,10.0,68,3.23,Beneficial
STU_2025208,20,Female,Undergraduate,Instagram,5.0,1.5,Smartphone,8.2,2,False,Rarely,12.0,92,3.99,Beneficial
STU_2025209,17,Female,High School,Instagram,3.8,0.5,Smartphone,7.9,3,False,Frequently,7.0,89,3.69,Beneficial
STU_2025210,20,Female,Undergraduate,Snapchat,3.3,1.3,Smartphone,8.5,4,False,Sometimes,12.0,89,3.57,Beneficial
STU_2025211,16,Prefer not to say,High School,X (Twitter),3.2,3.0,Smartphone,7.0,2,False,Rarely,10.0,86,3.37,Beneficial
STU_2025212,17,Male,High School,TikTok,2.7,0.4,Smartphone,6.4,2,False,Sometimes,9.0,98,3.89,Beneficial
STU_2025213,17,Male,High School,TikTok,4.6,2.3,Smartphone,7.7,1,True,Always,20.0,82,3.11,Beneficial
STU_2025214,18,Female,Undergraduate,Instagram,4.0,1.6,Smartphone,8.4,3,False,Sometimes,7.0,89,3.8,Beneficial
STU_2025215,19,Non-Binary,Undergraduate,YouTube,3.7,0.5,Smartphone,8.1,3,True,Frequently,7.0,91,3.29,Beneficial
STU_2025216,18,Non-Binary,Undergraduate,Snapchat,5.0,2.8,Laptop/PC,5.6,3,True,Never,10.0,73,4.0,Beneficial
STU_2025217,17,Male,High School,LinkedIn,6.4,1.3,Laptop/PC,6.9,3,True,Sometimes,21.0,67,3.02,Neutral
STU_2025218,19,Male,Undergraduate,TikTok,6.8,2.4,Laptop/PC,5.6,2,True,Rarely,15.0,73,3.47,Beneficial
STU_2025219,19,Male,Undergraduate,Reddit,9.4,2.9,Smartphone,5.6,2,True,Always,21.0,64,2.82,Neutral
STU_2025220,17,Male,High School,Instagram,2.9,2.0,Laptop/PC,8.2,3,False,Sometimes,8.0,86,3.53,Beneficial
STU_2025221,19,Female,Undergraduate,X (Twitter),2.8,2.8,Smartphone,6.9,3,False,Sometimes,9.0,83,3.25,Beneficial
STU_2025222,17,Male,High School,Instagram,10.0,1.4,Smartphone,5.8,1,False,Frequently,19.0,61,2.83,Neutral
STU_2025223,16,Female,High School,Instagram,3.0,2.0,Smartphone,7.2,2,True,Always,10.0,88,3.98,Beneficial
STU_2025224,19,Female,Undergraduate,Snapchat,6.6,1.0,Smartphone,6.8,4,False,Rarely,12.0,83,3.36,Beneficial
STU_2025225,19,Male,Undergraduate,Instagram,4.5,2.4,Smartphone,7.2,3,False,Always,15.0,83,3.66,Beneficial
STU_2025226,17,Female,High School,YouTube,2.9,1.7,Smartphone,7.4,4,False,Sometimes,14.0,84,3.44,Beneficial
STU_2025227,19,Male,Undergraduate,TikTok,5.6,1.0,Smartphone,7.1,3,True,Sometimes,12.0,91,3.67,Beneficial
STU_2025228,18,Female,High School,Snapchat,3.1,1.8,Smartphone,6.8,3,False,Rarely,10.0,89,3.78,Beneficial
STU_2025229,20,Female,Undergraduate,Instagram,6.9,2.0,Laptop/PC,4.9,1,True,Frequently,,69,3.04,Neutral
STU_2025230,19,Female,Undergraduate,Instagram,3.0,1.6,Smartphone,6.7,2,False,Sometimes,16.0,88,3.29,Beneficial
STU_2025231,21,Female,High School,Instagram,4.6,3.2,Tablet,7.3,3,True,Frequently,0.0,81,3.53,Beneficial
STU_2025232,16,Female,High School,Instagram,6.4,1.9,Smartphone,6.7,2,True,Sometimes,12.0,78,3.52,Beneficial
STU_2025233,21,Male,Undergraduate,Instagram,4.3,1.0,Smartphone,6.5,3,True,Sometimes,8.0,89,3.57,Beneficial
STU_2025234,17,Male,High School,YouTube,11.6,1.4,Smartphone,3.9,1,True,Sometimes,21.0,53,3.32,Neutral
STU_2025235,18,Female,Undergraduate,Reddit,3.7,2.4,Smartphone,6.1,4,True,Frequently,12.0,77,3.81,Beneficial
STU_2025236,22,Male,Postgraduate,TikTok,3.2,2.6,Smartphone,8.6,4,False,Sometimes,,98,3.6,Beneficial
STU_2025237,18,Female,Undergraduate,Instagram,1.4,2.3,Laptop/PC,8.3,5,False,Sometimes,0.0,98,4.0,Beneficial
STU_2025238,19,Female,Undergraduate,X (Twitter),3.5,1.9,Smartphone,8.0,3,True,Sometimes,15.0,91,3.67,Beneficial
STU_2025239,20,Male,Undergraduate,TikTok,7.9,0.6,Smartphone,6.5,2,True,Sometimes,24.0,75,3.3,Neutral
STU_2025240,26,Male,Postgraduate,YouTube,9.2,1.5,Smartphone,4.8,1,True,Sometimes,,68,2.83,Neutral
STU_2025241,19,Male,High School,Instagram,5.4,2.8,Smartphone,5.9,1,True,Frequently,15.0,79,3.57,Beneficial
STU_2025242,17,Female,High School,TikTok,3.4,2.6,Smartphone,7.9,2,False,Sometimes,9.0,77,3.32,Beneficial
STU_2025243,17,Female,High School,Instagram,3.7,2.5,Laptop/PC,6.8,2,False,Frequently,6.0,93,3.87,Beneficial
STU_2025244,18,Male,Undergraduate,TikTok,4.6,1.0,Smartphone,7.4,3,False,Frequently,6.0,92,3.78,Beneficial
STU_2025245,25,Male,Postgraduate,TikTok,2.0,1.2,Smartphone,8.2,3,False,Never,2.0,98,3.84,Beneficial
STU_2025246,22,Male,Postgraduate,Instagram,5.3,2.0,Smartphone,5.8,2,True,Sometimes,9.0,80,3.14,Beneficial
STU_2025247,19,Female,High School,YouTube,5.2,2.0,Smartphone,6.8,3,True,Always,11.0,72,3.42,Beneficial
STU_2025248,19,Female,Undergraduate,Snapchat,11.1,1.1,Laptop/PC,4.0,1,True,Frequently,22.0,52,2.56,Neutral
STU_2025249,20,Male,Undergraduate,TikTok,5.7,1.7,Laptop/PC,6.8,4,True,Frequently,18.0,79,3.29,Beneficial
STU_2025250,19,Female,Undergraduate,YouTube,5.1,1.6,Smartphone,6.2,2,True,Sometimes,21.0,78,3.34,Beneficial
STU_2025251,19,Female,Undergraduate,Snapchat,4.6,2.9,Smartphone,7.3,3,True,Sometimes,5.0,79,3.4,Beneficial
STU_2025252,18,Female,Undergraduate,X (Twitter),5.4,1.8,Smartphone,7.3,3,True,Always,12.0,91,3.49,Beneficial
STU_2025253,17,Male,High School,Snapchat,6.7,1.8,Laptop/PC,6.5,2,True,Sometimes,12.0,89,3.32,Beneficial
STU_2025254,20,Female,Undergraduate,TikTok,5.4,0.9,Smartphone,7.8,3,True,Sometimes,12.0,82,3.08,Beneficial
STU_2025255,26,Female,Postgraduate,Instagram,8.6,1.4,Smartphone,5.7,2,True,Sometimes,9.0,73,3.34,Beneficial
STU_2025256,17,Male,High School,Snapchat,6.5,0.8,Smartphone,6.2,2,True,Always,12.0,76,3.1,Beneficial
STU_2025257,18,Female,Undergraduate,X (Twitter),2.6,1.1,Smartphone,7.6,3,True,Frequently,1.0,86,3.87,Beneficial
STU_2025258,20,Male,High School,Instagram,4.4,2.9,Smartphone,6.5,2,False,Sometimes,13.0,82,3.26,Beneficial
STU_2025259,20,Female,Undergraduate,Reddit,4.3,3.0,Smartphone,7.0,3,False,Never,12.0,83,3.42,Beneficial
STU_2025260,21,Female,Undergraduate,Instagram,2.0,1.7,Smartphone,8.5,4,False,Frequently,9.0,98,4.0,Beneficial
STU_2025261,17,Female,High School,YouTube,4.5,1.1,Smartphone,7.0,2,True,Frequently,13.0,76,3.59,Beneficial
STU_2025262,18,Male,Undergraduate,TikTok,2.5,0.9,Smartphone,7.6,3,True,Rarely,10.0,92,3.13,Beneficial
STU_2025263,20,Male,Undergraduate,YouTube,1.7,0.9,Smartphone,9.1,4,True,Sometimes,1.0,98,3.89,Beneficial
STU_2025264,18,Prefer not to say,Undergraduate,TikTok,8.2,2.2,Smartphone,6.6,2,True,Rarely,20.0,65,2.92,Neutral
STU_2025265,16,Male,High School,YouTube,2.2,1.4,Laptop/PC,7.3,4,False,Sometimes,7.0,94,3.26,Beneficial
STU_2025266,21,Female,Undergraduate,YouTube,4.0,2.4,Laptop/PC,6.5,3,False,Sometimes,18.0,74,3.42,Beneficial
STU_2025267,23,Male,Undergraduate,TikTok,13.5,1.3,Smartphone,3.6,1,False,Rarely,36.0,36,2.66,Negative
STU_2025268,17,Female,High School,Instagram,8.5,2.0,Smartphone,6.7,1,True,Sometimes,14.0,72,3.28,Beneficial
STU_2025269,17,Male,High School,TikTok,5.6,1.9,Smartphone,7.0,3,True,Sometimes,13.0,84,2.92,Beneficial
STU_2025270,17,Male,High School,Instagram,8.5,2.0,Smartphone,6.7,2,True,Always,23.0,69,3.49,Neutral
STU_2025271,16,Male,High School,Snapchat,4.8,1.0,Smartphone,6.9,3,False,Sometimes,12.0,76,3.32,Beneficial
STU_2025272,20,Female,Undergraduate,Snapchat,5.6,0.0,Smartphone,4.8,2,True,Always,13.0,82,3.13,Beneficial
STU_2025273,18,Male,Undergraduate,TikTok,6.5,2.0,Smartphone,7.5,2,True,Frequently,6.0,82,3.88,Beneficial
STU_2025274,20,Male,Undergraduate,TikTok,12.2,1.9,Smartphone,3.9,1,True,Rarely,27.0,53,2.29,Negative
STU_2025275,19,Non-Binary,High School,Snapchat,3.2,2.0,Laptop/PC,7.5,3,True,Rarely,7.0,84,3.86,Beneficial
STU_2025276,25,Female,Postgraduate,TikTok,2.8,0.9,Laptop/PC,8.1,4,True,Frequently,0.0,98,3.66,Beneficial
STU_2025277,16,Female,High School,Instagram,3.3,0.5,Smartphone,6.6,2,False,Sometimes,9.0,81,3.38,Beneficial
STU_2025278,16,Male,High School,Instagram,2.2,0.7,Smartphone,8.2,3,False,Rarely,10.0,91,4.0,Beneficial
STU_2025279,15,Female,High School,TikTok,4.4,1.2,Smartphone,7.0,2,False,Sometimes,12.0,80,,Beneficial
STU_2025280,17,Male,High School,YouTube,5.6,1.5,Smartphone,7.6,2,False,Rarely,13.0,81,3.53,Beneficial
STU_2025281,20,Female,Undergraduate,Instagram,4.4,2.4,Smartphone,8.1,4,True,Sometimes,18.0,92,3.42,Beneficial
STU_2025282,17,Non-Binary,High School,Instagram,6.6,1.9,Smartphone,5.1,1,False,Frequently,16.0,78,3.79,Beneficial
STU_2025283,15,Female,High School,YouTube,2.7,3.3,Smartphone,7.1,4,False,Frequently,7.0,98,3.35,Beneficial
STU_2025284,18,Male,Undergraduate,YouTube,2.7,1.5,Smartphone,8.3,4,False,Frequently,0.0,92,3.71,Beneficial
STU_2025285,18,Female,Undergraduate,Instagram,3.1,1.7,Smartphone,6.6,2,False,Frequently,7.0,92,3.37,Beneficial
STU_2025286,18,Male,Undergraduate,Snapchat,11.1,1.2,Smartphone,5.0,1,True,Frequently,25.0,45,2.95,Neutral
STU_2025287,18,Female,Undergraduate,Reddit,3.3,1.4,Laptop/PC,6.7,2,False,Frequently,2.0,90,3.5,Beneficial
STU_2025288,20,Female,Undergraduate,TikTok,4.9,1.6,Smartphone,6.3,3,False,Rarely,9.0,89,3.61,Beneficial
STU_2025289,21,Male,Undergraduate,Instagram,3.2,1.9,Smartphone,7.6,2,False,Sometimes,6.0,98,3.69,Beneficial
STU_2025290,18,Female,Undergraduate,YouTube,6.1,3.7,Smartphone,7.0,3,True,Always,17.0,86,3.22,Beneficial
STU_2025291,15,Non-Binary,High School,Instagram,4.7,0.4,Smartphone,7.8,2,True,Sometimes,9.0,79,3.63,Beneficial
STU_2025292,17,Male,High School,TikTok,2.3,2.9,Smartphone,8.2,3,True,Sometimes,0.0,98,4.0,Beneficial
STU_2025293,18,Male,Undergraduate,Instagram,4.7,1.8,Smartphone,6.9,2,True,Rarely,12.0,83,3.46,Beneficial
STU_2025294,15,Female,High School,TikTok,6.5,1.5,Smartphone,7.0,3,True,Sometimes,12.0,85,2.98,Beneficial
STU_2025295,19,Male,High School,TikTok,4.1,2.4,Smartphone,6.3,3,False,Sometimes,8.0,92,3.58,Beneficial
STU_2025296,19,Male,Undergraduate,TikTok,7.1,0.8,Smartphone,4.7,1,False,Rarely,17.0,67,3.02,Neutral
STU_2025297,21,Female,Undergraduate,TikTok,2.3,1.9,Laptop/PC,7.0,4,False,Always,10.0,85,3.44,Beneficial
STU_2025298,17,Female,High School,YouTube,7.8,1.7,Smartphone,6.0,1,True,Sometimes,30.0,67,2.45,Neutral
STU_2025299,19,Female,Undergraduate,TikTok,3.1,3.0,Smartphone,8.2,4,False,Frequently,16.0,89,3.45,Beneficial
STU_2025300,24,Male,Postgraduate,YouTube,2.3,1.2,Smartphone,7.6,4,False,Sometimes,2.0,98,4.0,Beneficial
STU_2025301,19,Female,Undergraduate,TikTok,5.6,1.2,Smartphone,6.9,3,False,Rarely,14.0,81,3.3,Beneficial
STU_2025302,19,Female,Undergraduate,TikTok,2.7,1.1,Smartphone,8.0,3,True,Sometimes,20.0,95,3.26,Beneficial
STU_2025303,17,Male,High School,Snapchat,3.7,2.0,Smartphone,7.0,2,False,Rarely,11.0,79,3.56,Beneficial
STU_2025304,20,Female,Undergraduate,TikTok,4.1,3.4,Laptop/PC,7.1,3,True,Rarely,19.0,76,3.38,Beneficial
STU_2025305,19,Male,High School,TikTok,3.7,2.7,Smartphone,8.0,4,False,Sometimes,14.0,97,3.67,Beneficial
STU_2025306,17,Male,High School,YouTube,2.3,2.9,Smartphone,7.2,3,False,Rarely,12.0,78,3.65,Beneficial
STU_2025307,18,Female,Undergraduate,Snapchat,3.6,2.9,Smartphone,6.4,2,False,Frequently,9.0,82,3.74,Beneficial
STU_2025308,21,Male,Undergraduate,TikTok,2.8,1.7,Smartphone,8.6,3,True,Sometimes,6.0,87,3.44,Beneficial
STU_2025309,18,Male,Undergraduate,Snapchat,4.9,2.4,Smartphone,6.7,2,False,Sometimes,10.0,86,3.41,Beneficial
STU_2025310,19,Female,Undergraduate,X (Twitter),6.1,1.7,Smartphone,7.6,2,True,Sometimes,5.0,80,3.42,Beneficial
STU_2025311,23,Female,Postgraduate,Instagram,6.6,1.7,Smartphone,5.9,1,True,Frequently,11.0,78,3.4,Beneficial
STU_2025312,16,Female,High School,Reddit,3.4,2.4,Smartphone,8.4,4,True,Sometimes,10.0,92,3.4,Beneficial
STU_2025313,15,Female,High School,TikTok,2.8,3.4,Smartphone,6.3,3,False,Frequently,7.0,83,3.58,Beneficial
STU_2025314,19,Female,Undergraduate,YouTube,3.1,2.3,Smartphone,8.1,3,True,Rarely,7.0,96,3.38,Beneficial
STU_2025315,18,Male,Undergraduate,Instagram,2.3,1.6,Smartphone,9.1,5,False,Sometimes,8.0,94,4.0,Beneficial
STU_2025316,17,Male,High School,YouTube,6.8,3.0,Smartphone,7.1,2,True,Sometimes,8.0,81,2.93,Beneficial
STU_2025317,20,Female,Undergraduate,YouTube,2.7,1.6,Smartphone,7.4,4,True,Frequently,0.0,98,4.0,Beneficial
STU_2025318,16,Male,High School,TikTok,7.7,2.7,Smartphone,6.5,2,True,Rarely,20.0,60,3.84,Beneficial
STU_2025319,22,Non-Binary,Undergraduate,Instagram,5.8,2.4,Smartphone,6.8,3,True,Rarely,11.0,74,2.93,Beneficial
STU_2025320,17,Female,High School,Reddit,8.3,1.4,Smartphone,4.4,1,True,Frequently,8.0,74,2.66,Beneficial
STU_2025321,18,Male,Undergraduate,TikTok,5.6,2.3,Smartphone,7.6,3,True,Rarely,11.0,91,3.17,Beneficial
STU_2025322,17,Male,High School,YouTube,4.5,0.9,Smartphone,7.9,3,True,Sometimes,2.0,94,3.52,Beneficial
STU_2025323,17,Male,High School,TikTok,3.7,1.8,Smartphone,6.7,2,True,Never,13.0,92,3.76,Beneficial
STU_2025324,17,Female,High School,Instagram,7.9,2.6,Smartphone,5.6,2,True,Rarely,25.0,70,2.79,Neutral
STU_2025325,17,Male,High School,TikTok,3.8,2.1,Smartphone,7.7,2,True,Frequently,4.0,90,4.0,Beneficial
STU_2025326,17,Male,High School,YouTube,3.9,1.8,Smartphone,7.6,3,True,Rarely,11.0,84,3.89,Beneficial
STU_2025327,15,Female,High School,Instagram,6.6,0.7,Smartphone,7.1,2,True,Rarely,11.0,70,,Beneficial
STU_2025328,19,Male,Undergraduate,X (Twitter),5.1,2.6,Smartphone,8.2,3,True,Sometimes,9.0,87,4.0,Beneficial
STU_2025329,17,Female,High School,YouTube,5.2,2.3,Smartphone,7.4,3,True,Rarely,5.0,86,3.67,Beneficial
STU_2025330,22,Female,Postgraduate,Instagram,3.5,2.6,Smartphone,7.1,3,False,Never,16.0,87,3.97,Beneficial
STU_2025331,16,Female,High School,TikTok,4.0,1.0,Smartphone,8.6,3,False,Never,7.0,96,3.55,Beneficial
STU_2025332,19,Male,Undergraduate,X (Twitter),11.7,1.2,Smartphone,4.7,1,True,Sometimes,24.0,54,2.64,Neutral
STU_2025333,18,Female,Undergraduate,Snapchat,5.1,2.0,Smartphone,4.4,1,False,Never,19.0,86,3.44,Beneficial
STU_2025334,18,Male,Undergraduate,Snapchat,5.0,3.2,Laptop/PC,7.1,1,False,Rarely,7.0,70,3.77,Beneficial
STU_2025335,18,Female,Undergraduate,TikTok,3.9,0.7,Smartphone,5.5,1,True,Sometimes,7.0,89,3.33,Beneficial
STU_2025336,15,Female,High School,YouTube,3.0,2.6,Smartphone,6.0,3,True,Sometimes,5.0,85,3.48,Beneficial
STU_2025337,18,Female,Undergraduate,Instagram,4.4,2.5,Smartphone,8.0,5,False,Sometimes,12.0,91,3.12,Beneficial
STU_2025338,23,Female,Postgraduate,Reddit,4.4,1.8,Laptop/PC,9.1,3,False,Frequently,19.0,87,3.91,Beneficial
STU_2025339,16,Male,High School,Instagram,3.6,1.8,Laptop/PC,5.0,2,True,Frequently,18.0,71,2.92,Neutral
STU_2025340,18,Male,Undergraduate,YouTube,8.9,1.5,Tablet,5.4,1,True,Frequently,19.0,62,3.16,Neutral
STU_2025341,18,Female,Undergraduate,Instagram,1.8,1.6,Smartphone,7.6,3,False,Sometimes,,94,3.99,Beneficial
STU_2025342,19,Male,Undergraduate,YouTube,3.8,2.0,Laptop/PC,7.5,3,False,Always,13.0,83,3.46,Beneficial
STU_2025343,18,Male,Undergraduate,YouTube,2.9,1.4,Tablet,7.0,3,False,Frequently,13.0,90,3.64,Beneficial
STU_2025344,16,Male,High School,TikTok,4.3,2.2,Smartphone,7.0,2,True,Frequently,13.0,92,3.58,Beneficial
STU_2025345,18,Female,Undergraduate,TikTok,3.6,2.0,Smartphone,7.0,2,False,Always,8.0,81,3.38,Beneficial
STU_2025346,22,Male,Postgraduate,Instagram,4.9,2.9,Smartphone,7.6,3,False,Never,9.0,83,3.26,Beneficial
STU_2025347,18,Female,High School,Instagram,4.6,0.9,Smartphone,6.0,2,True,Frequently,27.0,81,3.84,Beneficial
STU_2025348,18,Female,High School,Instagram,4.6,1.0,Smartphone,7.3,3,False,Sometimes,12.0,85,3.81,Beneficial
STU_2025349,24,Male,Undergraduate,TikTok,3.7,1.5,Smartphone,7.5,5,True,Frequently,13.0,91,3.17,Beneficial
STU_2025350,19,Female,Undergraduate,TikTok,7.9,2.9,Smartphone,4.9,2,True,Rarely,24.0,72,2.94,Neutral
STU_2025351,18,Male,Undergraduate,TikTok,2.9,2.3,Smartphone,7.6,3,False,Rarely,2.0,98,3.63,Beneficial
STU_2025352,18,Male,Undergraduate,TikTok,7.7,0.7,Smartphone,6.9,2,True,Sometimes,16.0,74,,Beneficial
STU_2025353,18,Male,Undergraduate,TikTok,4.4,1.8,Smartphone,7.1,3,False,Frequently,15.0,82,3.4,Beneficial
STU_2025354,18,Male,Undergraduate,Instagram,5.1,1.8,Smartphone,5.6,2,True,Rarely,19.0,73,3.37,Beneficial
STU_2025355,18,Male,Undergraduate,YouTube,8.7,2.7,Smartphone,7.2,3,True,Rarely,26.0,62,2.86,Neutral
STU_2025356,18,Female,Undergraduate,Instagram,7.6,1.7,Laptop/PC,5.4,1,True,Rarely,18.0,64,3.12,Neutral
STU_2025357,18,Male,Undergraduate,TikTok,5.6,1.9,Smartphone,8.0,2,True,Always,12.0,83,3.4,Beneficial
STU_2025358,16,Non-Binary,High School,YouTube,4.0,2.2,Smartphone,5.9,3,True,Frequently,16.0,73,3.41,Beneficial
STU_2025359,21,Male,Undergraduate,Snapchat,3.1,2.1,Smartphone,6.7,3,True,Always,10.0,92,3.18,Beneficial
STU_2025360,21,Male,Undergraduate,TikTok,4.6,2.9,Laptop/PC,8.3,5,False,Frequently,17.0,82,3.64,Beneficial
STU_2025361,16,Male,High School,Instagram,1.7,1.9,Smartphone,8.2,3,False,Always,6.0,98,3.45,Beneficial
STU_2025362,17,Male,High School,Instagram,2.5,0.0,Smartphone,6.8,3,True,Frequently,4.0,89,3.62,Beneficial
STU_2025363,21,Male,Undergraduate,YouTube,1.9,1.8,Smartphone,8.8,5,False,Sometimes,7.0,98,3.49,Beneficial
STU_2025364,17,Female,High School,YouTube,4.2,1.1,Smartphone,5.8,2,True,Sometimes,11.0,80,3.89,Beneficial
STU_2025365,18,Male,High School,TikTok,3.9,2.3,Smartphone,6.1,2,False,Never,24.0,81,3.21,Beneficial
STU_2025366,22,Female,Postgraduate,Instagram,5.7,1.9,Smartphone,6.3,2,True,Always,16.0,70,3.43,Beneficial
STU_2025367,18,Male,Undergraduate,YouTube,4.4,2.1,Smartphone,6.3,2,False,Sometimes,14.0,80,3.32,Beneficial
STU_2025368,17,Male,High School,Reddit,6.9,1.5,Smartphone,6.7,1,True,Frequently,16.0,74,3.33,Beneficial
STU_2025369,17,Female,High School,Instagram,3.6,1.0,Smartphone,8.1,5,False,Sometimes,10.0,85,3.42,Beneficial
STU_2025370,18,Male,Undergraduate,TikTok,4.8,2.3,Smartphone,6.9,3,False,Frequently,15.0,73,3.69,Beneficial
STU_2025371,23,Female,Undergraduate,Instagram,7.3,1.5,Smartphone,6.7,2,True,Rarely,14.0,69,3.09,Beneficial
STU_2025372,17,Male,High School,TikTok,6.4,2.0,Smartphone,6.7,3,True,Rarely,19.0,79,3.02,Beneficial
STU_2025373,16,Female,High School,Instagram,4.3,2.4,Laptop/PC,8.4,4,True,Frequently,13.0,94,3.72,Beneficial
STU_2025374,16,Female,High School,YouTube,4.2,2.1,Smartphone,8.3,4,False,Sometimes,12.0,94,3.56,Beneficial
STU_2025375,18,Male,High School,X (Twitter),5.7,1.2,Smartphone,6.7,3,True,Sometimes,9.0,80,3.2,Beneficial
STU_2025376,17,Female,High School,TikTok,6.4,1.8,Smartphone,5.6,2,True,Sometimes,20.0,73,3.38,Beneficial
STU_2025377,19,Male,Undergraduate,YouTube,3.0,1.6,Laptop/PC,7.7,4,False,Sometimes,9.0,96,4.0,Beneficial
STU_2025378,18,Male,Undergraduate,TikTok,10.4,1.9,Smartphone,4.8,1,False,Sometimes,29.0,56,2.37,Negative
STU_2025379,21,Female,Undergraduate,Instagram,8.1,2.0,Smartphone,6.5,2,True,Sometimes,21.0,69,2.91,Neutral
STU_2025380,19,Female,Undergraduate,Instagram,6.3,1.8,Smartphone,6.8,2,True,Frequently,13.0,85,3.08,Beneficial
STU_2025381,18,Female,Undergraduate,Reddit,2.8,3.1,Smartphone,7.3,3,False,Frequently,10.0,98,3.76,Beneficial
STU_2025382,20,Male,Undergraduate,Instagram,4.7,1.5,Smartphone,7.5,3,False,Sometimes,7.0,93,3.36,Beneficial
STU_2025383,22,Male,Postgraduate,Reddit,4.6,0.0,Smartphone,7.0,3,True,Never,12.0,78,3.61,Beneficial
STU_2025384,17,Female,High School,Instagram,4.4,0.9,Smartphone,6.0,3,False,Frequently,11.0,86,3.44,Beneficial
STU_2025385,18,Female,Undergraduate,Snapchat,5.4,2.7,Smartphone,7.3,3,True,Sometimes,2.0,78,3.82,Beneficial
STU_2025386,17,Male,High School,X (Twitter),3.5,1.7,Smartphone,7.9,4,True,Rarely,18.0,84,3.53,Beneficial
STU_2025387,20,Male,Undergraduate,Instagram,10.1,2.5,Smartphone,4.8,1,True,Rarely,25.0,53,2.94,Neutral
STU_2025388,18,Male,Undergraduate,TikTok,2.9,1.7,Smartphone,8.0,4,True,Sometimes,16.0,68,3.16,Beneficial
STU_2025389,18,Male,Undergraduate,YouTube,5.1,2.0,Smartphone,5.3,1,False,Always,18.0,67,3.2,Beneficial
STU_2025390,20,Male,Undergraduate,Reddit,3.3,2.3,Smartphone,7.9,4,False,Always,7.0,91,3.79,Beneficial
STU_2025391,17,Female,High School,YouTube,2.1,1.7,Laptop/PC,7.7,3,False,Sometimes,3.0,98,3.76,Beneficial
STU_2025392,17,Female,High School,TikTok,4.8,2.4,Smartphone,8.1,3,True,Frequently,11.0,88,3.68,Beneficial
STU_2025393,18,Female,Undergraduate,TikTok,2.2,2.2,Laptop/PC,8.2,4,False,Frequently,4.0,85,3.56,Beneficial
STU_2025394,20,Female,Undergraduate,TikTok,3.8,1.5,Smartphone,6.8,2,False,Rarely,11.0,74,3.31,Beneficial
STU_2025395,19,Female,Undergraduate,YouTube,7.5,2.0,Smartphone,6.8,2,False,Sometimes,12.0,71,3.37,Beneficial
STU_2025396,20,Male,Undergraduate,TikTok,5.0,2.3,Smartphone,7.2,3,True,Always,15.0,98,,Beneficial
STU_2025397,21,Female,Undergraduate,TikTok,5.7,1.1,Smartphone,4.7,2,True,Sometimes,24.0,61,2.61,Neutral
STU_2025398,16,Female,High School,Instagram,4.6,1.3,Smartphone,7.2,3,False,Frequently,7.0,82,3.34,Beneficial
STU_2025399,19,Male,Undergraduate,TikTok,6.6,2.4,Smartphone,5.9,1,True,Rarely,,82,3.4,Beneficial
STU_2025400,21,Female,Undergraduate,YouTube,3.2,1.7,Smartphone,7.3,3,True,Frequently,7.0,79,3.82,Beneficial
STU_2025401,21,Female,Undergraduate,Instagram,10.0,1.4,Smartphone,3.8,1,True,Rarely,36.0,34,2.65,Negative
STU_2025402,20,Male,Undergraduate,Snapchat,2.2,2.3,Laptop/PC,8.6,4,True,Sometimes,2.0,93,3.33,Beneficial
STU_2025403,18,Male,Undergraduate,Instagram,2.4,2.2,Smartphone,7.9,3,False,Sometimes,5.0,91,4.0,Beneficial
STU_2025404,19,Female,Undergraduate,YouTube,4.5,1.7,Smartphone,6.0,3,False,Always,15.0,74,3.23,Beneficial
STU_2025405,22,Male,Postgraduate,TikTok,11.3,0.8,Smartphone,5.5,1,True,Frequently,20.0,55,3.04,Neutral
STU_2025406,18,Female,Undergraduate,Instagram,6.1,2.2,Smartphone,5.9,3,True,Rarely,10.0,79,3.39,Beneficial
STU_2025407,17,Female,High School,Snapchat,8.3,2.3,Smartphone,5.5,1,True,Sometimes,12.0,62,2.71,Neutral
STU_2025408,21,Non-Binary,Undergraduate,TikTok,4.6,1.5,Smartphone,7.1,2,False,Frequently,5.0,95,3.44,Beneficial
STU_2025409,19,Female,Undergraduate,X (Twitter),6.7,2.2,Laptop/PC,5.5,2,True,Frequently,11.0,73,3.45,Beneficial
STU_2025410,22,Male,Undergraduate,Instagram,4.8,2.7,Smartphone,6.1,1,True,Never,14.0,86,3.21,Beneficial
STU_2025411,16,Female,High School,Instagram,4.0,2.0,Smartphone,5.8,2,True,Frequently,4.0,87,3.52,Beneficial
STU_2025412,18,Male,Undergraduate,Instagram,3.8,1.9,Smartphone,7.1,3,False,Frequently,3.0,96,3.8,Beneficial
STU_2025413,22,Male,Undergraduate,TikTok,7.5,2.0,Smartphone,5.1,2,True,Frequently,15.0,63,3.43,Beneficial
STU_2025414,21,Female,Undergraduate,TikTok,3.8,1.1,Smartphone,6.3,2,True,Sometimes,9.0,81,3.94,Beneficial
STU_2025415,19,Female,Undergraduate,YouTube,9.3,0.4,Smartphone,5.1,1,True,Sometimes,23.0,62,3.04,Neutral
STU_2025416,17,Female,High School,Instagram,4.8,2.2,Laptop/PC,5.8,1,True,Frequently,8.0,78,3.9,Beneficial
STU_2025417,15,Male,High School,X (Twitter),4.2,1.2,Smartphone,8.0,4,True,Always,8.0,87,3.99,Beneficial
STU_2025418,17,Male,High School,Instagram,3.8,1.6,Laptop/PC,6.6,3,True,Frequently,5.0,89,4.0,Beneficial
STU_2025419,26,Female,Postgraduate,Instagram,3.9,1.4,Laptop/PC,8.3,3,False,Rarely,9.0,87,3.84,Beneficial
STU_2025420,16,Female,High School,TikTok,3.7,2.8,Smartphone,6.8,3,False,Sometimes,5.0,95,3.44,Beneficial
STU_2025421,18,Female,Undergraduate,TikTok,4.0,4.0,Smartphone,7.7,5,True,Always,16.0,84,3.48,Beneficial
STU_2025422,19,Male,Undergraduate,Snapchat,2.9,2.3,Smartphone,7.1,4,True,Never,6.0,95,3.94,Beneficial
STU_2025423,18,Female,Undergraduate,X (Twitter),8.8,1.9,Smartphone,6.0,1,True,Sometimes,14.0,68,2.85,Beneficial
STU_2025424,20,Male,Undergraduate,Instagram,6.1,1.0,Smartphone,6.8,1,True,Always,17.0,75,3.26,Beneficial
STU_2025425,21,Male,Undergraduate,Instagram,2.3,0.6,Smartphone,8.1,5,False,Frequently,11.0,98,3.57,Beneficial
STU_2025426,20,Female,Undergraduate,YouTube,5.2,1.7,Smartphone,7.0,3,True,Always,12.0,85,3.69,Beneficial
STU_2025427,17,Male,High School,Instagram,2.9,0.8,Smartphone,7.4,3,False,Rarely,5.0,97,3.62,Beneficial
STU_2025428,19,Male,Undergraduate,TikTok,6.1,3.1,Laptop/PC,7.6,3,True,Sometimes,14.0,83,3.09,Beneficial
STU_2025429,17,Female,High School,Snapchat,9.4,0.3,Smartphone,4.9,1,True,Always,16.0,77,3.42,Beneficial
STU_2025430,20,Female,Undergraduate,TikTok,8.8,1.6,Smartphone,4.9,1,False,Sometimes,27.0,69,3.1,Neutral
STU_2025431,17,Female,High School,YouTube,4.4,2.6,Smartphone,6.2,2,False,Sometimes,14.0,88,3.06,Beneficial
STU_2025432,19,Female,Undergraduate,YouTube,7.7,0.6,Laptop/PC,5.0,1,True,Frequently,13.0,76,3.38,Beneficial
STU_2025433,15,Female,High School,Snapchat,3.6,0.2,Smartphone,5.8,1,False,Sometimes,12.0,81,3.43,Beneficial
STU_2025434,22,Male,Postgraduate,YouTube,6.9,2.7,Smartphone,6.8,1,True,Rarely,15.0,64,3.35,Beneficial
STU_2025435,17,Female,High School,Instagram,2.7,0.4,Smartphone,7.5,3,False,Frequently,0.0,89,4.0,Beneficial
STU_2025436,18,Female,Undergraduate,Instagram,4.3,1.3,Smartphone,7.8,3,False,Sometimes,8.0,86,3.77,Beneficial
STU_2025437,16,Male,High School,TikTok,4.6,1.4,Smartphone,7.5,3,True,Sometimes,9.0,78,3.84,Beneficial
STU_2025438,18,Male,Undergraduate,Instagram,1.3,2.5,Smartphone,8.1,4,False,Never,1.0,98,4.0,Beneficial
STU_2025439,17,Female,High School,TikTok,3.5,2.1,Smartphone,6.7,2,True,Sometimes,8.0,98,3.74,Beneficial
STU_2025440,15,Male,High School,TikTok,4.4,1.8,Laptop/PC,6.1,2,False,Frequently,13.0,79,3.48,Beneficial
STU_2025441,17,Male,High School,TikTok,10.9,1.3,Smartphone,4.8,1,True,Frequently,28.0,63,2.98,Neutral
STU_2025442,15,Male,High School,YouTube,4.3,2.5,Smartphone,7.4,2,False,Never,12.0,93,3.51,Beneficial
STU_2025443,22,Female,Postgraduate,YouTube,6.7,2.5,Smartphone,6.3,2,True,Always,18.0,71,3.01,Beneficial
STU_2025444,20,Male,Undergraduate,Instagram,4.8,0.7,Smartphone,5.9,3,False,Frequently,15.0,74,3.89,Beneficial
STU_2025445,17,Female,High School,YouTube,5.2,2.0,Smartphone,5.7,2,True,Frequently,24.0,79,3.32,Beneficial
STU_2025446,18,Male,Undergraduate,Instagram,2.1,1.5,Smartphone,7.2,4,False,Rarely,5.0,98,3.75,Beneficial
STU_2025447,26,Male,Postgraduate,Snapchat,5.8,1.9,Smartphone,7.2,3,False,Frequently,14.0,85,3.48,Beneficial
STU_2025448,18,Female,Undergraduate,Snapchat,5.4,0.9,Smartphone,6.6,3,True,Never,17.0,72,3.1,Beneficial
STU_2025449,19,Non-Binary,Undergraduate,Snapchat,4.2,1.3,Smartphone,6.5,2,False,Rarely,18.0,89,3.33,Beneficial
STU_2025450,18,Female,Undergraduate,TikTok,6.6,0.7,Smartphone,5.8,3,True,Sometimes,14.0,73,3.61,Beneficial
STU_2025451,18,Female,Undergraduate,Instagram,3.6,2.1,Laptop/PC,8.0,4,True,Sometimes,8.0,86,3.71,Beneficial
STU_2025452,16,Female,High School,YouTube,8.9,1.5,Smartphone,5.0,1,True,Frequently,21.0,54,2.91,Neutral
STU_2025453,17,Female,High School,TikTok,3.9,1.7,Smartphone,8.1,3,False,Frequently,8.0,90,3.96,Beneficial
STU_2025454,18,Female,Undergraduate,TikTok,3.1,2.8,Smartphone,6.9,2,False,Sometimes,16.0,82,3.04,Beneficial
STU_2025455,18,Female,Undergraduate,Instagram,5.9,1.8,Smartphone,6.4,1,True,Frequently,11.0,76,3.41,Beneficial
STU_2025456,18,Male,Undergraduate,TikTok,5.7,1.5,Laptop/PC,6.4,2,True,Rarely,18.0,70,2.94,Neutral
STU_2025457,20,Female,Undergraduate,YouTube,6.0,0.2,Smartphone,5.8,2,False,Sometimes,12.0,80,3.5,Beneficial
STU_2025458,18,Female,High School,Instagram,5.0,1.5,Smartphone,7.9,4,False,Rarely,6.0,88,3.54,Beneficial
STU_2025459,18,Female,Undergraduate,YouTube,3.5,2.3,Smartphone,6.4,3,False,Sometimes,11.0,86,3.47,Beneficial
STU_2025460,22,Female,Postgraduate,TikTok,5.6,1.1,Smartphone,7.7,4,True,Always,13.0,82,3.12,Beneficial
STU_2025461,21,Female,Undergraduate,Instagram,6.1,2.4,Laptop/PC,6.4,2,False,Sometimes,8.0,79,3.34,Beneficial
STU_2025462,19,Male,High School,TikTok,5.8,1.6,Smartphone,7.5,2,True,Never,20.0,80,2.93,Beneficial
STU_2025463,20,Male,Undergraduate,YouTube,1.6,1.4,Laptop/PC,8.5,4,False,Sometimes,3.0,98,3.84,Beneficial
STU_2025464,18,Male,Undergraduate,Instagram,5.9,1.6,Laptop/PC,5.8,3,True,Frequently,23.0,70,3.27,Neutral
STU_2025465,16,Male,High School,TikTok,10.6,3.7,Smartphone,4.9,1,True,Sometimes,26.0,60,,Neutral
STU_2025466,22,Prefer not to say,Postgraduate,Instagram,1.9,1.9,Smartphone,8.8,4,True,Frequently,0.0,98,3.89,Beneficial
STU_2025467,17,Prefer not to say,High School,Instagram,7.6,1.0,Laptop/PC,6.2,1,False,Always,26.0,60,3.04,Neutral
STU_2025468,21,Male,Undergraduate,Instagram,5.1,2.6,Tablet,5.5,2,False,Always,16.0,84,4.0,Beneficial
STU_2025469,20,Female,Undergraduate,TikTok,12.4,1.1,Smartphone,3.3,1,False,Never,22.0,47,2.57,Neutral
STU_2025470,17,Female,High School,YouTube,3.8,2.4,Laptop/PC,8.4,3,True,Always,14.0,92,3.49,Beneficial
STU_2025471,23,Male,Postgraduate,Instagram,12.0,1.2,Smartphone,4.8,1,True,Frequently,37.0,48,2.93,Negative
STU_2025472,17,Male,High School,Snapchat,1.8,2.3,Laptop/PC,5.9,3,True,Always,5.0,81,3.31,Beneficial
STU_2025473,15,Female,High School,YouTube,1.0,1.1,Smartphone,8.2,4,True,Rarely,0.0,98,3.64,Beneficial
STU_2025474,17,Male,High School,Instagram,7.2,2.3,Smartphone,6.5,2,True,Never,17.0,82,3.75,Beneficial
STU_2025475,16,Female,High School,YouTube,2.9,1.4,Smartphone,7.5,3,False,Rarely,10.0,93,2.98,Beneficial
STU_2025476,18,Female,Undergraduate,Instagram,5.5,2.0,Smartphone,6.5,4,True,Frequently,18.0,83,3.59,Beneficial
STU_2025477,19,Male,Undergraduate,Instagram,4.0,1.7,Smartphone,7.3,3,False,Sometimes,10.0,86,4.0,Beneficial
STU_2025478,15,Male,High School,Reddit,2.1,1.4,Smartphone,7.1,3,True,Frequently,7.0,89,3.68,Beneficial
STU_2025479,18,Female,Undergraduate,TikTok,5.1,1.5,Smartphone,6.7,3,True,Frequently,18.0,86,3.63,Beneficial
STU_2025480,20,Female,Undergraduate,Reddit,3.8,0.8,Laptop/PC,6.2,3,True,Frequently,11.0,89,,Beneficial
STU_2025481,20,Male,Undergraduate,TikTok,7.0,1.5,Laptop/PC,5.5,1,True,Sometimes,17.0,66,2.89,Neutral
STU_2025482,18,Male,High School,TikTok,2.5,2.1,Smartphone,7.7,3,False,Frequently,6.0,93,3.8,Beneficial
STU_2025483,18,Male,Undergraduate,Snapchat,3.7,1.3,Smartphone,6.0,2,False,Sometimes,21.0,78,3.9,Beneficial
STU_2025484,19,Female,Undergraduate,TikTok,2.3,2.4,Smartphone,7.4,3,False,Sometimes,0.0,95,3.7,Beneficial
STU_2025485,21,Male,Undergraduate,TikTok,1.9,1.9,Laptop/PC,8.4,4,True,Frequently,8.0,97,3.39,Beneficial
STU_2025486,20,Female,High School,Snapchat,2.1,1.2,Smartphone,8.0,3,True,Sometimes,8.0,96,4.0,Beneficial
STU_2025487,18,Female,Undergraduate,Instagram,7.7,1.8,Smartphone,5.5,1,True,Sometimes,23.0,66,3.35,Neutral
STU_2025488,17,Female,High School,X (Twitter),6.9,1.2,Smartphone,6.3,2,False,Rarely,17.0,68,3.41,Beneficial
STU_2025489,20,Male,Undergraduate,TikTok,2.2,1.4,Smartphone,7.1,3,True,Frequently,7.0,78,3.61,Beneficial
STU_2025490,19,Female,Undergraduate,Instagram,4.9,2.4,Laptop/PC,6.6,3,False,Never,16.0,80,3.72,Beneficial
STU_2025491,17,Female,High School,Snapchat,6.5,1.5,Smartphone,5.1,2,True,Sometimes,11.0,69,3.21,Beneficial
STU_2025492,21,Male,Undergraduate,TikTok,3.1,2.2,Smartphone,5.4,3,False,Sometimes,10.0,82,,Beneficial
STU_2025493,17,Prefer not to say,High School,Instagram,4.7,1.3,Smartphone,7.4,3,False,Always,13.0,86,3.86,Beneficial
STU_2025494,20,Female,Undergraduate,TikTok,5.2,1.9,Smartphone,6.3,3,True,Frequently,13.0,89,3.63,Beneficial
STU_2025495,19,Male,Undergraduate,TikTok,5.6,1.5,Smartphone,5.3,1,True,Sometimes,24.0,68,3.07,Neutral
STU_2025496,19,Female,Undergraduate,TikTok,4.1,1.1,Smartphone,8.5,3,False,Sometimes,16.0,86,3.52,Beneficial
STU_2025497,19,Male,Undergraduate,Snapchat,4.4,2.1,Laptop/PC,6.1,2,True,Sometimes,20.0,87,3.08,Beneficial
STU_2025498,15,Female,High School,Instagram,4.8,2.3,Smartphone,5.9,3,True,Sometimes,14.0,81,2.71,Beneficial
STU_2025499,16,Female,High School,TikTok,4.1,2.2,Smartphone,6.1,2,False,Frequently,16.0,82,3.43,Beneficial
STU_2025500,19,Male,Undergraduate,TikTok,9.0,2.7,Smartphone,4.7,1,True,Sometimes,27.0,63,2.97,Neutral
STU_2025501,17,Female,High School,Snapchat,6.8,1.6,Smartphone,5.9,1,False,Sometimes,15.0,89,3.73,Beneficial
STU_2025502,26,Male,Postgraduate,Reddit,6.4,1.4,Laptop/PC,4.7,1,True,Never,15.0,72,3.9,Beneficial
STU_2025503,19,Female,High School,X (Twitter),3.1,1.9,Smartphone,7.9,3,False,Rarely,1.0,98,4.0,Beneficial
STU_2025504,21,Female,Undergraduate,Instagram,4.8,2.8,Laptop/PC,9.0,3,True,Sometimes,14.0,78,3.54,Beneficial
STU_2025505,20,Male,Undergraduate,Instagram,4.7,2.2,Smartphone,8.0,2,True,Frequently,13.0,87,3.77,Beneficial
STU_2025506,19,Male,Undergraduate,Instagram,2.7,0.4,Smartphone,7.4,1,True,Frequently,9.0,85,3.19,Beneficial
STU_2025507,21,Male,Undergraduate,Snapchat,2.4,1.8,Smartphone,7.3,3,False,Rarely,11.0,94,3.57,Beneficial
STU_2025508,18,Female,Undergraduate,YouTube,2.6,1.3,Smartphone,5.7,3,True,Always,16.0,84,3.52,Beneficial
STU_2025509,18,Male,Undergraduate,TikTok,6.1,2.1,Smartphone,6.1,3,True,Sometimes,20.0,70,2.86,Neutral
STU_2025510,20,Prefer not to say,Undergraduate,Reddit,14.0,2.4,Smartphone,3.7,1,True,Sometimes,36.0,47,2.99,Negative
STU_2025511,18,Male,High School,Snapchat,3.1,2.0,Smartphone,6.9,3,False,Always,8.0,91,3.85,Beneficial
STU_2025512,19,Male,Undergraduate,TikTok,11.5,2.0,Laptop/PC,4.7,1,False,Frequently,31.0,58,3.15,Neutral
STU_2025513,18,Male,Undergraduate,TikTok,2.0,1.4,Smartphone,7.2,3,False,Always,8.0,94,3.86,Beneficial
STU_2025514,22,Male,Postgraduate,TikTok,3.9,1.1,Laptop/PC,7.2,3,False,Frequently,11.0,92,3.56,Beneficial
STU_2025515,17,Female,High School,Instagram,3.5,2.6,Smartphone,6.6,2,True,Frequently,13.0,86,3.49,Beneficial
STU_2025516,19,Male,Undergraduate,Instagram,4.5,1.6,Smartphone,7.4,5,False,Never,7.0,89,3.97,Beneficial
STU_2025517,18,Male,Undergraduate,Instagram,2.6,2.0,Tablet,6.5,3,True,Frequently,10.0,98,3.54,Beneficial
STU_2025518,19,Female,Undergraduate,X (Twitter),6.2,0.3,Tablet,8.4,3,False,Frequently,11.0,88,3.51,Beneficial
STU_2025519,19,Prefer not to say,Undergraduate,Instagram,5.7,1.5,Smartphone,6.9,2,True,Frequently,13.0,89,3.12,Beneficial
STU_2025520,16,Female,High School,YouTube,7.0,1.6,Smartphone,5.3,1,True,Sometimes,2.0,74,4.0,Beneficial
STU_2025521,20,Female,Undergraduate,Instagram,4.9,1.1,Smartphone,7.6,4,False,Frequently,16.0,81,3.44,Beneficial
STU_2025522,17,Male,High School,TikTok,10.5,2.4,Smartphone,7.4,2,True,Sometimes,25.0,75,3.3,Neutral
STU_2025523,21,Male,Undergraduate,Instagram,9.3,2.6,Smartphone,5.1,1,True,Rarely,27.0,64,3.42,Neutral
STU_2025524,18,Female,Undergraduate,TikTok,9.2,1.4,Smartphone,5.1,1,True,Rarely,23.0,58,2.97,Neutral
STU_2025525,19,Male,Undergraduate,YouTube,1.6,1.9,Smartphone,7.2,3,False,Always,10.0,90,3.61,Beneficial
STU_2025526,21,Male,Undergraduate,Instagram,3.5,1.8,Smartphone,7.0,4,True,Sometimes,9.0,86,3.53,Beneficial
STU_2025527,19,Male,Undergraduate,YouTube,6.3,2.2,Smartphone,5.4,2,True,Always,18.0,73,3.38,Beneficial
STU_2025528,20,Female,Undergraduate,Instagram,3.9,2.0,Smartphone,5.8,2,True,Frequently,15.0,78,3.16,Beneficial
STU_2025529,19,Male,High School,TikTok,6.3,2.4,Smartphone,7.0,2,True,Sometimes,23.0,71,3.52,Neutral
STU_2025530,17,Male,High School,TikTok,3.2,1.3,Smartphone,7.7,4,False,Frequently,11.0,89,3.89,Beneficial
STU_2025531,20,Male,Undergraduate,Reddit,3.8,2.0,Smartphone,6.7,4,True,Sometimes,15.0,87,3.37,Beneficial
STU_2025532,21,Male,Undergraduate,YouTube,7.9,2.2,Smartphone,6.0,2,True,Sometimes,20.0,79,2.99,Beneficial
STU_2025533,20,Male,Undergraduate,Snapchat,5.3,0.4,Smartphone,7.1,3,False,Sometimes,20.0,71,3.78,Beneficial
STU_2025534,15,Female,High School,Instagram,3.7,2.0,Smartphone,6.2,3,True,Frequently,5.0,84,3.68,Beneficial
STU_2025535,19,Male,Undergraduate,TikTok,10.5,1.2,Smartphone,4.8,1,True,Sometimes,29.0,48,3.28,Neutral
STU_2025536,18,Male,Undergraduate,Instagram,5.8,1.9,Smartphone,7.2,2,True,Rarely,13.0,81,3.82,Beneficial
STU_2025537,16,Female,High School,YouTube,3.9,1.0,Smartphone,7.8,3,False,Rarely,3.0,90,3.28,Beneficial
STU_2025538,16,Male,High School,Instagram,5.8,2.6,Smartphone,6.9,4,False,Frequently,11.0,86,2.89,Beneficial
STU_2025539,20,Male,Undergraduate,Reddit,11.7,2.1,Smartphone,4.8,1,True,Frequently,27.0,57,2.84,Neutral
STU_2025540,19,Male,Undergraduate,TikTok,1.9,1.7,Smartphone,7.1,4,False,Sometimes,0.0,90,3.9,Beneficial
STU_2025541,21,Female,Undergraduate,TikTok,6.7,2.1,Smartphone,6.3,3,True,Always,13.0,81,3.56,Beneficial
STU_2025542,19,Male,High School,TikTok,5.0,2.1,Smartphone,6.5,2,True,Frequently,21.0,74,3.54,Beneficial
STU_2025543,17,Female,High School,Instagram,4.9,2.4,Laptop/PC,6.0,2,False,Frequently,11.0,87,3.36,Beneficial
STU_2025544,18,Female,Undergraduate,Reddit,5.0,1.6,Smartphone,6.7,2,True,Sometimes,11.0,90,2.96,Beneficial
STU_2025545,19,Male,Undergraduate,TikTok,3.8,0.6,Smartphone,7.2,2,False,Sometimes,8.0,89,3.11,Beneficial
STU_2025546,20,Female,Undergraduate,Instagram,3.3,2.6,Smartphone,8.2,3,False,Frequently,14.0,83,3.73,Beneficial
STU_2025547,18,Male,Undergraduate,YouTube,2.6,2.2,Smartphone,8.3,3,False,Frequently,7.0,98,3.74,Beneficial
STU_2025548,24,Female,Postgraduate,X (Twitter),6.8,0.0,Smartphone,6.4,2,True,Never,10.0,82,3.48,Beneficial
STU_2025549,19,Female,Undergraduate,LinkedIn,2.1,1.2,Smartphone,8.0,3,False,Rarely,2.0,91,3.85,Beneficial
STU_2025550,15,Female,High School,TikTok,2.3,1.5,Smartphone,7.3,3,True,Sometimes,4.0,98,3.88,Beneficial
STU_2025551,15,Female,High School,YouTube,4.2,1.7,Laptop/PC,7.2,3,False,Sometimes,10.0,84,3.41,Beneficial
STU_2025552,20,Female,Undergraduate,Snapchat,4.9,3.3,Smartphone,6.4,2,False,Frequently,6.0,77,3.37,Beneficial
STU_2025553,19,Female,Undergraduate,Instagram,6.8,0.7,Smartphone,5.8,3,False,Sometimes,15.0,75,2.8,Beneficial
STU_2025554,20,Male,Undergraduate,TikTok,2.7,1.4,Laptop/PC,7.2,3,True,Sometimes,5.0,84,3.49,Beneficial
STU_2025555,21,Male,Undergraduate,TikTok,4.3,1.3,Smartphone,8.1,3,False,Rarely,14.0,94,3.46,Beneficial
STU_2025556,19,Male,Undergraduate,Snapchat,2.7,1.8,Smartphone,7.3,4,False,Frequently,10.0,85,3.85,Beneficial
STU_2025557,19,Male,Undergraduate,TikTok,1.4,0.5,Laptop/PC,6.9,4,True,Sometimes,7.0,96,3.4,Beneficial
STU_2025558,17,Female,High School,TikTok,3.7,2.0,Smartphone,8.1,3,False,Rarely,8.0,98,3.49,Beneficial
STU_2025559,19,Female,Undergraduate,TikTok,3.9,3.6,Tablet,7.4,3,False,Frequently,12.0,81,3.51,Beneficial
STU_2025560,21,Male,Undergraduate,TikTok,3.4,1.9,Smartphone,7.2,3,False,Always,0.0,80,3.36,Beneficial
STU_2025561,20,Female,Undergraduate,YouTube,4.5,1.0,Smartphone,7.0,3,True,Never,16.0,90,3.56,Beneficial
STU_2025562,16,Female,High School,X (Twitter),4.9,1.2,Smartphone,6.7,2,False,Sometimes,10.0,86,4.0,Beneficial
STU_2025563,21,Female,Undergraduate,Instagram,8.0,2.0,Smartphone,5.8,2,True,Frequently,19.0,60,2.71,Neutral
STU_2025564,18,Female,Undergraduate,YouTube,11.2,2.5,Smartphone,6.0,1,False,Frequently,29.0,65,2.48,Neutral
STU_2025565,19,Female,Undergraduate,Instagram,2.8,2.7,Smartphone,6.4,3,False,Sometimes,13.0,90,3.73,Beneficial
STU_2025566,21,Male,Undergraduate,TikTok,3.1,1.5,Smartphone,8.9,4,True,Rarely,7.0,98,4.0,Beneficial
STU_2025567,22,Male,Postgraduate,X (Twitter),4.5,0.9,Laptop/PC,7.5,3,False,Sometimes,21.0,80,3.2,Beneficial
STU_2025568,20,Male,Undergraduate,TikTok,14.0,2.2,Smartphone,4.4,1,False,Sometimes,24.0,45,2.83,Neutral
STU_2025569,16,Female,High School,TikTok,7.1,1.7,Laptop/PC,7.2,2,True,Rarely,11.0,66,3.54,Beneficial
STU_2025570,17,Female,High School,TikTok,5.2,1.1,Smartphone,7.6,3,True,Always,14.0,82,3.37,Beneficial
STU_2025571,18,Male,Undergraduate,YouTube,5.0,2.8,Smartphone,6.9,2,False,Sometimes,16.0,72,3.64,Beneficial
STU_2025572,18,Non-Binary,Undergraduate,Reddit,9.5,2.0,Smartphone,4.1,1,True,Sometimes,26.0,60,2.7,Neutral
STU_2025573,18,Female,Undergraduate,TikTok,3.2,1.5,Smartphone,7.2,4,True,Never,7.0,80,3.79,Beneficial
STU_2025574,17,Male,High School,X (Twitter),7.2,1.8,Smartphone,5.9,2,True,Rarely,17.0,74,3.41,Beneficial
STU_2025575,20,Male,Undergraduate,YouTube,2.4,2.6,Smartphone,9.2,4,True,Frequently,0.0,98,3.62,Beneficial
STU_2025576,18,Female,Undergraduate,Instagram,3.5,2.9,Smartphone,6.9,2,True,Sometimes,10.0,85,3.26,Beneficial
STU_2025577,19,Male,High School,YouTube,4.4,2.0,Smartphone,7.2,3,False,Frequently,8.0,98,,Beneficial
STU_2025578,19,Prefer not to say,Undergraduate,TikTok,1.8,2.1,Smartphone,8.9,4,False,Frequently,0.0,98,4.0,Beneficial
STU_2025579,19,Male,Undergraduate,Instagram,6.8,2.3,Smartphone,6.0,1,False,Sometimes,18.0,80,3.14,Beneficial
STU_2025580,16,Male,High School,Instagram,5.5,2.7,Smartphone,6.3,2,True,Frequently,19.0,63,3.63,Beneficial
STU_2025581,18,Male,Undergraduate,LinkedIn,3.9,2.8,Smartphone,8.3,3,False,Always,3.0,93,3.65,Beneficial
STU_2025582,21,Female,Undergraduate,YouTube,1.2,1.7,Smartphone,6.1,3,False,Frequently,8.0,83,3.91,Beneficial
STU_2025583,18,Male,Undergraduate,LinkedIn,5.9,2.1,Smartphone,6.8,3,True,Sometimes,15.0,77,3.47,Beneficial
STU_2025584,18,Female,Undergraduate,TikTok,1.6,1.2,Smartphone,8.2,4,False,Sometimes,12.0,85,3.74,Beneficial
STU_2025585,15,Male,High School,Instagram,2.8,1.6,Laptop/PC,6.2,2,True,Never,8.0,93,4.0,Beneficial
STU_2025586,20,Male,Undergraduate,Snapchat,3.9,2.4,Smartphone,6.3,2,True,Rarely,15.0,81,3.56,Beneficial
STU_2025587,18,Female,Undergraduate,TikTok,3.5,1.6,Smartphone,7.4,3,True,Frequently,18.0,79,3.94,Beneficial
STU_2025588,15,Male,High School,YouTube,14.0,2.4,Smartphone,3.0,1,True,Never,26.0,51,2.11,Negative
STU_2025589,18,Female,Undergraduate,Instagram,3.5,1.8,Laptop/PC,6.4,3,False,Frequently,8.0,89,3.6,Beneficial
STU_2025590,18,Female,Undergraduate,Instagram,9.2,1.4,Smartphone,5.2,1,True,Frequently,24.0,68,2.63,Neutral
STU_2025591,19,Male,Undergraduate,TikTok,3.2,0.9,Smartphone,7.2,3,True,Frequently,9.0,92,3.83,Beneficial
STU_2025592,16,Male,High School,Instagram,3.2,1.8,Laptop/PC,7.9,4,True,Sometimes,9.0,94,3.76,Beneficial
STU_2025593,17,Male,High School,Instagram,9.5,1.9,Smartphone,4.5,1,True,Frequently,25.0,62,2.54,Neutral
STU_2025594,20,Male,Undergraduate,X (Twitter),7.0,2.3,Smartphone,7.4,2,True,Sometimes,15.0,74,3.49,Beneficial
STU_2025595,18,Male,Undergraduate,Instagram,2.2,1.8,Smartphone,7.6,5,False,Frequently,8.0,89,4.0,Beneficial
STU_2025596,17,Female,High School,YouTube,8.9,2.4,Smartphone,5.1,1,True,Sometimes,18.0,70,3.15,Beneficial
STU_2025597,21,Female,Undergraduate,X (Twitter),6.9,1.0,Laptop/PC,6.3,1,True,Frequently,18.0,74,3.22,Beneficial
STU_2025598,22,Male,Postgraduate,Instagram,11.5,0.9,Laptop/PC,4.0,1,True,Frequently,33.0,51,2.7,Negative
STU_2025599,18,Male,Undergraduate,Reddit,7.7,0.6,Smartphone,4.8,1,False,Never,29.0,65,2.58,Neutral
STU_2025600,21,Female,Undergraduate,TikTok,6.0,2.4,Smartphone,6.1,2,True,Sometimes,20.0,83,3.34,Beneficial
STU_2025601,15,Female,High School,Instagram,7.4,1.6,Smartphone,4.8,1,True,Sometimes,20.0,68,2.86,Neutral
STU_2025602,17,Male,High School,TikTok,2.9,1.8,Smartphone,6.8,3,True,Rarely,13.0,91,3.2,Beneficial
STU_2025603,16,Prefer not to say,High School,Instagram,3.1,0.9,Smartphone,6.6,2,False,Sometimes,9.0,80,3.45,Beneficial
STU_2025604,18,Male,High School,Instagram,9.5,1.7,Tablet,6.1,2,True,Sometimes,15.0,75,3.13,Beneficial
STU_2025605,19,Male,Undergraduate,YouTube,5.3,0.8,Smartphone,6.2,3,True,Rarely,20.0,77,3.26,Beneficial
STU_2025606,17,Male,High School,Instagram,10.0,1.6,Smartphone,4.8,1,True,Sometimes,21.0,57,3.15,Neutral
STU_2025607,19,Male,Undergraduate,Instagram,4.2,1.0,Smartphone,6.6,3,False,Frequently,8.0,73,3.45,Beneficial
STU_2025608,15,Female,High School,YouTube,2.5,1.6,Smartphone,6.0,2,True,Frequently,14.0,85,3.89,Beneficial
STU_2025609,17,Male,High School,LinkedIn,4.5,0.6,Smartphone,7.2,3,True,Sometimes,18.0,88,3.59,Beneficial
STU_2025610,18,Male,Undergraduate,TikTok,8.3,3.0,Smartphone,5.6,2,False,Rarely,22.0,69,3.31,Neutral
STU_2025611,17,Male,High School,TikTok,4.2,1.1,Smartphone,7.9,5,False,Sometimes,9.0,90,4.0,Beneficial
STU_2025612,20,Male,Undergraduate,Instagram,3.7,1.3,Laptop/PC,7.2,4,True,Rarely,11.0,93,3.7,Beneficial
STU_2025613,22,Female,Postgraduate,LinkedIn,3.8,2.3,Laptop/PC,7.2,3,False,Frequently,15.0,77,3.76,Beneficial
STU_2025614,21,Female,Undergraduate,Snapchat,4.1,0.8,Smartphone,6.4,3,False,Frequently,6.0,74,3.39,Beneficial
STU_2025615,16,Male,High School,Instagram,10.3,1.7,Smartphone,4.1,1,True,Sometimes,20.0,52,2.36,Neutral
STU_2025616,21,Female,Undergraduate,YouTube,5.2,2.3,Smartphone,6.1,2,True,Rarely,16.0,72,3.4,Beneficial
STU_2025617,19,Female,Undergraduate,X (Twitter),8.0,2.0,Smartphone,5.9,1,True,Sometimes,16.0,68,3.29,Beneficial
STU_2025618,17,Female,High School,TikTok,2.5,1.2,Smartphone,7.2,3,False,Sometimes,2.0,98,3.9,Beneficial
STU_2025619,26,Female,Postgraduate,TikTok,1.1,1.5,Smartphone,8.3,4,True,Frequently,4.0,94,4.0,Beneficial
STU_2025620,19,Male,Undergraduate,Snapchat,4.8,2.5,Laptop/PC,7.0,2,True,Frequently,9.0,86,3.66,Beneficial
STU_2025621,20,Male,Undergraduate,Instagram,12.8,1.4,Smartphone,3.4,1,True,Sometimes,35.0,39,2.47,Negative
STU_2025622,19,Female,Undergraduate,YouTube,11.3,1.1,Smartphone,4.0,1,False,Sometimes,20.0,58,2.98,Neutral
STU_2025623,19,Female,Undergraduate,Instagram,5.7,1.7,Smartphone,6.6,2,True,Sometimes,16.0,89,,Beneficial
STU_2025624,20,Female,Undergraduate,Instagram,8.1,2.0,Smartphone,5.1,1,True,Sometimes,15.0,66,3.2,Beneficial
STU_2025625,17,Male,High School,Instagram,3.3,1.6,Smartphone,7.4,3,False,Frequently,16.0,86,3.6,Beneficial
STU_2025626,15,Female,High School,TikTok,3.1,1.8,Smartphone,7.1,3,False,Sometimes,1.0,96,3.08,Beneficial
STU_2025627,18,Male,Undergraduate,Instagram,6.2,2.8,Smartphone,6.4,3,True,Always,11.0,87,3.1,Beneficial
STU_2025628,17,Female,High School,TikTok,4.7,1.8,Smartphone,6.2,2,True,Sometimes,9.0,86,4.0,Beneficial
STU_2025629,16,Male,High School,TikTok,3.3,1.8,Laptop/PC,6.8,2,False,Sometimes,17.0,87,3.39,Beneficial
STU_2025630,18,Male,Undergraduate,TikTok,5.1,1.1,Smartphone,6.7,2,True,Frequently,13.0,73,3.16,Beneficial
STU_2025631,17,Male,High School,Instagram,7.9,1.5,Laptop/PC,5.2,1,False,Frequently,28.0,60,3.45,Neutral
STU_2025632,18,Female,Undergraduate,YouTube,7.4,1.6,Smartphone,6.5,3,True,Never,22.0,73,4.0,Beneficial
STU_2025633,18,Male,Undergraduate,X (Twitter),4.0,2.0,Smartphone,7.6,4,False,Always,1.0,92,3.93,Beneficial
STU_2025634,18,Female,Undergraduate,Instagram,1.3,1.9,Smartphone,10.5,5,True,Always,5.0,98,3.8,Beneficial
STU_2025635,18,Female,High School,TikTok,5.6,1.2,Smartphone,7.6,3,True,Rarely,17.0,81,3.8,Beneficial
STU_2025636,19,Female,Undergraduate,Reddit,2.9,2.9,Smartphone,8.0,5,True,Rarely,7.0,98,3.64,Beneficial
STU_2025637,15,Female,High School,YouTube,3.0,1.3,Smartphone,6.1,2,True,Frequently,9.0,72,3.24,Beneficial
STU_2025638,20,Female,Undergraduate,Snapchat,8.7,2.1,Smartphone,4.9,1,True,Frequently,13.0,66,3.0,Beneficial
STU_2025639,15,Female,High School,TikTok,4.8,2.3,Smartphone,7.7,2,True,Sometimes,10.0,79,2.96,Beneficial
STU_2025640,16,Female,High School,X (Twitter),4.7,1.1,Smartphone,8.2,2,False,Frequently,4.0,92,3.32,Beneficial
STU_2025641,19,Female,Undergraduate,Instagram,4.0,1.6,Smartphone,7.2,2,False,Frequently,1.0,85,3.62,Beneficial
STU_2025642,21,Male,Undergraduate,X (Twitter),5.2,0.8,Smartphone,7.4,2,True,Always,12.0,73,3.71,Beneficial
STU_2025643,24,Male,Postgraduate,Instagram,9.1,3.1,Smartphone,5.4,1,True,Frequently,20.0,70,3.41,Beneficial
STU_2025644,25,Female,Postgraduate,Instagram,6.8,1.5,Smartphone,7.9,3,True,Always,12.0,83,3.75,Beneficial
STU_2025645,19,Male,Undergraduate,Snapchat,5.1,1.6,Smartphone,8.1,3,True,Sometimes,14.0,90,3.06,Beneficial
STU_2025646,20,Male,Undergraduate,YouTube,9.4,2.0,Laptop/PC,6.3,1,True,Sometimes,20.0,70,2.39,Neutral
STU_2025647,21,Male,Undergraduate,TikTok,8.4,0.4,Smartphone,6.3,2,True,Frequently,22.0,63,3.05,Neutral
STU_2025648,20,Female,Undergraduate,Snapchat,3.9,0.6,Smartphone,8.5,4,True,Rarely,13.0,92,4.0,Beneficial
STU_2025649,19,Female,Undergraduate,TikTok,3.4,0.7,Smartphone,7.4,4,False,Rarely,4.0,86,3.84,Beneficial
STU_2025650,20,Male,Undergraduate,Instagram,2.7,0.8,Smartphone,6.5,4,False,Sometimes,9.0,93,3.27,Beneficial
STU_2025651,19,Male,Undergraduate,Instagram,7.2,0.0,Smartphone,6.3,2,True,Frequently,17.0,78,2.93,Beneficial
STU_2025652,19,Female,Undergraduate,Snapchat,4.6,0.7,Smartphone,6.4,2,False,Frequently,19.0,72,2.99,Neutral
STU_2025653,19,Female,Undergraduate,YouTube,5.4,1.4,Smartphone,7.1,3,False,Sometimes,17.0,77,3.63,Beneficial
STU_2025654,22,Male,Postgraduate,YouTube,5.7,2.7,Smartphone,5.4,1,False,Frequently,15.0,86,3.36,Beneficial
STU_2025655,19,Male,Undergraduate,Instagram,2.8,1.1,Smartphone,7.7,4,False,Rarely,5.0,86,3.64,Beneficial
STU_2025656,18,Male,Undergraduate,Instagram,3.3,1.7,Smartphone,7.4,4,False,Sometimes,7.0,77,3.14,Beneficial
STU_2025657,17,Female,High School,Reddit,5.2,0.7,Smartphone,7.4,2,True,Frequently,10.0,93,3.67,Beneficial
STU_2025658,19,Male,Undergraduate,YouTube,3.7,1.8,Smartphone,7.6,4,True,Always,9.0,82,3.85,Beneficial
STU_2025659,17,Male,High School,Instagram,4.0,2.2,Smartphone,7.6,2,True,Always,9.0,87,3.6,Beneficial
STU_2025660,16,Female,High School,Instagram,10.0,0.6,Smartphone,6.1,1,False,Always,17.0,64,3.15,Neutral
STU_2025661,22,Female,Postgraduate,X (Twitter),2.8,0.0,Smartphone,7.9,4,True,Sometimes,5.0,94,3.17,Beneficial
STU_2025662,21,Male,Undergraduate,TikTok,1.9,2.9,Smartphone,7.4,3,False,Sometimes,7.0,97,3.93,Beneficial
STU_2025663,20,Female,High School,TikTok,5.1,2.5,Laptop/PC,7.8,3,True,Sometimes,10.0,84,3.16,Beneficial
STU_2025664,19,Female,Undergraduate,Snapchat,5.2,2.0,Smartphone,8.4,3,True,Frequently,3.0,89,3.29,Beneficial
STU_2025665,19,Male,High School,TikTok,3.9,0.0,Smartphone,5.2,2,True,Frequently,15.0,69,3.55,Beneficial
STU_2025666,18,Male,Undergraduate,Instagram,11.1,1.4,Laptop/PC,5.8,1,True,Always,16.0,82,3.29,Beneficial
STU_2025667,20,Female,Undergraduate,YouTube,5.7,0.7,Smartphone,5.4,2,True,Sometimes,16.0,74,3.07,Beneficial
STU_2025668,20,Female,Undergraduate,Instagram,3.8,1.8,Smartphone,7.4,3,False,Rarely,11.0,92,3.7,Beneficial
STU_2025669,19,Male,Undergraduate,TikTok,6.9,0.9,Smartphone,5.9,2,False,Frequently,30.0,59,3.28,Neutral
STU_2025670,21,Female,Undergraduate,TikTok,11.9,1.1,Smartphone,3.0,1,True,Frequently,40.0,51,2.08,Negative
STU_2025671,19,Male,Undergraduate,Instagram,3.5,2.7,Smartphone,7.4,2,False,Rarely,14.0,82,3.58,Beneficial
STU_2025672,19,Female,Undergraduate,X (Twitter),5.3,1.3,Smartphone,5.8,1,True,Frequently,17.0,89,3.09,Beneficial
STU_2025673,22,Male,Undergraduate,TikTok,7.0,1.8,Smartphone,7.1,1,True,Never,28.0,76,3.46,Neutral
STU_2025674,19,Female,Undergraduate,TikTok,1.6,1.8,Smartphone,7.8,3,False,Frequently,5.0,86,3.85,Beneficial
STU_2025675,17,Non-Binary,High School,TikTok,8.6,1.9,Smartphone,5.3,1,True,Sometimes,24.0,58,3.2,Neutral
STU_2025676,16,Male,High School,YouTube,12.6,1.9,Smartphone,3.8,1,True,Sometimes,29.0,39,2.66,Negative
STU_2025677,21,Female,Undergraduate,TikTok,1.6,2.8,Smartphone,8.9,4,True,Sometimes,8.0,98,3.39,Beneficial
STU_2025678,19,Male,Undergraduate,Instagram,2.7,2.2,Smartphone,7.4,3,True,Sometimes,9.0,98,4.0,Beneficial
STU_2025679,19,Female,Undergraduate,TikTok,6.8,2.9,Smartphone,7.3,3,True,Sometimes,19.0,76,3.62,Beneficial
STU_2025680,17,Female,High School,LinkedIn,2.5,1.2,Smartphone,7.5,4,False,Frequently,0.0,98,3.44,Beneficial
STU_2025681,18,Female,Undergraduate,Instagram,10.1,1.9,Smartphone,5.4,1,True,Sometimes,21.0,58,2.92,Neutral
STU_2025682,19,Female,Undergraduate,Instagram,3.4,1.8,Smartphone,6.0,3,False,Frequently,5.0,80,3.8,Beneficial
STU_2025683,17,Female,High School,YouTube,3.6,3.2,Smartphone,5.5,3,True,Sometimes,19.0,82,3.47,Beneficial
STU_2025684,19,Female,Undergraduate,X (Twitter),4.8,1.1,Smartphone,7.8,3,False,Frequently,8.0,87,3.45,Beneficial
STU_2025685,19,Non-Binary,Undergraduate,YouTube,6.0,2.3,Smartphone,6.8,2,True,Never,26.0,75,3.2,Neutral
STU_2025686,17,Male,High School,Reddit,3.5,1.4,Smartphone,4.9,3,True,Frequently,10.0,87,3.7,Beneficial
STU_2025687,20,Female,High School,X (Twitter),3.3,1.1,Smartphone,8.0,3,False,Always,10.0,98,3.47,Beneficial
STU_2025688,17,Male,High School,Instagram,3.7,2.2,Smartphone,7.2,3,False,Sometimes,14.0,89,3.93,Beneficial
STU_2025689,19,Female,Undergraduate,Snapchat,2.0,1.2,Smartphone,8.0,5,True,Rarely,6.0,89,3.82,Beneficial
STU_2025690,19,Male,Undergraduate,LinkedIn,2.9,1.5,Smartphone,8.0,2,True,Sometimes,13.0,85,3.55,Beneficial
STU_2025691,18,Male,Undergraduate,TikTok,6.7,0.8,Smartphone,6.0,1,True,Frequently,11.0,80,3.25,Beneficial
STU_2025692,18,Male,Undergraduate,Snapchat,4.3,1.1,Laptop/PC,6.4,3,True,Rarely,20.0,79,3.6,Beneficial
STU_2025693,17,Male,High School,Instagram,8.5,2.0,Smartphone,5.6,1,True,Sometimes,18.0,72,2.73,Neutral
STU_2025694,19,Male,Undergraduate,X (Twitter),7.0,2.4,Smartphone,6.3,1,True,Always,13.0,73,3.16,Beneficial
STU_2025695,15,Female,High School,YouTube,11.1,3.0,Laptop/PC,4.8,1,False,Frequently,17.0,58,2.67,Neutral
STU_2025696,21,Male,Undergraduate,TikTok,3.7,1.3,Smartphone,6.4,3,True,Never,16.0,80,3.16,Beneficial
STU_2025697,21,Male,Undergraduate,Snapchat,5.1,1.9,Smartphone,7.6,3,False,Sometimes,16.0,78,3.36,Beneficial
STU_2025698,17,Female,High School,YouTube,3.3,1.2,Laptop/PC,9.2,3,True,Frequently,12.0,94,3.87,Beneficial
STU_2025699,18,Male,Undergraduate,TikTok,3.9,1.6,Smartphone,7.2,3,True,Sometimes,14.0,85,3.21,Beneficial
STU_2025700,18,Female,Undergraduate,Snapchat,3.5,0.9,Smartphone,8.6,5,False,Rarely,11.0,86,3.35,Beneficial
STU_2025701,18,Male,Undergraduate,Reddit,5.4,1.7,Smartphone,6.1,2,True,Sometimes,16.0,74,3.02,Beneficial
STU_2025702,20,Female,High School,YouTube,2.9,1.4,Laptop/PC,6.1,3,False,Frequently,9.0,85,3.54,Beneficial
STU_2025703,17,Male,High School,TikTok,3.3,1.8,Smartphone,8.0,4,False,Rarely,5.0,94,3.93,Beneficial
STU_2025704,24,Non-Binary,Postgraduate,Snapchat,2.3,2.9,Smartphone,8.5,4,True,Rarely,6.0,90,3.72,Beneficial
STU_2025705,19,Male,Undergraduate,X (Twitter),6.1,2.6,Smartphone,5.1,2,False,Frequently,19.0,70,3.37,Beneficial
STU_2025706,15,Female,High School,Instagram,2.6,0.8,Smartphone,7.2,3,True,Always,10.0,76,3.48,Beneficial
STU_2025707,23,Female,Undergraduate,TikTok,2.6,2.2,Smartphone,6.4,2,True,Frequently,10.0,88,3.9,Beneficial
STU_2025708,19,Non-Binary,High School,TikTok,4.7,1.3,Smartphone,7.3,4,True,Frequently,8.0,85,3.6,Beneficial
STU_2025709,16,Female,High School,TikTok,5.4,1.4,Smartphone,6.2,2,True,Never,17.0,85,3.83,Beneficial
STU_2025710,17,Female,High School,TikTok,2.3,1.4,Smartphone,7.1,3,False,Always,1.0,98,4.0,Beneficial
STU_2025711,24,Female,Undergraduate,YouTube,4.8,1.7,Laptop/PC,7.4,3,True,Frequently,11.0,78,3.24,Beneficial
STU_2025712,18,Male,High School,LinkedIn,3.3,2.3,Laptop/PC,6.4,3,False,Rarely,2.0,86,3.66,Beneficial
STU_2025713,17,Prefer not to say,High School,Instagram,8.0,1.3,Smartphone,5.9,2,True,Frequently,19.0,75,3.16,Beneficial
STU_2025714,17,Female,High School,TikTok,3.3,1.4,Smartphone,6.8,3,True,Sometimes,11.0,85,3.78,Beneficial
STU_2025715,17,Female,High School,Instagram,3.4,1.4,Smartphone,7.5,3,False,Sometimes,2.0,92,3.93,Beneficial
STU_2025716,18,Male,Undergraduate,Instagram,8.0,2.6,Smartphone,6.4,2,True,Frequently,28.0,62,3.26,Neutral
STU_2025717,18,Female,Undergraduate,Snapchat,8.8,1.6,Smartphone,5.0,1,True,Rarely,18.0,53,3.08,Neutral
STU_2025718,17,Female,High School,LinkedIn,8.3,1.7,Smartphone,5.4,1,True,Rarely,20.0,62,3.21,Neutral
STU_2025719,18,Non-Binary,Undergraduate,Instagram,3.5,1.6,Smartphone,7.9,3,True,Rarely,7.0,87,3.82,Beneficial
STU_2025720,15,Male,High School,YouTube,2.7,1.9,Laptop/PC,7.1,3,False,Always,9.0,76,4.0,Beneficial
STU_2025721,18,Male,Undergraduate,TikTok,8.2,2.1,Smartphone,6.0,2,False,Frequently,21.0,70,3.17,Neutral
STU_2025722,18,Male,High School,TikTok,3.4,0.4,Smartphone,7.3,2,False,Rarely,7.0,92,3.61,Beneficial
STU_2025723,21,Female,Undergraduate,TikTok,3.4,2.1,Smartphone,7.9,3,False,Sometimes,8.0,88,3.54,Beneficial
STU_2025724,18,Female,Undergraduate,YouTube,7.2,1.1,Laptop/PC,6.4,2,True,Never,13.0,78,3.54,Beneficial
STU_2025725,18,Male,Undergraduate,TikTok,2.5,1.9,Smartphone,7.1,4,True,Rarely,10.0,88,3.69,Beneficial
STU_2025726,18,Female,Undergraduate,TikTok,3.8,2.2,Smartphone,8.3,3,False,Sometimes,8.0,91,3.92,Beneficial
STU_2025727,21,Female,Undergraduate,YouTube,3.2,2.4,Smartphone,9.2,5,False,Sometimes,1.0,97,4.0,Beneficial
STU_2025728,19,Female,Undergraduate,YouTube,6.7,0.4,Smartphone,7.6,3,True,Sometimes,9.0,81,3.41,Beneficial
STU_2025729,20,Female,Undergraduate,TikTok,5.2,1.5,Smartphone,7.5,4,True,Frequently,14.0,83,3.45,Beneficial
STU_2025730,22,Female,Undergraduate,TikTok,5.8,2.0,Laptop/PC,5.8,2,True,Sometimes,17.0,75,3.14,Beneficial
STU_2025731,18,Female,Undergraduate,Snapchat,10.4,2.5,Smartphone,4.7,1,True,Always,25.0,60,2.87,Neutral
STU_2025732,20,Male,Undergraduate,Instagram,1.5,1.0,Smartphone,8.4,3,False,Frequently,2.0,98,3.7,Beneficial
STU_2025733,20,Female,Undergraduate,X (Twitter),4.5,2.0,Smartphone,6.0,2,False,Frequently,18.0,79,3.46,Beneficial
STU_2025734,26,Male,Postgraduate,Instagram,3.4,1.0,Smartphone,8.1,4,True,Sometimes,3.0,98,3.97,Beneficial
STU_2025735,20,Male,Undergraduate,Instagram,5.6,0.5,Smartphone,7.1,2,True,Frequently,11.0,83,3.73,Beneficial
STU_2025736,17,Non-Binary,High School,Reddit,8.4,2.1,Smartphone,5.2,1,True,Frequently,26.0,75,3.59,Neutral
STU_2025737,17,Male,High School,Instagram,3.5,2.4,Smartphone,6.3,3,True,Sometimes,5.0,92,3.91,Beneficial
STU_2025738,19,Male,Undergraduate,TikTok,3.0,1.9,Tablet,6.4,4,False,Frequently,7.0,87,3.33,Beneficial
STU_2025739,20,Male,Undergraduate,YouTube,3.9,1.5,Smartphone,7.0,3,True,Rarely,13.0,83,4.0,Beneficial
STU_2025740,18,Male,Undergraduate,YouTube,4.5,1.7,Smartphone,7.6,3,True,Sometimes,12.0,86,3.74,Beneficial
STU_2025741,20,Female,Undergraduate,TikTok,7.0,2.3,Smartphone,5.1,2,False,Sometimes,21.0,71,3.13,Neutral
STU_2025742,16,Male,High School,TikTok,14.0,2.4,Smartphone,4.5,1,False,Sometimes,40.0,45,2.73,Negative
STU_2025743,20,Male,Undergraduate,YouTube,4.8,2.8,Smartphone,8.1,3,True,Frequently,6.0,78,3.13,Beneficial
STU_2025744,18,Male,Undergraduate,TikTok,2.7,1.8,Smartphone,9.0,4,False,Sometimes,6.0,98,,Beneficial
STU_2025745,18,Male,Undergraduate,YouTube,5.1,2.0,Smartphone,6.7,2,True,Rarely,14.0,80,4.0,Beneficial
STU_2025746,22,Male,Postgraduate,YouTube,4.3,1.2,Smartphone,7.8,4,False,Frequently,0.0,94,3.76,Beneficial
STU_2025747,19,Male,Undergraduate,Instagram,5.1,1.4,Smartphone,6.2,3,True,Frequently,14.0,78,3.68,Beneficial
STU_2025748,19,Female,Undergraduate,Instagram,3.7,2.5,Smartphone,8.2,3,True,Sometimes,0.0,89,4.0,Beneficial
STU_2025749,18,Male,Undergraduate,YouTube,4.6,3.0,Smartphone,7.0,3,True,Frequently,17.0,83,3.3,Beneficial
STU_2025750,21,Female,Undergraduate,TikTok,7.2,2.7,Laptop/PC,6.3,2,True,Never,8.0,63,3.45,Beneficial
STU_2025751,20,Female,High School,TikTok,8.5,3.7,Smartphone,6.3,3,True,Frequently,21.0,84,2.67,Neutral
STU_2025752,19,Male,Undergraduate,Instagram,6.1,2.0,Smartphone,5.9,1,True,Sometimes,10.0,71,3.66,Beneficial
STU_2025753,19,Male,Undergraduate,YouTube,9.8,2.8,Laptop/PC,4.8,1,True,Sometimes,31.0,62,2.74,Neutral
STU_2025754,16,Male,High School,TikTok,9.4,1.6,Laptop/PC,4.4,1,True,Sometimes,19.0,67,3.32,Beneficial
STU_2025755,19,Female,Undergraduate,Instagram,9.2,1.3,Smartphone,5.3,2,True,Never,20.0,67,2.8,Neutral
STU_2025756,17,Non-Binary,High School,Snapchat,4.4,1.7,Smartphone,7.0,3,False,Rarely,16.0,82,3.21,Beneficial
STU_2025757,24,Male,Postgraduate,TikTok,6.7,1.8,Smartphone,4.5,1,True,Rarely,20.0,60,2.9,Neutral
STU_2025758,19,Female,Undergraduate,Instagram,6.7,1.3,Smartphone,7.6,3,True,Rarely,18.0,74,3.42,Beneficial
STU_2025759,19,Female,Undergraduate,Snapchat,10.7,2.2,Smartphone,4.3,1,True,Rarely,29.0,33,2.39,Negative
STU_2025760,26,Female,Postgraduate,YouTube,7.1,1.5,Smartphone,5.7,1,True,Sometimes,13.0,71,3.62,Beneficial
STU_2025761,16,Female,High School,YouTube,4.4,1.5,Smartphone,5.4,2,False,Sometimes,24.0,71,3.59,Neutral
STU_2025762,18,Male,Undergraduate,YouTube,4.4,1.5,Smartphone,7.3,3,True,Frequently,14.0,84,3.55,Beneficial
STU_2025763,21,Male,Undergraduate,YouTube,2.7,1.3,Smartphone,8.5,3,False,Rarely,1.0,93,3.89,Beneficial
STU_2025764,20,Male,Undergraduate,LinkedIn,9.2,1.4,Smartphone,4.9,1,True,Sometimes,25.0,67,3.23,Neutral
STU_2025765,15,Female,High School,YouTube,5.1,1.5,Smartphone,6.9,2,True,Frequently,11.0,80,3.34,Beneficial
STU_2025766,17,Female,High School,TikTok,7.3,2.5,Smartphone,6.0,2,True,Sometimes,14.0,78,3.28,Beneficial
STU_2025767,18,Male,Undergraduate,TikTok,2.3,1.9,Smartphone,9.2,5,False,Sometimes,5.0,98,4.0,Beneficial
STU_2025768,19,Male,Undergraduate,Snapchat,4.5,1.3,Smartphone,7.6,3,False,Rarely,19.0,87,3.14,Beneficial
STU_2025769,20,Male,Undergraduate,Reddit,4.8,1.7,Laptop/PC,7.6,3,False,Sometimes,7.0,88,4.0,Beneficial
STU_2025770,19,Female,Undergraduate,Instagram,4.7,1.1,Smartphone,5.9,2,True,Always,10.0,75,2.93,Beneficial
STU_2025771,18,Female,Undergraduate,YouTube,6.5,2.7,Smartphone,6.2,2,True,Sometimes,17.0,75,3.31,Beneficial
STU_2025772,18,Male,Undergraduate,Reddit,4.3,1.7,Smartphone,7.3,2,False,Rarely,2.0,88,3.95,Beneficial
STU_2025773,17,Female,High School,YouTube,3.1,1.3,Smartphone,8.3,4,False,Sometimes,9.0,87,3.54,Beneficial
STU_2025774,20,Male,Undergraduate,YouTube,7.4,1.1,Smartphone,4.9,1,True,Frequently,18.0,72,3.02,Beneficial
STU_2025775,20,Female,Undergraduate,TikTok,4.5,3.0,Smartphone,6.8,2,True,Rarely,9.0,76,4.0,Beneficial
STU_2025776,20,Female,Undergraduate,Snapchat,4.6,2.6,Smartphone,5.1,1,True,Frequently,12.0,72,3.6,Beneficial
STU_2025777,21,Female,Undergraduate,TikTok,5.0,0.5,Smartphone,7.4,3,True,Sometimes,18.0,83,3.29,Beneficial
STU_2025778,16,Female,High School,Instagram,4.0,1.1,Smartphone,7.3,3,True,Always,19.0,88,3.19,Beneficial
STU_2025779,17,Male,High School,Snapchat,8.9,1.4,Laptop/PC,5.9,1,True,Rarely,32.0,62,2.8,Negative
STU_2025780,17,Female,High School,Instagram,6.5,1.9,Smartphone,5.7,1,True,Sometimes,24.0,61,3.4,Neutral
STU_2025781,18,Male,High School,Reddit,5.6,2.1,Smartphone,6.3,2,True,Frequently,17.0,76,3.32,Beneficial
STU_2025782,15,Male,High School,Reddit,3.9,1.9,Smartphone,6.1,2,True,Sometimes,13.0,74,3.47,Beneficial
STU_2025783,21,Male,Undergraduate,Snapchat,9.1,3.3,Smartphone,5.9,1,True,Frequently,21.0,69,,Neutral
STU_2025784,18,Male,Undergraduate,Instagram,5.7,1.7,Smartphone,6.4,2,True,Rarely,13.0,78,3.71,Beneficial
STU_2025785,22,Female,Undergraduate,TikTok,7.4,2.4,Smartphone,4.1,1,True,Sometimes,14.0,64,3.57,Beneficial
STU_2025786,17,Male,High School,Instagram,3.0,2.0,Smartphone,6.3,3,True,Always,14.0,88,3.54,Beneficial
STU_2025787,23,Female,Undergraduate,Instagram,3.8,2.6,Smartphone,7.0,2,True,Frequently,14.0,82,3.41,Beneficial
STU_2025788,18,Male,Undergraduate,TikTok,3.9,1.6,Smartphone,7.9,3,False,Always,14.0,88,4.0,Beneficial
STU_2025789,18,Female,Undergraduate,Instagram,2.7,2.1,Smartphone,6.1,2,True,Always,9.0,90,3.2,Beneficial
STU_2025790,17,Female,High School,Instagram,4.1,2.3,Laptop/PC,6.0,3,False,Frequently,17.0,80,3.14,Beneficial
STU_2025791,19,Male,Undergraduate,TikTok,6.4,2.2,Smartphone,7.7,4,True,Sometimes,11.0,79,3.22,Beneficial
STU_2025792,18,Female,Undergraduate,TikTok,4.8,2.7,Smartphone,8.0,3,False,Frequently,11.0,73,3.61,Beneficial
STU_2025793,17,Female,High School,Instagram,3.2,1.1,Smartphone,8.3,3,True,Sometimes,11.0,98,3.44,Beneficial
STU_2025794,21,Male,Undergraduate,Snapchat,3.0,3.3,Smartphone,7.7,3,False,Frequently,3.0,98,3.64,Beneficial
STU_2025795,22,Female,Postgraduate,Snapchat,3.8,2.8,Smartphone,6.6,3,False,Sometimes,15.0,85,3.52,Beneficial
STU_2025796,18,Male,Undergraduate,YouTube,5.2,1.9,Smartphone,6.9,1,True,Sometimes,21.0,75,3.44,Beneficial
STU_2025797,20,Female,Undergraduate,TikTok,6.8,2.0,Smartphone,6.0,2,True,Frequently,20.0,69,3.69,Beneficial
STU_2025798,19,Female,Undergraduate,YouTube,12.0,1.2,Smartphone,3.9,1,False,Sometimes,32.0,51,2.44,Negative
STU_2025799,15,Male,High School,TikTok,1.5,3.5,Smartphone,8.5,4,True,Frequently,5.0,98,,Beneficial
STU_2025800,19,Female,Undergraduate,TikTok,2.9,1.2,Smartphone,6.8,2,False,Sometimes,7.0,79,3.6,Beneficial
STU_2025801,18,Female,Undergraduate,Snapchat,3.1,1.3,Smartphone,8.2,3,False,Never,9.0,87,3.87,Beneficial
STU_2025802,17,Female,High School,TikTok,3.3,2.3,Smartphone,8.3,3,False,Sometimes,6.0,89,3.22,Beneficial
STU_2025803,19,Male,Undergraduate,Instagram,6.8,0.7,Smartphone,7.5,2,True,Always,19.0,79,3.22,Beneficial
STU_2025804,18,Male,Undergraduate,Snapchat,6.2,0.8,Smartphone,7.9,3,True,Rarely,12.0,85,3.43,Beneficial
STU_2025805,20,Female,Undergraduate,Instagram,6.3,2.1,Smartphone,7.7,2,True,Never,16.0,81,3.86,Beneficial
STU_2025806,22,Male,Undergraduate,TikTok,11.5,1.5,Smartphone,4.6,1,False,Always,33.0,55,2.35,Negative
STU_2025807,18,Female,Undergraduate,Instagram,11.1,2.0,Smartphone,4.9,1,True,Frequently,28.0,47,2.49,Negative
STU_2025808,21,Female,High School,Instagram,2.9,1.3,Smartphone,8.4,3,False,Sometimes,9.0,88,,Beneficial
STU_2025809,19,Female,Undergraduate,Instagram,6.8,0.0,Smartphone,5.7,1,True,Sometimes,19.0,79,3.48,Beneficial
STU_2025810,17,Male,High School,Instagram,6.0,0.2,Laptop/PC,6.2,2,True,Frequently,,89,3.97,Beneficial
STU_2025811,18,Female,Undergraduate,TikTok,5.1,0.6,Smartphone,6.8,2,False,Always,17.0,67,3.81,Beneficial
STU_2025812,18,Female,Undergraduate,Instagram,5.2,2.0,Smartphone,5.8,2,True,Frequently,12.0,80,3.48,Beneficial
STU_2025813,18,Female,Undergraduate,TikTok,5.4,1.7,Smartphone,5.5,2,True,Sometimes,16.0,74,,Beneficial
STU_2025814,17,Female,High School,TikTok,5.8,0.9,Smartphone,7.1,3,True,Frequently,21.0,71,3.31,Neutral
STU_2025815,17,Female,High School,YouTube,5.9,1.2,Tablet,6.0,2,True,Rarely,12.0,74,3.56,Beneficial
STU_2025816,20,Female,High School,Instagram,4.5,1.3,Smartphone,7.7,2,False,Rarely,12.0,85,3.52,Beneficial
STU_2025817,19,Female,High School,YouTube,2.7,1.3,Smartphone,6.8,3,True,Sometimes,6.0,93,3.72,Beneficial
STU_2025818,22,Male,Postgraduate,Instagram,7.5,1.9,Smartphone,5.4,2,True,Frequently,29.0,64,2.68,Neutral
STU_2025819,20,Male,Undergraduate,LinkedIn,4.4,1.2,Smartphone,7.1,2,False,Sometimes,14.0,80,3.6,Beneficial
STU_2025820,23,Female,Postgraduate,Instagram,2.4,2.4,Laptop/PC,8.1,4,False,Always,10.0,83,3.85,Beneficial
STU_2025821,18,Female,Undergraduate,YouTube,7.0,1.7,Smartphone,7.7,3,True,Frequently,17.0,90,3.07,Beneficial
STU_2025822,21,Male,Undergraduate,TikTok,2.4,1.6,Laptop/PC,8.5,4,True,Sometimes,1.0,85,3.9,Beneficial
STU_2025823,19,Female,High School,Snapchat,3.5,2.1,Laptop/PC,7.4,3,False,Rarely,20.0,88,3.11,Beneficial
STU_2025824,18,Male,Undergraduate,Snapchat,6.4,1.5,Smartphone,6.7,2,True,Sometimes,22.0,75,2.98,Neutral
STU_2025825,18,Male,Undergraduate,TikTok,3.8,1.1,Smartphone,6.7,3,False,Sometimes,10.0,92,3.17,Beneficial
STU_2025826,17,Male,High School,Instagram,2.4,2.5,Smartphone,8.1,3,False,Always,8.0,89,3.94,Beneficial
STU_2025827,19,Female,Undergraduate,Snapchat,14.0,2.1,Smartphone,3.8,1,True,Sometimes,37.0,39,2.86,Negative
STU_2025828,21,Female,Undergraduate,Instagram,4.5,2.1,Laptop/PC,6.9,2,False,Frequently,9.0,88,2.95,Beneficial
STU_2025829,16,Female,High School,Instagram,7.1,1.9,Smartphone,5.7,2,True,Rarely,18.0,81,3.34,Beneficial
STU_2025830,18,Female,Undergraduate,LinkedIn,4.2,2.8,Smartphone,8.1,3,True,Always,12.0,82,3.53,Beneficial
STU_2025831,18,Female,High School,LinkedIn,7.5,0.7,Tablet,6.1,2,True,Always,,77,2.86,Beneficial
STU_2025832,20,Male,Undergraduate,TikTok,4.2,1.3,Laptop/PC,5.8,2,True,Rarely,17.0,77,3.36,Beneficial
STU_2025833,24,Non-Binary,Undergraduate,Snapchat,4.9,2.0,Smartphone,8.0,3,True,Rarely,14.0,82,3.6,Beneficial
STU_2025834,18,Female,Undergraduate,TikTok,5.5,2.1,Smartphone,6.2,2,True,Rarely,17.0,72,3.29,Beneficial
STU_2025835,18,Female,Undergraduate,Instagram,2.8,1.6,Smartphone,6.9,3,False,Sometimes,7.0,87,3.82,Beneficial
STU_2025836,16,Male,High School,Instagram,1.3,1.3,Smartphone,10.0,5,True,Sometimes,3.0,98,4.0,Beneficial
STU_2025837,21,Male,Undergraduate,Reddit,1.8,0.7,Smartphone,7.0,3,False,Frequently,9.0,94,4.0,Beneficial
STU_2025838,18,Male,Undergraduate,Instagram,4.4,1.2,Smartphone,7.3,3,True,Sometimes,19.0,78,2.88,Beneficial
STU_2025839,17,Male,High School,Instagram,4.6,2.1,Laptop/PC,7.9,4,False,Sometimes,5.0,89,3.57,Beneficial
STU_2025840,18,Male,Undergraduate,TikTok,2.5,0.3,Smartphone,8.3,3,True,Always,4.0,98,3.88,Beneficial
STU_2025841,19,Female,Undergraduate,Reddit,2.5,2.3,Smartphone,7.5,4,False,Sometimes,8.0,73,3.45,Beneficial
STU_2025842,21,Female,Undergraduate,TikTok,6.2,0.4,Smartphone,6.5,1,True,Sometimes,15.0,70,3.52,Beneficial
STU_2025843,19,Male,Undergraduate,Reddit,1.2,2.1,Smartphone,9.1,4,False,Rarely,5.0,98,3.71,Beneficial
STU_2025844,19,Male,Undergraduate,Instagram,14.0,1.9,Smartphone,3.3,1,True,Frequently,37.0,35,2.31,Negative
STU_2025845,16,Male,High School,YouTube,4.8,1.6,Smartphone,7.0,3,False,Sometimes,10.0,87,3.68,Beneficial
STU_2025846,26,Female,Undergraduate,Instagram,7.5,1.9,Smartphone,5.4,1,True,Frequently,16.0,68,3.04,Beneficial
STU_2025847,18,Female,Undergraduate,TikTok,8.7,1.5,Laptop/PC,5.1,1,True,Always,16.0,73,2.97,Beneficial
STU_2025848,19,Male,Undergraduate,Instagram,1.7,2.0,Smartphone,8.0,4,False,Rarely,2.0,98,4.0,Beneficial
STU_2025849,19,Male,Undergraduate,Instagram,7.1,2.1,Smartphone,5.7,1,True,Always,15.0,62,3.08,Beneficial
STU_2025850,19,Female,Undergraduate,Instagram,7.2,2.2,Smartphone,5.9,2,True,Rarely,12.0,76,3.62,Beneficial
STU_2025851,16,Male,High School,Instagram,5.8,2.1,Smartphone,7.5,2,True,Rarely,16.0,72,3.35,Beneficial
STU_2025852,16,Female,High School,Instagram,7.1,2.6,Smartphone,5.8,1,True,Sometimes,9.0,64,2.97,Beneficial
STU_2025853,18,Female,Undergraduate,YouTube,5.8,1.7,Smartphone,6.3,3,False,Rarely,16.0,67,3.17,Beneficial
STU_2025854,22,Female,Postgraduate,YouTube,4.1,1.0,Smartphone,6.6,2,False,Frequently,15.0,74,4.0,Beneficial
STU_2025855,19,Female,Undergraduate,Instagram,4.3,1.1,Smartphone,7.1,3,True,Always,14.0,79,3.55,Beneficial
STU_2025856,17,Female,High School,TikTok,3.1,1.7,Smartphone,8.4,4,False,Frequently,4.0,92,3.22,Beneficial
STU_2025857,16,Male,High School,TikTok,3.2,1.5,Smartphone,8.0,4,False,Rarely,0.0,89,3.85,Beneficial
STU_2025858,18,Male,Undergraduate,Instagram,5.6,1.5,Smartphone,7.0,2,True,Sometimes,17.0,87,3.58,Beneficial
STU_2025859,19,Male,Undergraduate,TikTok,4.7,2.1,Laptop/PC,6.1,2,True,Sometimes,15.0,80,3.13,Beneficial
STU_2025860,18,Female,Undergraduate,Instagram,5.2,1.9,Smartphone,6.2,1,False,Rarely,12.0,87,3.36,Beneficial
STU_2025861,16,Male,High School,Snapchat,6.1,0.9,Smartphone,6.4,1,True,Frequently,12.0,75,3.36,Beneficial
STU_2025862,22,Female,Undergraduate,Instagram,4.7,1.3,Smartphone,6.0,2,False,Sometimes,16.0,77,3.66,Beneficial
STU_2025863,22,Male,Postgraduate,X (Twitter),7.1,3.3,Smartphone,5.8,1,False,Always,18.0,66,3.48,Beneficial
STU_2025864,17,Male,High School,Reddit,4.5,3.2,Laptop/PC,6.5,2,False,Frequently,10.0,80,3.46,Beneficial
STU_2025865,19,Male,Undergraduate,Snapchat,3.0,1.9,Smartphone,7.9,3,True,Sometimes,5.0,94,3.45,Beneficial
STU_2025866,16,Male,High School,Instagram,6.6,2.3,Tablet,6.2,2,True,Always,23.0,67,,Neutral
STU_2025867,18,Male,Undergraduate,Instagram,3.8,1.2,Smartphone,5.5,2,True,Rarely,19.0,70,3.57,Beneficial
STU_2025868,19,Female,Undergraduate,Instagram,4.4,2.3,Smartphone,6.9,2,False,Sometimes,23.0,74,2.97,Neutral
STU_2025869,18,Female,Undergraduate,Reddit,8.3,1.7,Smartphone,6.6,2,True,Never,17.0,66,3.51,Beneficial
STU_2025870,24,Female,Undergraduate,YouTube,3.9,2.3,Smartphone,6.7,3,False,Always,10.0,81,3.02,Beneficial
STU_2025871,18,Male,Undergraduate,Instagram,5.9,2.0,Tablet,5.5,2,True,Rarely,13.0,81,3.41,Beneficial
STU_2025872,19,Female,Undergraduate,YouTube,5.0,0.7,Smartphone,7.1,3,False,Always,10.0,86,3.25,Beneficial
STU_2025873,18,Female,Undergraduate,TikTok,3.1,1.2,Smartphone,5.4,2,True,Sometimes,8.0,89,3.76,Beneficial
STU_2025874,17,Male,High School,TikTok,8.3,0.8,Smartphone,6.3,1,False,Rarely,16.0,75,3.39,Beneficial
STU_2025875,19,Male,Undergraduate,Instagram,5.5,2.0,Smartphone,7.5,2,True,Sometimes,3.0,87,3.38,Beneficial
STU_2025876,20,Female,Undergraduate,Instagram,3.2,1.8,Smartphone,8.2,3,True,Sometimes,0.0,98,3.78,Beneficial
STU_2025877,19,Non-Binary,Undergraduate,TikTok,3.0,2.2,Laptop/PC,6.9,3,False,Rarely,10.0,90,4.0,Beneficial
STU_2025878,22,Male,Undergraduate,TikTok,2.8,2.4,Smartphone,7.6,3,False,Sometimes,10.0,98,3.82,Beneficial
STU_2025879,18,Female,Undergraduate,Instagram,5.2,1.5,Laptop/PC,6.3,2,True,Sometimes,8.0,88,3.92,Beneficial
STU_2025880,18,Non-Binary,Undergraduate,Instagram,4.8,1.1,Smartphone,5.6,1,True,Frequently,14.0,70,3.38,Beneficial
STU_2025881,19,Female,Undergraduate,Instagram,3.0,1.3,Smartphone,6.7,2,True,Never,7.0,98,3.44,Beneficial
STU_2025882,15,Male,High School,Reddit,4.8,1.6,Smartphone,6.0,1,False,Frequently,10.0,86,3.56,Beneficial
STU_2025883,17,Female,High School,Instagram,4.2,2.8,Smartphone,6.9,4,False,Rarely,7.0,83,3.01,Beneficial
STU_2025884,18,Male,Undergraduate,YouTube,4.7,1.8,Smartphone,6.8,3,False,Sometimes,7.0,81,3.61,Beneficial
STU_2025885,24,Male,Postgraduate,YouTube,3.8,1.6,Smartphone,7.2,3,True,Always,9.0,93,3.5,Beneficial
STU_2025886,18,Male,Undergraduate,TikTok,3.1,2.6,Smartphone,8.1,3,False,Rarely,14.0,89,3.03,Beneficial
STU_2025887,19,Female,Undergraduate,Instagram,3.7,0.4,Smartphone,8.1,3,False,Always,11.0,83,3.84,Beneficial
STU_2025888,19,Female,Undergraduate,LinkedIn,4.6,1.3,Laptop/PC,8.6,3,False,Frequently,10.0,88,4.0,Beneficial
STU_2025889,19,Female,Undergraduate,YouTube,4.8,2.1,Tablet,7.0,3,False,Sometimes,9.0,85,3.4,Beneficial
STU_2025890,18,Female,Undergraduate,TikTok,4.1,2.1,Smartphone,8.7,3,True,Frequently,8.0,94,3.47,Beneficial
STU_2025891,19,Male,Undergraduate,TikTok,3.8,1.9,Smartphone,7.2,2,True,Rarely,14.0,91,3.69,Beneficial
STU_2025892,24,Female,Postgraduate,TikTok,4.1,1.5,Smartphone,7.2,3,True,Rarely,18.0,84,3.71,Beneficial
STU_2025893,17,Non-Binary,High School,Instagram,1.7,2.8,Smartphone,8.6,4,False,Always,5.0,98,3.78,Beneficial
STU_2025894,18,Male,Undergraduate,Snapchat,7.3,0.0,Smartphone,4.7,1,True,Sometimes,22.0,67,3.71,Beneficial
STU_2025895,18,Female,Undergraduate,LinkedIn,3.5,1.6,Smartphone,6.8,2,True,Sometimes,18.0,79,3.48,Beneficial
STU_2025896,19,Male,Undergraduate,TikTok,2.1,0.5,Tablet,7.1,4,True,Sometimes,10.0,95,3.61,Beneficial
STU_2025897,18,Female,Undergraduate,YouTube,3.9,2.0,Smartphone,6.4,2,True,Frequently,11.0,84,,Beneficial
STU_2025898,19,Male,High School,Instagram,5.1,0.3,Smartphone,7.3,1,False,Frequently,15.0,82,3.93,Beneficial
STU_2025899,16,Male,High School,YouTube,4.5,1.6,Laptop/PC,5.7,1,True,Rarely,11.0,88,3.43,Beneficial
STU_2025900,17,Female,High School,Instagram,10.7,0.2,Laptop/PC,5.2,1,True,Sometimes,32.0,57,2.14,Negative
STU_2025901,18,Female,Undergraduate,Instagram,4.1,0.9,Smartphone,6.4,2,False,Rarely,12.0,85,3.59,Beneficial
STU_2025902,16,Male,High School,Instagram,2.8,1.8,Smartphone,6.1,2,True,Frequently,9.0,92,3.98,Beneficial
STU_2025903,20,Female,Undergraduate,X (Twitter),2.7,2.5,Smartphone,6.5,2,False,Sometimes,10.0,92,3.94,Beneficial
STU_2025904,17,Female,High School,TikTok,4.9,1.6,Smartphone,7.7,2,False,Rarely,17.0,71,3.67,Beneficial
STU_2025905,21,Female,Undergraduate,LinkedIn,7.6,1.3,Smartphone,6.0,1,True,Sometimes,22.0,71,3.14,Neutral
STU_2025906,16,Female,High School,TikTok,3.4,1.6,Laptop/PC,8.0,3,False,Always,18.0,91,3.59,Beneficial
STU_2025907,17,Female,High School,YouTube,2.7,1.7,Smartphone,9.1,5,False,Always,1.0,98,4.0,Beneficial
STU_2025908,19,Male,Undergraduate,Snapchat,3.7,1.8,Smartphone,7.9,4,True,Frequently,10.0,95,3.36,Beneficial
STU_2025909,18,Female,Undergraduate,Instagram,6.1,2.0,Smartphone,5.9,2,True,Always,9.0,75,3.62,Beneficial
STU_2025910,17,Female,High School,Reddit,6.4,1.0,Smartphone,7.0,2,True,Sometimes,15.0,74,3.16,Beneficial
STU_2025911,19,Female,Undergraduate,X (Twitter),2.8,1.2,Smartphone,9.5,4,False,Always,4.0,97,3.16,Beneficial
STU_2025912,17,Male,High School,Instagram,4.2,3.0,Laptop/PC,7.0,3,False,Frequently,7.0,89,3.72,Beneficial
STU_2025913,20,Male,Undergraduate,Snapchat,3.9,2.0,Smartphone,7.8,3,False,Sometimes,8.0,89,3.42,Beneficial
STU_2025914,17,Male,High School,Instagram,3.2,2.1,Smartphone,8.1,3,True,Sometimes,5.0,90,3.97,Beneficial
STU_2025915,21,Female,Undergraduate,TikTok,6.5,0.7,Smartphone,5.7,2,True,Sometimes,17.0,73,3.02,Beneficial
STU_2025916,17,Female,High School,TikTok,4.2,2.5,Smartphone,6.3,2,False,Rarely,9.0,81,3.2,Beneficial
STU_2025917,19,Female,Undergraduate,TikTok,7.4,1.7,Smartphone,5.9,1,True,Frequently,18.0,78,3.16,Beneficial
STU_2025918,20,Male,Undergraduate,TikTok,14.0,2.5,Laptop/PC,4.4,1,True,Rarely,30.0,43,2.97,Negative
STU_2025919,16,Female,High School,TikTok,3.2,1.5,Smartphone,8.0,3,True,Sometimes,8.0,80,3.78,Beneficial
STU_2025920,18,Female,Undergraduate,TikTok,4.0,1.1,Laptop/PC,8.4,3,False,Frequently,5.0,89,3.88,Beneficial
STU_2025921,20,Male,Undergraduate,YouTube,2.3,1.6,Smartphone,7.4,3,False,Rarely,10.0,84,3.78,Beneficial
STU_2025922,22,Non-Binary,Postgraduate,Instagram,2.7,3.0,Smartphone,6.7,2,False,Frequently,8.0,84,3.2,Beneficial
STU_2025923,16,Female,High School,TikTok,10.2,2.3,Smartphone,5.5,1,True,Frequently,19.0,55,2.81,Neutral
STU_2025924,17,Male,High School,TikTok,10.3,0.9,Smartphone,5.7,2,True,Always,25.0,58,2.92,Neutral
STU_2025925,20,Female,Undergraduate,TikTok,3.4,1.8,Laptop/PC,6.5,3,False,Frequently,19.0,84,3.2,Beneficial
STU_2025926,16,Female,High School,Instagram,5.5,0.9,Laptop/PC,7.3,3,True,Frequently,17.0,81,4.0,Beneficial
STU_2025927,20,Male,Undergraduate,Instagram,5.6,2.0,Smartphone,6.8,3,True,Sometimes,15.0,82,3.51,Beneficial
STU_2025928,20,Female,Undergraduate,YouTube,4.5,0.8,Smartphone,7.0,3,True,Rarely,11.0,96,3.33,Beneficial
STU_2025929,18,Female,Undergraduate,Instagram,4.3,1.0,Tablet,5.6,2,False,Sometimes,13.0,79,3.41,Beneficial
STU_2025930,19,Female,Undergraduate,Snapchat,10.8,3.0,Smartphone,4.1,1,True,Frequently,25.0,63,2.82,Neutral
STU_2025931,16,Female,High School,Instagram,3.5,1.5,Smartphone,7.6,3,False,Always,15.0,89,,Beneficial
STU_2025932,20,Male,Undergraduate,YouTube,4.1,1.6,Laptop/PC,8.2,2,False,Rarely,3.0,85,3.94,Beneficial
STU_2025933,17,Female,High School,Instagram,2.6,3.1,Laptop/PC,8.6,2,True,Sometimes,1.0,83,4.0,Beneficial
STU_2025934,18,Female,Undergraduate,YouTube,2.1,2.0,Smartphone,6.8,3,True,Frequently,11.0,88,3.8,Beneficial
STU_2025935,20,Male,Undergraduate,Instagram,6.1,1.9,Smartphone,6.7,1,False,Frequently,16.0,77,2.74,Beneficial
STU_2025936,18,Female,Undergraduate,Instagram,3.1,1.3,Smartphone,7.5,2,True,Sometimes,10.0,82,3.83,Beneficial
STU_2025937,19,Non-Binary,Undergraduate,Instagram,8.9,0.9,Laptop/PC,5.3,1,True,Sometimes,18.0,65,2.82,Neutral
STU_2025938,18,Male,Undergraduate,TikTok,2.6,2.0,Laptop/PC,6.7,2,False,Frequently,10.0,81,3.27,Beneficial
STU_2025939,17,Male,High School,TikTok,7.5,1.9,Smartphone,6.1,3,True,Rarely,20.0,77,3.23,Beneficial
STU_2025940,18,Male,Undergraduate,YouTube,5.8,2.3,Laptop/PC,6.8,3,True,Frequently,10.0,82,,Beneficial
STU_2025941,26,Female,Undergraduate,YouTube,3.6,1.2,Smartphone,7.5,3,False,Always,10.0,90,3.97,Beneficial
STU_2025942,21,Non-Binary,Undergraduate,TikTok,4.3,2.4,Smartphone,7.0,4,False,Rarely,,87,3.61,Beneficial
STU_2025943,20,Female,Undergraduate,TikTok,4.4,2.9,Smartphone,7.4,3,False,Rarely,15.0,83,3.74,Beneficial
STU_2025944,17,Male,High School,Snapchat,1.5,2.2,Tablet,7.7,3,False,Frequently,8.0,94,3.96,Beneficial
STU_2025945,17,Male,High School,YouTube,8.7,2.5,Smartphone,5.2,1,True,Always,24.0,60,2.87,Neutral
STU_2025946,19,Female,Undergraduate,Instagram,4.2,1.2,Laptop/PC,7.2,2,False,Sometimes,17.0,93,3.84,Beneficial
STU_2025947,20,Male,Undergraduate,TikTok,6.7,0.9,Smartphone,5.8,2,True,Rarely,15.0,73,3.14,Beneficial
STU_2025948,17,Male,High School,Snapchat,6.0,1.7,Smartphone,5.7,2,True,Rarely,21.0,73,3.23,Beneficial
STU_2025949,19,Female,Undergraduate,YouTube,4.9,0.4,Laptop/PC,7.3,4,True,Always,9.0,93,3.57,Beneficial
STU_2025950,18,Female,Undergraduate,TikTok,5.5,1.4,Smartphone,5.9,1,True,Rarely,18.0,75,3.37,Beneficial
STU_2025951,18,Female,Undergraduate,TikTok,4.2,1.4,Smartphone,7.6,3,True,Always,9.0,86,3.61,Beneficial
STU_2025952,18,Male,Undergraduate,LinkedIn,2.8,1.8,Smartphone,8.6,4,True,Sometimes,7.0,98,3.77,Beneficial
STU_2025953,17,Female,High School,Snapchat,2.9,1.9,Smartphone,8.5,5,False,Rarely,11.0,98,2.95,Beneficial
STU_2025954,17,Female,High School,TikTok,6.9,1.1,Smartphone,4.7,1,True,Frequently,18.0,70,3.39,Beneficial
STU_2025955,17,Male,High School,Instagram,1.8,1.0,Smartphone,7.9,4,False,Never,6.0,97,4.0,Beneficial
STU_2025956,20,Female,Undergraduate,YouTube,8.1,3.8,Smartphone,5.6,1,True,Always,23.0,72,2.72,Neutral
STU_2025957,19,Male,Undergraduate,X (Twitter),2.1,2.0,Laptop/PC,7.6,3,True,Rarely,6.0,98,3.94,Beneficial
STU_2025958,17,Female,High School,TikTok,11.5,2.2,Smartphone,4.8,1,True,Always,23.0,53,2.94,Neutral
STU_2025959,19,Male,Undergraduate,Instagram,2.4,1.6,Smartphone,7.9,4,False,Always,12.0,95,3.37,Beneficial
STU_2025960,18,Female,Undergraduate,Instagram,8.0,0.6,Smartphone,5.8,2,True,Frequently,19.0,62,3.46,Neutral
STU_2025961,20,Male,Undergraduate,Instagram,5.9,2.8,Smartphone,7.7,3,True,Rarely,10.0,94,3.71,Beneficial
STU_2025962,19,Female,High School,Instagram,7.5,1.9,Smartphone,5.9,2,True,Rarely,13.0,82,2.91,Beneficial
STU_2025963,19,Female,Undergraduate,Instagram,4.2,1.7,Smartphone,6.6,3,True,Sometimes,5.0,88,3.91,Beneficial
STU_2025964,17,Female,High School,X (Twitter),1.9,1.6,Smartphone,7.9,3,False,Frequently,8.0,93,3.82,Beneficial
STU_2025965,18,Female,Undergraduate,TikTok,3.4,1.2,Laptop/PC,8.1,3,False,Sometimes,4.0,94,3.8,Beneficial
STU_2025966,19,Male,Undergraduate,YouTube,3.2,0.8,Smartphone,6.5,2,True,Frequently,10.0,87,3.51,Beneficial
STU_2025967,18,Female,Undergraduate,Reddit,3.8,2.1,Smartphone,6.7,3,False,Sometimes,18.0,70,3.56,Beneficial
STU_2025968,19,Male,Undergraduate,TikTok,5.4,1.5,Smartphone,7.2,4,True,Frequently,18.0,73,3.85,Beneficial
STU_2025969,16,Male,High School,YouTube,4.8,2.2,Smartphone,4.6,2,True,Frequently,24.0,69,3.19,Neutral
STU_2025970,22,Female,Postgraduate,Snapchat,3.5,1.5,Smartphone,7.5,3,False,Never,8.0,96,3.48,Beneficial
STU_2025971,19,Female,Undergraduate,Snapchat,3.5,2.5,Smartphone,7.5,3,False,Frequently,8.0,83,3.78,Beneficial
STU_2025972,19,Female,High School,YouTube,4.2,1.9,Laptop/PC,6.9,2,False,Always,16.0,78,3.46,Beneficial
STU_2025973,19,Male,Undergraduate,TikTok,3.5,1.7,Smartphone,7.8,3,True,Always,15.0,90,3.81,Beneficial
STU_2025974,18,Male,Undergraduate,YouTube,1.5,2.7,Laptop/PC,7.7,4,False,Frequently,8.0,97,3.33,Beneficial
STU_2025975,18,Female,Undergraduate,Instagram,8.1,1.7,Smartphone,4.7,1,True,Frequently,20.0,63,3.02,Neutral
STU_2025976,20,Female,Undergraduate,YouTube,6.2,1.9,Smartphone,6.7,3,True,Frequently,16.0,81,3.13,Beneficial
STU_2025977,18,Female,Undergraduate,YouTube,5.5,1.7,Smartphone,7.2,3,False,Sometimes,16.0,80,2.68,Beneficial
STU_2025978,19,Male,Undergraduate,Instagram,4.1,2.8,Smartphone,8.7,4,True,Frequently,16.0,81,3.82,Beneficial
STU_2025979,18,Female,Undergraduate,TikTok,9.8,0.6,Laptop/PC,5.7,1,True,Rarely,19.0,74,3.21,Beneficial
STU_2025980,22,Male,Postgraduate,TikTok,3.3,2.0,Tablet,8.0,3,True,Rarely,10.0,95,3.31,Beneficial
STU_2025981,22,Female,Postgraduate,Instagram,11.2,2.6,Laptop/PC,5.7,1,True,Frequently,28.0,65,2.82,Neutral
STU_2025982,17,Male,High School,YouTube,4.5,2.5,Smartphone,7.0,2,True,Sometimes,4.0,85,3.71,Beneficial
STU_2025983,16,Female,High School,TikTok,7.2,2.6,Laptop/PC,6.7,2,True,Sometimes,14.0,81,3.55,Beneficial
STU_2025984,18,Female,Undergraduate,Instagram,4.4,1.3,Smartphone,7.7,3,False,Rarely,3.0,86,3.29,Beneficial
STU_2025985,18,Male,Undergraduate,Snapchat,4.4,1.1,Smartphone,7.0,3,True,Sometimes,7.0,81,3.79,Beneficial
STU_2025986,20,Male,Undergraduate,Instagram,10.0,2.7,Smartphone,4.3,1,True,Rarely,25.0,58,2.66,Neutral
STU_2025987,19,Female,Undergraduate,TikTok,2.5,2.0,Smartphone,6.8,3,False,Rarely,5.0,80,3.47,Beneficial
STU_2025988,16,Female,High School,Instagram,4.8,1.7,Smartphone,7.3,2,False,Rarely,10.0,87,3.67,Beneficial
STU_2025989,18,Prefer not to say,Undergraduate,TikTok,1.6,1.2,Smartphone,7.3,4,False,Frequently,10.0,94,3.28,Beneficial
STU_2025990,18,Female,Undergraduate,Instagram,2.0,2.0,Smartphone,9.4,4,False,Sometimes,1.0,98,4.0,Beneficial
STU_2025991,16,Female,High School,TikTok,4.8,1.7,Smartphone,6.5,2,False,Always,13.0,80,3.52,Beneficial
STU_2025992,17,Male,High School,TikTok,4.3,0.8,Smartphone,5.5,1,True,Rarely,16.0,79,3.26,Beneficial
STU_2025993,19,Female,Undergraduate,TikTok,5.7,2.8,Smartphone,6.3,2,True,Sometimes,12.0,84,3.04,Beneficial
STU_2025994,20,Female,Undergraduate,YouTube,3.2,2.2,Smartphone,6.6,2,False,Rarely,10.0,88,4.0,Beneficial
STU_2025995,19,Female,Undergraduate,TikTok,3.6,1.3,Smartphone,6.8,2,False,Sometimes,0.0,87,3.84,Beneficial
STU_2025996,18,Male,Undergraduate,Instagram,14.0,2.0,Smartphone,4.5,1,True,Sometimes,25.0,53,2.55,Neutral
STU_2025997,18,Male,High School,Instagram,2.2,1.0,Smartphone,7.4,4,False,Frequently,10.0,83,3.73,Beneficial
STU_2025998,19,Male,Undergraduate,Reddit,7.2,2.5,Smartphone,6.5,2,True,Frequently,15.0,75,2.93,Beneficial
STU_2025999,24,Female,Postgraduate,LinkedIn,3.4,2.2,Smartphone,7.5,4,False,Frequently,12.0,80,4.0,Beneficial
STU_2026000,19,Male,Undergraduate,Instagram,4.6,3.4,Tablet,6.3,3,False,Always,9.0,87,3.34,Beneficial
STU_2026001,17,Male,High School,Instagram,8.1,1.5,Smartphone,6.2,2,True,Frequently,16.0,80,3.13,Beneficial
STU_2026002,20,Male,Undergraduate,TikTok,5.9,2.0,Smartphone,7.4,3,False,Sometimes,12.0,85,3.61,Beneficial
STU_2026003,17,Male,High School,TikTok,2.8,2.5,Smartphone,7.8,3,False,Always,7.0,93,3.96,Beneficial
STU_2026004,21,Male,Undergraduate,TikTok,3.8,0.6,Laptop/PC,5.8,3,False,Sometimes,15.0,80,2.96,Beneficial
STU_2026005,17,Female,High School,TikTok,8.8,2.7,Smartphone,3.4,1,True,Never,30.0,54,2.74,Negative
STU_2026006,15,Male,High School,Instagram,3.3,1.8,Smartphone,6.9,2,False,Sometimes,13.0,82,3.87,Beneficial
STU_2026007,18,Female,Undergraduate,Instagram,9.2,2.6,Smartphone,4.9,1,True,Sometimes,18.0,60,3.21,Neutral
STU_2026008,21,Male,Undergraduate,LinkedIn,10.2,1.2,Smartphone,4.1,1,True,Frequently,27.0,56,3.22,Neutral
STU_2026009,19,Male,Undergraduate,Reddit,5.9,1.9,Smartphone,7.2,3,True,Rarely,14.0,86,2.92,Beneficial
STU_2026010,18,Male,Undergraduate,Snapchat,5.4,1.5,Smartphone,6.2,4,True,Rarely,9.0,83,2.99,Beneficial
STU_2026011,19,Male,Undergraduate,Instagram,2.1,2.2,Smartphone,8.6,4,True,Rarely,4.0,98,3.72,Beneficial
STU_2026012,21,Female,Undergraduate,Instagram,3.6,2.2,Laptop/PC,7.4,3,False,Frequently,7.0,95,3.69,Beneficial
STU_2026013,19,Male,Undergraduate,Instagram,6.5,1.4,Smartphone,6.1,1,True,Sometimes,16.0,70,2.85,Beneficial
STU_2026014,18,Male,Undergraduate,TikTok,11.6,1.6,Smartphone,4.3,1,True,Always,23.0,45,2.7,Neutral
STU_2026015,19,Male,Undergraduate,YouTube,4.7,3.0,Smartphone,6.1,2,True,Sometimes,8.0,77,3.27,Beneficial
STU_2026016,18,Male,High School,Instagram,4.5,1.9,Smartphone,7.1,3,False,Sometimes,14.0,84,3.68,Beneficial
STU_2026017,19,Female,Undergraduate,TikTok,2.5,0.9,Smartphone,8.5,4,False,Frequently,7.0,87,3.54,Beneficial
STU_2026018,20,Male,Undergraduate,TikTok,2.9,1.3,Smartphone,7.5,3,True,Sometimes,7.0,91,4.0,Beneficial
STU_2026019,15,Male,High School,Instagram,2.5,2.2,Laptop/PC,6.3,3,False,Sometimes,6.0,91,3.66,Beneficial
STU_2026020,18,Female,Undergraduate,X (Twitter),5.1,2.1,Smartphone,4.9,1,True,Sometimes,21.0,61,2.85,Neutral
STU_2026021,19,Female,Undergraduate,YouTube,4.2,1.8,Smartphone,6.7,2,True,Frequently,16.0,82,3.47,Beneficial
STU_2026022,18,Female,Undergraduate,YouTube,4.5,1.8,Smartphone,7.6,3,False,Always,12.0,83,3.65,Beneficial
STU_2026023,21,Male,Undergraduate,YouTube,4.8,2.5,Smartphone,6.1,2,False,Rarely,8.0,87,2.99,Beneficial
STU_2026024,18,Female,Undergraduate,TikTok,5.2,1.8,Smartphone,8.1,3,False,Frequently,14.0,71,3.88,Beneficial
STU_2026025,21,Female,Undergraduate,TikTok,6.0,2.1,Smartphone,7.2,2,False,Sometimes,13.0,76,3.11,Beneficial
STU_2026026,19,Male,Undergraduate,Instagram,3.2,1.5,Smartphone,7.2,2,False,Sometimes,6.0,89,,Beneficial
STU_2026027,18,Male,Undergraduate,YouTube,14.0,1.0,Smartphone,3.2,1,True,Sometimes,40.0,37,2.58,Negative
STU_2026028,21,Female,Undergraduate,YouTube,3.7,1.6,Smartphone,7.0,3,False,Sometimes,13.0,96,3.62,Beneficial
STU_2026029,21,Male,Undergraduate,TikTok,5.2,1.9,Smartphone,7.2,3,True,Always,7.0,77,3.53,Beneficial
STU_2026030,17,Female,High School,Reddit,2.5,2.6,Smartphone,7.5,3,True,Rarely,5.0,98,4.0,Beneficial
STU_2026031,21,Male,Undergraduate,YouTube,7.2,1.2,Smartphone,5.7,2,False,Frequently,15.0,72,3.36,Beneficial
STU_2026032,18,Male,Undergraduate,Instagram,5.4,1.5,Smartphone,7.0,2,True,Frequently,13.0,92,3.33,Beneficial
STU_2026033,18,Male,Undergraduate,TikTok,11.2,1.6,Smartphone,4.5,1,False,Sometimes,28.0,60,2.74,Neutral
STU_2026034,17,Female,High School,LinkedIn,5.8,1.7,Smartphone,6.8,2,True,Sometimes,8.0,83,3.76,Beneficial
STU_2026035,17,Female,High School,TikTok,6.4,2.7,Smartphone,6.8,3,True,Sometimes,20.0,74,3.37,Beneficial
STU_2026036,18,Male,Undergraduate,X (Twitter),3.0,1.3,Smartphone,6.4,2,True,Rarely,,98,3.7,Beneficial
STU_2026037,18,Female,Undergraduate,X (Twitter),4.1,1.5,Smartphone,7.6,3,True,Rarely,15.0,85,3.67,Beneficial
STU_2026038,16,Male,High School,Instagram,3.2,1.5,Laptop/PC,8.0,3,True,Sometimes,16.0,90,3.69,Beneficial
STU_2026039,21,Male,Undergraduate,Instagram,2.8,1.5,Smartphone,7.2,4,False,Rarely,10.0,93,3.92,Beneficial
STU_2026040,16,Male,High School,Snapchat,13.1,3.0,Laptop/PC,4.4,1,False,Sometimes,28.0,54,2.81,Neutral
STU_2026041,19,Male,Undergraduate,X (Twitter),8.6,1.9,Smartphone,4.8,1,False,Rarely,14.0,63,3.14,Beneficial
STU_2026042,17,Male,High School,Reddit,4.5,2.5,Laptop/PC,6.3,3,True,Sometimes,4.0,81,3.53,Beneficial
STU_2026043,20,Female,Undergraduate,Instagram,5.6,1.4,Smartphone,7.1,2,True,Sometimes,14.0,70,3.33,Beneficial
STU_2026044,18,Female,Undergraduate,Snapchat,6.2,1.0,Smartphone,5.5,1,True,Frequently,19.0,63,3.49,Beneficial
STU_2026045,20,Female,Undergraduate,YouTube,6.2,1.2,Smartphone,6.3,2,False,Rarely,16.0,91,2.9,Beneficial
STU_2026046,19,Male,Undergraduate,YouTube,5.1,3.2,Laptop/PC,7.7,3,True,Rarely,12.0,88,3.2,Beneficial
STU_2026047,20,Female,Undergraduate,Instagram,6.3,1.6,Tablet,7.5,3,True,Sometimes,17.0,74,4.0,Beneficial
STU_2026048,17,Male,High School,YouTube,3.6,1.5,Smartphone,7.6,3,False,Rarely,4.0,98,4.0,Beneficial
STU_2026049,20,Female,Undergraduate,LinkedIn,8.8,1.9,Smartphone,4.9,1,True,Sometimes,27.0,61,2.59,Neutral
STU_2026050,15,Male,High School,YouTube,9.9,1.2,Laptop/PC,3.3,1,True,Always,31.0,44,2.47,Negative
STU_2026051,20,Female,Undergraduate,TikTok,5.6,2.5,Smartphone,8.2,3,True,Sometimes,17.0,81,2.96,Beneficial
STU_2026052,18,Female,Undergraduate,Instagram,3.9,2.2,Smartphone,7.2,3,False,Sometimes,12.0,79,3.25,Beneficial
STU_2026053,17,Female,High School,Snapchat,3.1,2.7,Smartphone,8.9,4,False,Sometimes,3.0,95,4.0,Beneficial
STU_2026054,25,Female,Postgraduate,Snapchat,9.8,0.7,Smartphone,5.1,1,False,Rarely,15.0,60,3.61,Beneficial
STU_2026055,19,Female,Undergraduate,Instagram,6.1,1.5,Smartphone,7.5,2,True,Frequently,13.0,81,3.36,Beneficial
STU_2026056,16,Female,High School,Reddit,7.3,1.3,Smartphone,6.2,2,True,Always,20.0,72,3.07,Neutral
STU_2026057,19,Female,Undergraduate,Instagram,3.8,1.2,Laptop/PC,8.6,5,True,Sometimes,0.0,93,4.0,Beneficial
STU_2026058,18,Male,Undergraduate,Instagram,2.0,1.4,Smartphone,7.3,4,True,Always,16.0,95,3.75,Beneficial
STU_2026059,18,Female,Undergraduate,TikTok,4.7,1.7,Smartphone,8.0,3,True,Sometimes,15.0,84,3.33,Beneficial
STU_2026060,20,Female,Undergraduate,TikTok,5.7,3.2,Smartphone,7.5,3,False,Rarely,9.0,82,3.93,Beneficial
STU_2026061,20,Male,Undergraduate,Instagram,6.1,1.9,Smartphone,7.6,3,True,Frequently,14.0,79,3.65,Beneficial
STU_2026062,20,Female,Undergraduate,TikTok,9.3,1.2,Smartphone,5.3,1,True,Sometimes,24.0,61,2.93,Neutral
STU_2026063,18,Female,Undergraduate,YouTube,1.6,2.1,Tablet,7.9,3,False,Always,12.0,98,3.56,Beneficial
STU_2026064,20,Male,Undergraduate,Instagram,2.8,2.3,Smartphone,7.7,3,True,Frequently,13.0,87,3.83,Beneficial
STU_2026065,18,Female,High School,X (Twitter),6.2,1.1,Smartphone,5.8,2,True,Never,13.0,76,3.1,Beneficial
STU_2026066,20,Male,Undergraduate,TikTok,7.5,2.1,Smartphone,5.3,1,False,Sometimes,19.0,73,2.83,Neutral
STU_2026067,20,Male,Undergraduate,Snapchat,3.4,1.2,Smartphone,4.9,2,False,Never,14.0,66,3.97,Beneficial
STU_2026068,16,Male,High School,YouTube,6.2,1.0,Smartphone,7.2,4,True,Sometimes,18.0,80,3.54,Beneficial
STU_2026069,18,Female,Undergraduate,Reddit,4.2,2.3,Smartphone,6.3,3,True,Rarely,10.0,82,3.45,Beneficial
STU_2026070,23,Female,Postgraduate,YouTube,5.3,2.4,Smartphone,5.1,1,False,Frequently,13.0,59,3.52,Beneficial
STU_2026071,19,Male,Undergraduate,YouTube,4.6,2.5,Smartphone,6.2,3,True,Sometimes,12.0,90,3.35,Beneficial
STU_2026072,18,Female,Undergraduate,YouTube,8.0,1.9,Smartphone,6.2,1,True,Frequently,22.0,67,2.85,Neutral
STU_2026073,18,Male,Undergraduate,Instagram,5.1,1.5,Smartphone,6.8,3,True,Frequently,4.0,96,3.75,Beneficial
STU_2026074,18,Male,Undergraduate,TikTok,2.5,2.4,Smartphone,8.6,4,False,Sometimes,4.0,97,3.96,Beneficial
STU_2026075,17,Female,High School,TikTok,9.8,2.6,Smartphone,5.5,1,True,Frequently,28.0,55,2.88,Neutral
STU_2026076,20,Male,Undergraduate,TikTok,10.3,2.4,Smartphone,6.2,1,False,Sometimes,26.0,64,2.61,Neutral
STU_2026077,22,Female,Postgraduate,TikTok,3.6,1.9,Laptop/PC,6.8,2,False,Sometimes,13.0,89,3.73,Beneficial
STU_2026078,20,Female,Undergraduate,Instagram,3.7,1.7,Smartphone,7.8,4,False,Always,11.0,88,3.51,Beneficial
STU_2026079,16,Male,High School,Reddit,8.8,2.3,Smartphone,5.0,2,True,Sometimes,14.0,66,3.34,Beneficial
STU_2026080,16,Female,High School,Snapchat,4.6,1.6,Smartphone,7.6,3,False,Rarely,12.0,93,3.35,Beneficial
STU_2026081,20,Non-Binary,Undergraduate,TikTok,7.0,1.7,Smartphone,5.7,1,True,Always,16.0,75,3.34,Beneficial
STU_2026082,21,Female,High School,Instagram,6.5,1.3,Smartphone,5.6,2,True,Rarely,19.0,70,3.26,Beneficial
STU_2026083,18,Male,Undergraduate,Instagram,6.8,1.2,Laptop/PC,5.3,2,True,Frequently,16.0,66,2.97,Neutral
STU_2026084,20,Female,Undergraduate,YouTube,2.2,0.8,Smartphone,6.6,4,False,Never,2.0,96,3.27,Beneficial
STU_2026085,19,Male,Undergraduate,Reddit,2.4,0.8,Laptop/PC,8.2,3,False,Sometimes,8.0,95,4.0,Beneficial
STU_2026086,19,Male,Undergraduate,TikTok,4.7,1.4,Smartphone,4.9,2,True,Always,15.0,80,3.29,Beneficial
STU_2026087,17,Female,High School,TikTok,3.4,2.6,Smartphone,8.5,3,False,Never,8.0,89,3.79,Beneficial
STU_2026088,18,Female,Undergraduate,Reddit,2.3,0.7,Smartphone,8.1,4,True,Always,5.0,98,3.75,Beneficial
STU_2026089,17,Female,High School,Instagram,7.6,3.4,Smartphone,6.5,3,True,Frequently,14.0,82,3.08,Beneficial
STU_2026090,20,Male,High School,TikTok,5.3,2.5,Smartphone,6.5,2,True,Sometimes,16.0,88,3.47,Beneficial
STU_2026091,17,Male,High School,Snapchat,14.0,1.0,Smartphone,4.1,1,True,Frequently,31.0,42,2.77,Negative
STU_2026092,17,Female,High School,TikTok,6.9,1.2,Smartphone,6.0,1,True,Always,11.0,76,3.49,Beneficial
STU_2026093,19,Female,Undergraduate,Instagram,2.8,1.2,Laptop/PC,6.8,4,True,Frequently,10.0,92,3.59,Beneficial
STU_2026094,15,Male,High School,X (Twitter),10.5,1.4,Smartphone,5.7,1,True,Rarely,20.0,67,3.08,Neutral
STU_2026095,16,Female,High School,YouTube,3.5,1.3,Smartphone,6.2,4,False,Rarely,15.0,77,3.44,Beneficial
STU_2026096,18,Male,Undergraduate,YouTube,4.8,2.7,Smartphone,6.9,2,False,Frequently,9.0,86,3.14,Beneficial
STU_2026097,18,Male,Undergraduate,Instagram,8.3,1.8,Smartphone,6.5,2,False,Frequently,34.0,74,2.9,Neutral
STU_2026098,17,Female,High School,TikTok,3.7,1.9,Smartphone,7.1,3,True,Always,7.0,95,3.93,Beneficial
STU_2026099,17,Male,High School,Instagram,4.6,2.0,Smartphone,6.8,5,False,Rarely,15.0,74,3.49,Beneficial
STU_2026100,19,Female,Undergraduate,YouTube,5.3,2.1,Smartphone,6.2,2,True,Sometimes,15.0,78,3.25,Beneficial
STU_2026101,18,Female,High School,TikTok,4.4,1.9,Laptop/PC,7.1,3,False,Sometimes,8.0,92,3.7,Beneficial
STU_2026102,18,Male,Undergraduate,Reddit,9.0,1.0,Laptop/PC,3.8,1,True,Always,25.0,70,2.64,Neutral
STU_2026103,25,Female,Postgraduate,X (Twitter),3.3,0.4,Smartphone,6.9,3,False,Sometimes,7.0,80,3.57,Beneficial
STU_2026104,19,Male,Undergraduate,Reddit,6.3,2.9,Laptop/PC,8.5,3,False,Rarely,10.0,82,3.96,Beneficial
STU_2026105,20,Non-Binary,Undergraduate,TikTok,5.5,1.8,Laptop/PC,6.7,3,True,Never,13.0,82,,Beneficial
STU_2026106,19,Male,Undergraduate,Reddit,2.9,2.3,Smartphone,6.9,2,False,Frequently,17.0,89,3.53,Beneficial
STU_2026107,21,Male,Undergraduate,TikTok,5.1,2.4,Smartphone,7.1,3,True,Sometimes,12.0,88,3.5,Beneficial
STU_2026108,18,Male,Undergraduate,Reddit,6.9,1.9,Smartphone,4.7,1,True,Frequently,14.0,70,3.14,Beneficial
STU_2026109,18,Female,Undergraduate,TikTok,5.4,1.1,Smartphone,7.3,3,False,Rarely,7.0,84,3.4,Beneficial
STU_2026110,19,Non-Binary,Undergraduate,Snapchat,7.3,1.2,Smartphone,5.7,1,True,Sometimes,8.0,82,3.1,Beneficial
STU_2026111,19,Female,Undergraduate,TikTok,4.7,2.0,Smartphone,7.4,2,True,Rarely,3.0,90,3.81,Beneficial
STU_2026112,20,Female,Undergraduate,YouTube,2.5,1.9,Smartphone,8.3,3,False,Frequently,8.0,98,3.49,Beneficial
STU_2026113,19,Female,Undergraduate,TikTok,8.2,1.7,Smartphone,5.0,1,True,Rarely,24.0,54,2.99,Neutral
STU_2026114,20,Male,High School,Instagram,6.0,2.7,Smartphone,3.7,1,True,Rarely,16.0,70,2.77,Neutral
STU_2026115,20,Male,Undergraduate,TikTok,3.9,1.0,Smartphone,6.4,2,True,Frequently,15.0,84,3.08,Beneficial
STU_2026116,15,Male,High School,Instagram,2.6,1.9,Laptop/PC,7.6,3,True,Sometimes,10.0,88,3.7,Beneficial
STU_2026117,15,Female,High School,TikTok,7.1,1.0,Laptop/PC,7.0,2,True,Never,15.0,72,3.17,Beneficial
STU_2026118,19,Male,Undergraduate,Snapchat,5.9,2.0,Smartphone,5.2,2,True,Frequently,18.0,69,3.37,Beneficial
STU_2026119,19,Female,Undergraduate,YouTube,4.1,2.3,Smartphone,6.3,3,True,Rarely,11.0,79,3.66,Beneficial
STU_2026120,20,Female,Undergraduate,Instagram,6.5,1.6,Smartphone,6.3,2,True,Always,17.0,78,3.66,Beneficial
STU_2026121,17,Male,High School,Instagram,3.8,1.2,Smartphone,7.7,4,False,Sometimes,18.0,92,3.82,Beneficial
STU_2026122,18,Male,Undergraduate,Snapchat,6.5,2.2,Smartphone,6.8,2,False,Sometimes,18.0,76,3.02,Beneficial
STU_2026123,21,Male,Undergraduate,TikTok,3.0,2.1,Smartphone,7.8,3,False,Sometimes,9.0,95,3.75,Beneficial
STU_2026124,19,Male,Undergraduate,Instagram,1.1,2.8,Smartphone,8.0,3,True,Frequently,2.0,96,4.0,Beneficial
STU_2026125,19,Female,Undergraduate,Snapchat,6.3,2.1,Smartphone,6.1,1,True,Rarely,17.0,77,3.83,Beneficial
STU_2026126,18,Female,Undergraduate,Instagram,4.3,2.2,Laptop/PC,5.1,2,True,Sometimes,19.0,73,3.72,Beneficial
STU_2026127,17,Male,High School,TikTok,3.7,2.3,Smartphone,7.9,3,True,Always,3.0,90,3.37,Beneficial
STU_2026128,18,Female,Undergraduate,TikTok,4.8,1.2,Smartphone,6.9,3,False,Never,14.0,84,3.13,Beneficial
STU_2026129,19,Female,Undergraduate,Instagram,8.9,1.9,Smartphone,4.1,1,True,Rarely,,52,2.72,Neutral
STU_2026130,19,Female,Undergraduate,Instagram,7.1,1.8,Smartphone,5.4,1,True,Sometimes,15.0,74,3.36,Beneficial
STU_2026131,17,Female,High School,Snapchat,7.7,2.8,Smartphone,6.1,3,True,Frequently,24.0,69,2.95,Neutral
STU_2026132,19,Male,Undergraduate,TikTok,2.8,1.4,Smartphone,7.9,4,False,Frequently,3.0,98,3.82,Beneficial
STU_2026133,26,Female,Postgraduate,YouTube,3.5,1.5,Smartphone,6.4,1,True,Sometimes,18.0,78,3.81,Beneficial
STU_2026134,21,Female,Undergraduate,Snapchat,5.2,2.0,Smartphone,5.9,3,True,Frequently,15.0,69,3.36,Beneficial
STU_2026135,19,Male,Undergraduate,Instagram,2.8,2.5,Smartphone,7.7,2,False,Sometimes,8.0,98,3.63,Beneficial
STU_2026136,19,Female,Undergraduate,TikTok,5.4,1.7,Laptop/PC,6.9,3,True,Always,13.0,79,3.49,Beneficial
STU_2026137,20,Female,Undergraduate,YouTube,5.2,2.1,Smartphone,6.8,3,True,Rarely,10.0,85,3.49,Beneficial
STU_2026138,18,Female,Undergraduate,TikTok,2.9,1.9,Smartphone,7.5,3,False,Never,12.0,88,3.63,Beneficial
STU_2026139,18,Male,Undergraduate,Reddit,7.4,2.8,Smartphone,4.6,1,True,Frequently,15.0,68,3.64,Beneficial
STU_2026140,22,Male,Postgraduate,TikTok,9.8,2.6,Smartphone,4.5,1,True,Frequently,25.0,52,3.4,Neutral
STU_2026141,18,Female,Undergraduate,Instagram,2.4,1.4,Laptop/PC,8.3,4,True,Rarely,6.0,98,3.48,Beneficial
STU_2026142,20,Male,Undergraduate,Instagram,4.5,2.0,Smartphone,6.2,1,True,Rarely,15.0,87,3.71,Beneficial
STU_2026143,18,Female,Undergraduate,Instagram,9.7,2.8,Laptop/PC,5.4,1,True,Frequently,17.0,54,3.44,Neutral
STU_2026144,20,Female,Undergraduate,Snapchat,3.1,1.6,Smartphone,7.8,3,False,Sometimes,8.0,94,4.0,Beneficial
STU_2026145,18,Male,Undergraduate,TikTok,2.7,1.7,Laptop/PC,7.5,4,False,Frequently,12.0,88,3.48,Beneficial
STU_2026146,19,Female,Undergraduate,TikTok,2.1,1.0,Smartphone,7.1,4,False,Always,7.0,94,4.0,Beneficial
STU_2026147,25,Female,Postgraduate,Instagram,2.2,0.9,Smartphone,7.2,3,False,Frequently,7.0,97,4.0,Beneficial
STU_2026148,19,Non-Binary,Undergraduate,TikTok,4.2,1.5,Smartphone,8.7,3,True,Sometimes,8.0,84,3.79,Beneficial
STU_2026149,17,Female,High School,X (Twitter),5.2,2.2,Smartphone,6.4,3,True,Frequently,19.0,82,2.61,Beneficial
STU_2026150,18,Non-Binary,Undergraduate,Instagram,6.6,2.4,Smartphone,6.2,2,True,Frequently,20.0,70,3.15,Neutral
STU_2026151,19,Male,Undergraduate,Instagram,2.5,2.0,Smartphone,7.9,4,False,Sometimes,7.0,95,3.68,Beneficial
STU_2026152,20,Female,Undergraduate,Instagram,6.3,3.2,Smartphone,5.3,2,True,Sometimes,16.0,69,3.88,Beneficial
STU_2026153,17,Female,High School,Instagram,3.6,1.5,Smartphone,5.1,3,True,Always,18.0,87,3.5,Beneficial
STU_2026154,18,Male,Undergraduate,YouTube,7.3,1.4,Laptop/PC,6.9,2,False,Frequently,13.0,81,3.21,Beneficial
STU_2026155,26,Female,Postgraduate,LinkedIn,4.4,1.1,Smartphone,7.0,2,False,Always,14.0,73,3.5,Beneficial
STU_2026156,24,Female,Postgraduate,YouTube,9.7,1.6,Smartphone,5.4,1,True,Rarely,24.0,68,3.15,Neutral
STU_2026157,20,Male,Undergraduate,X (Twitter),2.3,2.7,Smartphone,7.0,4,False,Frequently,13.0,89,4.0,Beneficial
STU_2026158,19,Female,Undergraduate,TikTok,6.8,0.0,Smartphone,5.3,2,False,Sometimes,10.0,83,3.57,Beneficial
STU_2026159,19,Female,Undergraduate,TikTok,4.9,1.8,Smartphone,6.2,3,False,Rarely,11.0,71,2.72,Beneficial
STU_2026160,19,Male,Undergraduate,YouTube,8.0,1.3,Smartphone,6.6,3,False,Sometimes,19.0,76,3.53,Beneficial
STU_2026161,17,Male,High School,Snapchat,5.1,2.3,Smartphone,6.3,1,True,Frequently,8.0,91,3.4,Beneficial
STU_2026162,17,Male,High School,Snapchat,3.3,0.3,Smartphone,9.6,4,False,Sometimes,4.0,98,3.78,Beneficial
STU_2026163,21,Female,Undergraduate,YouTube,2.2,0.6,Smartphone,9.0,4,False,Rarely,4.0,98,3.76,Beneficial
STU_2026164,19,Male,High School,TikTok,4.0,2.4,Smartphone,7.3,3,False,Frequently,7.0,89,,Beneficial
STU_2026165,19,Prefer not to say,Undergraduate,Instagram,9.0,1.7,Laptop/PC,5.4,1,True,Rarely,30.0,53,2.87,Negative
STU_2026166,19,Female,Undergraduate,TikTok,2.5,0.6,Smartphone,8.1,4,False,Sometimes,6.0,93,3.51,Beneficial
STU_2026167,15,Female,High School,Reddit,6.8,1.9,Smartphone,5.0,1,True,Rarely,23.0,66,2.88,Neutral
STU_2026168,16,Female,High School,TikTok,9.0,1.5,Laptop/PC,6.2,2,True,Always,25.0,64,3.55,Neutral
STU_2026169,20,Male,Undergraduate,LinkedIn,3.9,1.7,Smartphone,7.0,3,False,Rarely,14.0,83,3.3,Beneficial
STU_2026170,20,Male,Undergraduate,TikTok,7.7,1.6,Smartphone,4.8,1,False,Always,27.0,58,3.2,Neutral
STU_2026171,20,Male,Undergraduate,YouTube,8.8,2.6,Smartphone,5.8,1,True,Sometimes,22.0,63,3.33,Neutral
STU_2026172,19,Prefer not to say,Undergraduate,Instagram,2.0,1.6,Smartphone,8.9,2,False,Frequently,2.0,97,3.9,Beneficial
STU_2026173,19,Female,Undergraduate,YouTube,7.7,0.9,Smartphone,6.5,2,False,Rarely,22.0,71,2.87,Neutral
STU_2026174,21,Male,Undergraduate,Instagram,5.2,1.0,Smartphone,5.5,2,True,Never,15.0,90,3.13,Beneficial
STU_2026175,22,Female,Postgraduate,YouTube,1.6,2.2,Smartphone,7.1,3,False,Sometimes,6.0,98,3.57,Beneficial
STU_2026176,19,Female,Undergraduate,Instagram,8.0,1.4,Smartphone,4.8,1,True,Sometimes,24.0,62,2.76,Neutral
STU_2026177,18,Female,Undergraduate,TikTok,3.3,2.2,Smartphone,7.9,3,False,Frequently,0.0,94,4.0,Beneficial
STU_2026178,17,Male,High School,YouTube,7.3,1.6,Smartphone,4.9,1,True,Sometimes,17.0,65,3.03,Neutral
STU_2026179,19,Male,High School,TikTok,4.7,1.2,Smartphone,7.5,3,True,Frequently,13.0,80,3.93,Beneficial
STU_2026180,20,Prefer not to say,Undergraduate,YouTube,2.3,1.9,Smartphone,7.5,3,True,Never,3.0,94,4.0,Beneficial
STU_2026181,20,Female,Undergraduate,Instagram,6.6,1.2,Smartphone,7.1,2,True,Sometimes,19.0,88,3.33,Beneficial
STU_2026182,18,Male,Undergraduate,Instagram,12.4,2.8,Smartphone,4.7,1,True,Frequently,26.0,51,,Neutral
STU_2026183,25,Female,Postgraduate,Instagram,3.8,2.8,Smartphone,6.7,2,False,Sometimes,18.0,89,3.42,Beneficial
STU_2026184,19,Female,Undergraduate,TikTok,5.4,1.0,Smartphone,5.6,1,False,Rarely,10.0,71,2.99,Beneficial
STU_2026185,18,Male,Undergraduate,Snapchat,4.5,1.9,Smartphone,7.0,2,False,Sometimes,7.0,90,3.41,Beneficial
STU_2026186,19,Male,Undergraduate,Snapchat,9.4,1.5,Smartphone,5.6,1,True,Always,25.0,62,3.05,Neutral
STU_2026187,23,Female,Postgraduate,Instagram,5.9,1.6,Smartphone,6.8,3,True,Sometimes,17.0,79,2.53,Beneficial
STU_2026188,20,Male,High School,YouTube,3.9,1.7,Smartphone,8.7,3,False,Rarely,14.0,85,3.69,Beneficial
STU_2026189,18,Female,Undergraduate,Instagram,5.4,1.0,Smartphone,8.2,3,True,Sometimes,11.0,75,3.97,Beneficial
STU_2026190,21,Female,Undergraduate,YouTube,4.3,1.9,Smartphone,6.6,3,False,Frequently,12.0,85,3.31,Beneficial
STU_2026191,17,Male,High School,Snapchat,2.3,1.2,Tablet,6.3,3,False,Rarely,16.0,78,3.69,Beneficial
STU_2026192,22,Male,Postgraduate,Instagram,2.5,3.6,Smartphone,6.4,3,False,Rarely,10.0,90,4.0,Beneficial
STU_2026193,18,Prefer not to say,Undergraduate,TikTok,3.7,1.2,Smartphone,7.7,3,False,Sometimes,15.0,83,3.86,Beneficial
STU_2026194,22,Female,Postgraduate,Reddit,2.4,2.4,Smartphone,8.1,3,False,Sometimes,0.0,98,3.99,Beneficial
STU_2026195,23,Female,Postgraduate,YouTube,6.7,0.2,Smartphone,6.8,3,False,Sometimes,11.0,76,3.73,Beneficial
STU_2026196,20,Male,Undergraduate,Reddit,3.4,1.5,Smartphone,7.0,3,False,Sometimes,8.0,76,3.57,Beneficial
STU_2026197,17,Male,High School,YouTube,5.3,1.6,Smartphone,5.6,1,False,Always,13.0,81,3.52,Beneficial
STU_2026198,18,Female,Undergraduate,Instagram,9.3,1.2,Smartphone,5.8,1,False,Sometimes,25.0,66,3.01,Neutral
STU_2026199,21,Female,Undergraduate,Snapchat,2.5,2.1,Smartphone,8.2,4,True,Frequently,7.0,88,3.58,Beneficial
STU_2026200,19,Male,Undergraduate,Instagram,8.8,1.6,Smartphone,5.4,1,True,Frequently,21.0,71,3.17,Neutral
STU_2026201,17,Male,High School,TikTok,6.8,1.2,Smartphone,6.7,2,True,Sometimes,21.0,71,3.06,Neutral
STU_2026202,18,Male,Undergraduate,TikTok,4.7,2.2,Smartphone,7.0,2,False,Always,14.0,80,3.41,Beneficial
STU_2026203,21,Female,Undergraduate,Instagram,5.5,1.2,Smartphone,6.4,2,True,Sometimes,15.0,74,3.69,Beneficial
STU_2026204,23,Female,Postgraduate,TikTok,4.0,2.9,Smartphone,7.6,3,True,Never,7.0,96,3.54,Beneficial
STU_2026205,17,Female,High School,YouTube,3.9,2.8,Smartphone,7.4,3,True,Sometimes,14.0,91,3.48,Beneficial
STU_2026206,19,Prefer not to say,Undergraduate,TikTok,6.0,1.2,Tablet,5.6,1,True,Rarely,13.0,88,3.12,Beneficial
STU_2026207,18,Male,Undergraduate,TikTok,4.0,2.1,Smartphone,7.9,3,False,Never,7.0,90,3.63,Beneficial
STU_2026208,20,Male,High School,Reddit,2.9,1.8,Smartphone,8.1,5,True,Sometimes,2.0,98,4.0,Beneficial
STU_2026209,17,Male,High School,Instagram,6.0,1.2,Smartphone,5.7,2,True,Frequently,21.0,67,2.73,Neutral
STU_2026210,16,Female,High School,Instagram,4.4,2.9,Smartphone,6.9,3,False,Sometimes,11.0,84,3.82,Beneficial
STU_2026211,19,Female,Undergraduate,TikTok,4.0,3.0,Smartphone,5.2,1,True,Sometimes,18.0,77,3.85,Beneficial
STU_2026212,19,Female,Undergraduate,Instagram,8.6,2.1,Smartphone,5.1,1,True,Sometimes,15.0,66,2.72,Neutral
STU_2026213,20,Male,Undergraduate,TikTok,9.3,2.1,Laptop/PC,4.7,1,False,Rarely,21.0,65,2.99,Neutral
STU_2026214,23,Male,Postgraduate,Instagram,6.4,1.6,Smartphone,6.1,2,True,Sometimes,25.0,69,3.45,Neutral
STU_2026215,24,Male,Postgraduate,YouTube,7.4,1.2,Smartphone,5.9,2,True,Always,19.0,71,3.21,Beneficial
STU_2026216,21,Male,Undergraduate,Instagram,4.5,2.1,Smartphone,7.6,3,True,Frequently,8.0,80,3.93,Beneficial
STU_2026217,18,Female,Undergraduate,Instagram,2.7,2.0,Laptop/PC,8.1,4,False,Frequently,14.0,98,,Beneficial
STU_2026218,19,Male,Undergraduate,Instagram,3.3,0.9,Smartphone,6.8,3,False,Always,7.0,81,3.27,Beneficial
STU_2026219,18,Female,Undergraduate,Instagram,3.2,1.0,Smartphone,8.2,5,False,Sometimes,16.0,85,3.31,Beneficial
STU_2026220,20,Prefer not to say,Undergraduate,Instagram,6.8,2.5,Smartphone,7.0,3,True,Frequently,18.0,71,2.86,Neutral
STU_2026221,17,Male,High School,YouTube,11.2,3.0,Smartphone,3.2,1,True,Rarely,26.0,43,2.51,Negative
STU_2026222,18,Female,Undergraduate,Snapchat,4.8,0.9,Smartphone,6.5,1,True,Rarely,11.0,73,3.66,Beneficial
STU_2026223,18,Female,Undergraduate,Instagram,8.2,1.9,Smartphone,5.1,2,True,Frequently,16.0,68,3.44,Beneficial
STU_2026224,20,Female,Undergraduate,Snapchat,2.6,2.0,Smartphone,8.1,4,False,Frequently,12.0,98,3.17,Beneficial
STU_2026225,20,Male,Undergraduate,Instagram,3.8,0.3,Laptop/PC,7.9,4,True,Sometimes,5.0,82,3.44,Beneficial
STU_2026226,21,Male,Undergraduate,Instagram,3.8,1.9,Smartphone,6.3,2,False,Always,14.0,71,3.88,Beneficial
STU_2026227,21,Female,Undergraduate,YouTube,2.9,0.0,Smartphone,7.6,4,True,Sometimes,5.0,88,3.91,Beneficial
STU_2026228,20,Male,Undergraduate,TikTok,8.6,2.1,Smartphone,6.6,2,True,Frequently,15.0,74,2.98,Beneficial
STU_2026229,16,Male,High School,YouTube,3.9,1.1,Smartphone,7.9,3,False,Sometimes,15.0,89,3.43,Beneficial
STU_2026230,19,Female,Undergraduate,TikTok,3.0,1.1,Tablet,7.7,3,False,Always,9.0,94,3.63,Beneficial
STU_2026231,19,Female,Undergraduate,TikTok,4.2,1.7,Smartphone,6.2,3,False,Always,8.0,78,3.35,Beneficial
STU_2026232,17,Female,High School,X (Twitter),6.0,1.6,Laptop/PC,7.5,2,True,Always,14.0,81,3.51,Beneficial
STU_2026233,15,Female,High School,Instagram,7.0,1.5,Smartphone,5.8,2,True,Rarely,20.0,65,3.12,Neutral
STU_2026234,18,Female,Undergraduate,YouTube,6.5,0.8,Smartphone,6.1,1,True,Sometimes,17.0,80,3.55,Beneficial
STU_2026235,17,Female,High School,Instagram,7.5,2.4,Smartphone,5.9,1,False,Rarely,10.0,74,3.25,Beneficial
STU_2026236,18,Female,Undergraduate,TikTok,14.0,3.4,Smartphone,4.0,1,True,Rarely,30.0,46,2.43,Negative
STU_2026237,16,Male,High School,Instagram,4.9,0.3,Smartphone,6.5,2,False,Sometimes,6.0,82,3.47,Beneficial
STU_2026238,17,Female,High School,TikTok,6.7,1.7,Smartphone,5.9,2,True,Frequently,8.0,72,3.19,Beneficial
STU_2026239,19,Male,Undergraduate,TikTok,11.5,2.5,Laptop/PC,5.0,1,True,Rarely,32.0,41,2.8,Negative
STU_2026240,23,Male,Postgraduate,TikTok,9.8,1.3,Smartphone,4.2,1,False,Never,24.0,68,3.28,Neutral
STU_2026241,18,Male,Undergraduate,Instagram,11.5,2.7,Smartphone,5.0,1,True,Rarely,33.0,54,2.64,Negative
STU_2026242,22,Female,Postgraduate,Instagram,6.2,1.9,Smartphone,6.5,2,True,Frequently,12.0,94,3.24,Beneficial
STU_2026243,18,Female,Undergraduate,Instagram,2.7,2.0,Laptop/PC,8.0,4,True,Sometimes,3.0,98,3.82,Beneficial
STU_2026244,26,Prefer not to say,Undergraduate,Instagram,5.1,2.7,Smartphone,6.7,3,True,Rarely,13.0,76,3.56,Beneficial
STU_2026245,20,Male,Undergraduate,Instagram,5.2,1.4,Smartphone,7.7,3,True,Always,17.0,80,3.52,Beneficial
STU_2026246,18,Female,Undergraduate,Instagram,4.2,1.3,Smartphone,8.0,3,False,Frequently,1.0,98,3.52,Beneficial
STU_2026247,17,Female,High School,TikTok,14.0,0.6,Smartphone,4.2,1,True,Always,22.0,45,2.91,Neutral
STU_2026248,18,Male,Undergraduate,TikTok,4.8,2.7,Laptop/PC,7.5,2,True,Sometimes,14.0,83,3.45,Beneficial
STU_2026249,23,Male,Postgraduate,TikTok,7.1,2.0,Laptop/PC,6.6,2,False,Frequently,17.0,80,3.68,Beneficial
STU_2026250,23,Male,Undergraduate,Instagram,6.6,2.1,Smartphone,6.9,3,True,Frequently,18.0,80,3.42,Beneficial
STU_2026251,18,Female,Undergraduate,YouTube,2.9,2.4,Smartphone,5.5,1,True,Frequently,15.0,75,3.96,Beneficial
STU_2026252,19,Male,Undergraduate,YouTube,3.8,1.6,Smartphone,7.1,2,False,Always,6.0,84,3.46,Beneficial
STU_2026253,19,Female,Undergraduate,TikTok,6.7,3.0,Smartphone,5.6,2,False,Always,18.0,72,3.37,Beneficial
STU_2026254,21,Male,Undergraduate,YouTube,2.0,1.8,Smartphone,7.3,3,True,Rarely,8.0,86,3.74,Beneficial
STU_2026255,16,Female,High School,TikTok,5.8,1.5,Smartphone,7.0,3,True,Sometimes,10.0,86,3.6,Beneficial
STU_2026256,19,Male,Undergraduate,TikTok,7.2,3.0,Smartphone,6.7,2,True,Rarely,9.0,80,3.36,Beneficial
STU_2026257,21,Female,High School,YouTube,4.2,1.2,Laptop/PC,6.5,2,False,Sometimes,13.0,72,3.05,Beneficial
STU_2026258,18,Female,Undergraduate,TikTok,5.6,1.9,Smartphone,6.4,3,True,Rarely,18.0,76,3.32,Beneficial
STU_2026259,17,Male,High School,Instagram,3.1,1.3,Smartphone,8.7,4,False,Frequently,2.0,86,4.0,Beneficial
STU_2026260,18,Female,Undergraduate,YouTube,4.0,3.6,Tablet,6.9,3,False,Frequently,15.0,88,3.4,Beneficial
STU_2026261,17,Male,High School,Instagram,2.2,1.9,Laptop/PC,7.5,2,True,Always,,89,3.43,Beneficial
STU_2026262,16,Female,High School,Instagram,5.3,1.9,Smartphone,7.5,2,True,Frequently,11.0,89,3.47,Beneficial
STU_2026263,19,Female,Undergraduate,Instagram,2.9,2.2,Smartphone,6.8,4,False,Frequently,15.0,86,3.92,Beneficial
STU_2026264,21,Female,Undergraduate,YouTube,2.1,0.2,Smartphone,8.3,4,True,Never,12.0,94,3.49,Beneficial
STU_2026265,19,Female,Undergraduate,Instagram,11.3,1.9,Smartphone,4.1,1,True,Frequently,26.0,56,2.21,Negative
STU_2026266,17,Male,High School,Instagram,6.1,1.3,Smartphone,6.7,2,True,Sometimes,10.0,83,3.5,Beneficial
STU_2026267,21,Female,Undergraduate,TikTok,7.9,2.9,Smartphone,6.8,2,False,Sometimes,15.0,69,3.49,Beneficial
STU_2026268,18,Female,Undergraduate,TikTok,3.2,2.8,Smartphone,7.9,3,False,Sometimes,17.0,87,3.77,Beneficial
STU_2026269,20,Female,Undergraduate,Instagram,3.2,2.0,Smartphone,6.6,4,False,Rarely,15.0,86,3.58,Beneficial
STU_2026270,17,Male,High School,TikTok,1.9,0.7,Smartphone,7.1,4,True,Sometimes,0.0,96,4.0,Beneficial
STU_2026271,19,Male,Undergraduate,Snapchat,8.0,0.5,Smartphone,5.3,1,True,Sometimes,17.0,67,,Beneficial
STU_2026272,18,Male,Undergraduate,Instagram,4.8,1.7,Laptop/PC,6.5,2,False,Rarely,13.0,81,3.63,Beneficial
STU_2026273,23,Male,Postgraduate,X (Twitter),2.6,1.8,Smartphone,8.5,4,False,Frequently,6.0,92,4.0,Beneficial
STU_2026274,19,Female,Undergraduate,Instagram,7.5,2.9,Smartphone,7.7,4,False,Always,17.0,70,3.48,Beneficial
STU_2026275,15,Male,High School,Snapchat,3.7,2.4,Smartphone,8.3,4,False,Always,6.0,89,4.0,Beneficial
STU_2026276,18,Female,Undergraduate,Reddit,10.6,0.7,Smartphone,5.7,1,False,Sometimes,21.0,54,2.87,Neutral
STU_2026277,22,Female,Postgraduate,TikTok,2.5,2.3,Smartphone,7.2,3,False,Rarely,8.0,90,4.0,Beneficial
STU_2026278,17,Female,High School,Instagram,3.0,1.8,Smartphone,8.8,4,False,Sometimes,8.0,84,3.83,Beneficial
STU_2026279,19,Male,Undergraduate,Instagram,4.2,0.2,Smartphone,6.9,2,False,Frequently,19.0,80,4.0,Beneficial
STU_2026280,21,Male,Undergraduate,YouTube,5.2,2.5,Smartphone,6.6,2,True,Sometimes,8.0,79,3.4,Beneficial
STU_2026281,19,Female,Undergraduate,YouTube,1.7,0.6,Smartphone,6.8,3,False,Sometimes,10.0,86,3.42,Beneficial
STU_2026282,16,Male,High School,Instagram,12.6,0.5,Smartphone,3.3,1,False,Rarely,31.0,45,2.67,Negative
STU_2026283,22,Male,Postgraduate,X (Twitter),6.4,2.0,Smartphone,7.2,3,True,Frequently,17.0,90,2.98,Beneficial
STU_2026284,21,Male,Undergraduate,Instagram,3.8,1.1,Smartphone,6.7,2,False,Frequently,8.0,96,3.23,Beneficial
STU_2026285,21,Female,Undergraduate,YouTube,10.9,0.0,Smartphone,4.0,1,False,Frequently,22.0,64,2.67,Neutral
STU_2026286,20,Female,Undergraduate,Instagram,3.4,1.6,Smartphone,7.3,4,False,Rarely,5.0,98,3.98,Beneficial
STU_2026287,17,Male,High School,Instagram,5.8,3.1,Tablet,5.5,2,True,Sometimes,,74,3.46,Beneficial
STU_2026288,19,Female,Undergraduate,TikTok,3.7,1.0,Smartphone,6.4,3,True,Frequently,14.0,74,3.5,Beneficial
STU_2026289,19,Female,Undergraduate,Instagram,5.7,1.6,Laptop/PC,5.9,1,True,Always,10.0,83,3.19,Beneficial
STU_2026290,18,Female,Undergraduate,Instagram,11.5,1.5,Laptop/PC,3.6,1,False,Frequently,21.0,47,3.08,Neutral
STU_2026291,20,Female,Undergraduate,TikTok,8.0,1.5,Smartphone,4.8,1,True,Rarely,28.0,75,3.21,Neutral
STU_2026292,18,Female,Undergraduate,LinkedIn,5.3,1.5,Smartphone,6.7,3,True,Sometimes,19.0,81,3.26,Beneficial
STU_2026293,18,Male,Undergraduate,TikTok,3.2,0.8,Smartphone,7.9,3,False,Always,7.0,89,3.98,Beneficial
STU_2026294,17,Female,High School,Instagram,4.2,2.0,Smartphone,6.5,2,True,Always,13.0,76,3.69,Beneficial
STU_2026295,19,Male,Undergraduate,YouTube,5.0,0.9,Smartphone,5.6,3,True,Frequently,16.0,80,3.29,Beneficial
STU_2026296,18,Female,Undergraduate,TikTok,6.2,2.7,Smartphone,6.5,2,True,Sometimes,10.0,78,3.08,Beneficial
STU_2026297,18,Female,Undergraduate,Instagram,6.3,1.2,Smartphone,7.0,4,True,Rarely,10.0,81,,Beneficial
STU_2026298,22,Female,Postgraduate,Instagram,8.3,2.1,Smartphone,5.5,2,True,Sometimes,24.0,59,2.4,Neutral
STU_2026299,23,Male,Postgraduate,YouTube,4.0,0.8,Laptop/PC,8.3,2,False,Always,6.0,95,3.61,Beneficial
STU_2026300,17,Male,High School,Instagram,9.8,2.8,Smartphone,4.7,1,True,Sometimes,24.0,57,2.76,Neutral
STU_2026301,19,Female,Undergraduate,YouTube,2.9,1.4,Smartphone,9.4,4,False,Rarely,4.0,97,3.84,Beneficial
STU_2026302,16,Male,High School,TikTok,4.7,1.3,Smartphone,7.0,3,False,Sometimes,8.0,85,3.19,Beneficial
STU_2026303,21,Female,Undergraduate,TikTok,3.2,2.3,Smartphone,5.6,1,True,Rarely,18.0,81,3.6,Beneficial
STU_2026304,19,Female,Undergraduate,YouTube,8.0,2.0,Smartphone,6.6,2,True,Sometimes,20.0,73,3.2,Beneficial
STU_2026305,20,Female,Undergraduate,LinkedIn,2.6,1.6,Smartphone,7.6,4,True,Rarely,5.0,89,3.73,Beneficial
STU_2026306,19,Female,Undergraduate,Instagram,2.3,2.1,Smartphone,9.5,4,False,Always,8.0,88,3.74,Beneficial
STU_2026307,19,Female,Undergraduate,YouTube,6.1,0.8,Smartphone,7.3,3,True,Sometimes,10.0,68,3.41,Beneficial
STU_2026308,20,Male,Undergraduate,TikTok,4.7,0.3,Smartphone,8.2,3,False,Sometimes,2.0,90,3.82,Beneficial
STU_2026309,17,Male,High School,TikTok,3.1,2.5,Smartphone,7.5,2,False,Frequently,10.0,92,3.79,Beneficial
STU_2026310,16,Male,High School,Instagram,3.9,1.4,Smartphone,6.4,2,False,Frequently,17.0,82,3.41,Beneficial
STU_2026311,19,Female,Undergraduate,Instagram,3.9,1.5,Smartphone,7.2,3,True,Sometimes,6.0,86,3.84,Beneficial
STU_2026312,19,Male,Undergraduate,Instagram,3.1,2.0,Smartphone,7.5,3,True,Frequently,15.0,91,3.72,Beneficial
STU_2026313,19,Male,Undergraduate,TikTok,1.7,2.1,Smartphone,8.9,5,False,Frequently,6.0,98,3.95,Beneficial
STU_2026314,16,Male,High School,Instagram,9.5,2.1,Laptop/PC,4.8,1,True,Frequently,29.0,59,2.48,Negative
STU_2026315,18,Female,Undergraduate,X (Twitter),3.8,1.4,Smartphone,6.7,2,False,Sometimes,5.0,84,3.41,Beneficial
STU_2026316,19,Female,Undergraduate,YouTube,7.8,1.8,Smartphone,5.4,1,True,Frequently,18.0,64,3.32,Beneficial
STU_2026317,17,Female,High School,Instagram,14.0,2.2,Smartphone,3.9,1,True,Frequently,32.0,45,2.58,Negative
STU_2026318,21,Female,Undergraduate,Instagram,4.0,2.1,Smartphone,7.4,4,False,Frequently,9.0,94,3.64,Beneficial
STU_2026319,21,Female,Undergraduate,Instagram,10.5,2.2,Smartphone,4.8,1,True,Sometimes,28.0,48,2.17,Negative
STU_2026320,18,Male,Undergraduate,TikTok,5.3,0.7,Smartphone,6.0,3,True,Rarely,19.0,79,3.44,Beneficial
STU_2026321,18,Male,Undergraduate,TikTok,4.2,0.8,Smartphone,6.4,3,True,Rarely,12.0,69,3.53,Beneficial
STU_2026322,22,Female,Postgraduate,Instagram,1.3,3.1,Smartphone,7.6,5,False,Sometimes,0.0,98,4.0,Beneficial
STU_2026323,17,Male,High School,LinkedIn,5.4,1.8,Smartphone,6.4,2,True,Always,15.0,85,3.33,Beneficial
STU_2026324,19,Male,Undergraduate,X (Twitter),4.6,3.6,Smartphone,7.2,2,True,Frequently,2.0,87,3.68,Beneficial
STU_2026325,19,Female,High School,TikTok,3.0,2.6,Smartphone,8.1,3,False,Always,4.0,97,3.61,Beneficial
STU_2026326,20,Female,Undergraduate,Instagram,4.6,1.3,Smartphone,7.5,3,True,Sometimes,14.0,83,3.74,Beneficial
STU_2026327,19,Female,High School,TikTok,1.7,2.7,Smartphone,8.0,4,False,Frequently,3.0,93,3.8,Beneficial
STU_2026328,15,Female,High School,Snapchat,8.9,1.4,Tablet,5.7,1,True,Sometimes,24.0,61,3.32,Neutral
STU_2026329,18,Male,Undergraduate,TikTok,5.3,2.3,Smartphone,7.3,3,True,Never,14.0,85,3.45,Beneficial
STU_2026330,24,Female,Postgraduate,X (Twitter),2.5,1.2,Smartphone,7.1,3,True,Never,16.0,89,3.32,Beneficial
STU_2026331,17,Female,High School,Instagram,6.7,1.5,Laptop/PC,4.4,1,False,Sometimes,23.0,58,3.26,Neutral
STU_2026332,17,Male,High School,Instagram,4.4,2.0,Smartphone,6.4,1,False,Always,12.0,80,3.47,Beneficial
STU_2026333,18,Female,High School,Instagram,9.8,1.2,Smartphone,5.1,3,True,Frequently,25.0,49,2.95,Neutral
STU_2026334,17,Male,High School,Snapchat,5.5,2.6,Laptop/PC,7.1,3,True,Frequently,13.0,78,3.68,Beneficial
STU_2026335,19,Female,Undergraduate,Instagram,3.4,2.6,Smartphone,7.2,3,True,Sometimes,11.0,85,3.01,Beneficial
STU_2026336,18,Male,Undergraduate,Instagram,5.9,0.8,Laptop/PC,6.8,3,True,Always,7.0,82,2.89,Beneficial
STU_2026337,18,Female,Undergraduate,Snapchat,3.6,2.0,Smartphone,6.9,3,True,Sometimes,6.0,85,3.95,Beneficial
STU_2026338,17,Female,High School,TikTok,4.9,1.4,Smartphone,6.8,3,False,Frequently,12.0,88,3.16,Beneficial
STU_2026339,16,Female,High School,Instagram,7.3,1.0,Smartphone,6.2,2,True,Rarely,18.0,60,2.89,Neutral
STU_2026340,16,Female,High School,TikTok,9.8,1.8,Smartphone,4.4,1,True,Rarely,25.0,54,2.47,Neutral
STU_2026341,17,Male,High School,Instagram,5.2,0.9,Smartphone,8.4,4,True,Always,6.0,92,3.5,Beneficial
STU_2026342,19,Male,Undergraduate,YouTube,4.9,1.2,Smartphone,6.1,2,False,Sometimes,12.0,86,3.85,Beneficial
STU_2026343,16,Male,High School,Instagram,7.9,1.9,Smartphone,6.4,3,True,Frequently,26.0,58,2.85,Neutral
STU_2026344,18,Female,Undergraduate,Instagram,11.8,1.8,Smartphone,3.8,1,False,Frequently,20.0,56,2.75,Neutral
STU_2026345,15,Female,High School,TikTok,3.8,1.0,Smartphone,8.9,4,True,Sometimes,1.0,98,3.67,Beneficial
STU_2026346,21,Male,Undergraduate,Instagram,2.4,1.7,Smartphone,7.5,3,True,Rarely,10.0,98,3.56,Beneficial
STU_2026347,19,Male,Undergraduate,Snapchat,4.3,2.4,Smartphone,7.6,4,False,Always,7.0,89,3.81,Beneficial
STU_2026348,20,Female,Undergraduate,Snapchat,5.3,1.0,Smartphone,6.0,2,True,Sometimes,15.0,71,3.25,Beneficial
STU_2026349,19,Female,Undergraduate,TikTok,6.4,2.1,Smartphone,5.8,2,True,Frequently,8.0,73,3.49,Beneficial
STU_2026350,18,Female,Undergraduate,YouTube,6.9,1.2,Smartphone,6.6,2,True,Sometimes,18.0,81,3.64,Beneficial
STU_2026351,18,Female,Undergraduate,Instagram,4.1,1.6,Smartphone,8.7,4,True,Sometimes,6.0,90,3.97,Beneficial
STU_2026352,18,Male,Undergraduate,TikTok,4.7,1.5,Laptop/PC,6.2,1,False,Sometimes,14.0,71,3.64,Beneficial
STU_2026353,19,Male,Undergraduate,Instagram,5.1,1.6,Smartphone,7.3,2,False,Frequently,8.0,85,3.61,Beneficial
STU_2026354,18,Male,Undergraduate,YouTube,4.5,2.7,Smartphone,8.1,2,True,Sometimes,11.0,85,3.7,Beneficial
STU_2026355,18,Male,Undergraduate,Instagram,5.2,1.7,Laptop/PC,7.1,2,True,Sometimes,14.0,81,3.19,Beneficial
STU_2026356,21,Male,Undergraduate,Instagram,2.4,3.1,Smartphone,7.8,3,True,Frequently,3.0,89,3.85,Beneficial
STU_2026357,18,Male,Undergraduate,LinkedIn,2.5,1.4,Smartphone,7.3,3,True,Sometimes,3.0,86,3.97,Beneficial
STU_2026358,19,Male,Undergraduate,Snapchat,10.8,1.4,Smartphone,5.2,1,False,Rarely,29.0,55,3.1,Neutral
STU_2026359,18,Female,High School,YouTube,4.3,1.6,Smartphone,7.0,4,True,Sometimes,6.0,85,3.42,Beneficial
STU_2026360,19,Male,Undergraduate,YouTube,8.5,1.4,Smartphone,5.5,1,True,Sometimes,17.0,68,3.19,Beneficial
STU_2026361,18,Male,Undergraduate,TikTok,5.9,2.7,Smartphone,4.1,1,True,Sometimes,18.0,73,3.23,Beneficial
STU_2026362,19,Male,Undergraduate,Instagram,3.1,0.3,Smartphone,5.6,2,True,Sometimes,12.0,74,2.99,Beneficial
STU_2026363,18,Female,High School,TikTok,5.4,1.8,Laptop/PC,5.8,2,True,Rarely,19.0,75,4.0,Beneficial
STU_2026364,15,Male,High School,Reddit,6.2,1.0,Smartphone,5.8,3,True,Sometimes,21.0,71,2.84,Neutral
STU_2026365,21,Female,Undergraduate,Instagram,3.0,1.9,Smartphone,7.0,3,True,Rarely,7.0,72,3.57,Beneficial
STU_2026366,19,Male,Undergraduate,YouTube,2.3,2.6,Smartphone,9.0,3,False,Rarely,7.0,98,4.0,Beneficial
STU_2026367,20,Non-Binary,Undergraduate,Instagram,3.9,1.6,Smartphone,7.8,2,True,Sometimes,11.0,98,3.49,Beneficial
STU_2026368,19,Non-Binary,Undergraduate,Instagram,5.6,1.2,Smartphone,6.0,3,True,Frequently,22.0,67,3.29,Neutral
STU_2026369,19,Female,Undergraduate,YouTube,6.4,1.8,Laptop/PC,5.1,2,False,Frequently,22.0,66,3.23,Neutral
STU_2026370,16,Male,High School,Instagram,3.6,1.2,Smartphone,8.0,3,False,Always,12.0,98,3.81,Beneficial
STU_2026371,18,Female,Undergraduate,Instagram,5.4,1.7,Smartphone,7.0,4,True,Frequently,6.0,82,3.43,Beneficial
STU_2026372,20,Female,Undergraduate,TikTok,6.4,1.5,Smartphone,5.6,1,True,Frequently,19.0,72,3.28,Beneficial
STU_2026373,17,Male,High School,Instagram,2.5,0.9,Smartphone,7.2,3,False,Never,10.0,85,4.0,Beneficial
STU_2026374,22,Male,Undergraduate,Snapchat,3.2,2.4,Smartphone,8.2,3,False,Frequently,10.0,90,3.95,Beneficial
STU_2026375,20,Prefer not to say,Undergraduate,Instagram,5.8,1.1,Smartphone,7.2,3,True,Sometimes,15.0,77,3.43,Beneficial
STU_2026376,17,Male,High School,Instagram,11.0,2.6,Smartphone,3.7,1,True,Frequently,20.0,47,2.3,Neutral
STU_2026377,22,Female,Postgraduate,Instagram,4.6,1.6,Smartphone,6.1,2,False,Always,14.0,84,3.45,Beneficial
STU_2026378,17,Male,High School,YouTube,4.4,2.3,Smartphone,8.2,3,True,Sometimes,9.0,93,3.82,Beneficial
STU_2026379,18,Female,Undergraduate,YouTube,5.9,0.8,Smartphone,6.1,3,True,Sometimes,10.0,77,3.48,Beneficial
STU_2026380,18,Male,Undergraduate,X (Twitter),2.8,1.8,Smartphone,8.6,5,False,Sometimes,,87,3.5,Beneficial
STU_2026381,19,Male,Undergraduate,YouTube,5.5,1.8,Smartphone,7.4,2,True,Sometimes,10.0,74,3.7,Beneficial
STU_2026382,20,Male,Undergraduate,Reddit,1.7,1.9,Smartphone,5.7,3,False,Frequently,10.0,85,3.97,Beneficial
STU_2026383,17,Male,High School,Snapchat,5.5,1.1,Smartphone,6.0,2,True,Frequently,19.0,73,3.41,Beneficial
STU_2026384,18,Female,Undergraduate,Reddit,4.9,2.4,Smartphone,6.0,2,True,Frequently,2.0,87,4.0,Beneficial
STU_2026385,19,Male,Undergraduate,TikTok,5.7,1.2,Laptop/PC,6.1,2,False,Frequently,11.0,88,3.19,Beneficial
STU_2026386,19,Male,Undergraduate,TikTok,3.2,2.0,Smartphone,7.2,4,False,Never,9.0,80,3.83,Beneficial
STU_2026387,17,Male,High School,Instagram,7.2,1.6,Smartphone,5.5,1,False,Rarely,3.0,73,3.73,Beneficial
STU_2026388,15,Male,High School,Instagram,3.5,1.6,Smartphone,8.0,4,True,Always,7.0,98,4.0,Beneficial
STU_2026389,19,Male,High School,Instagram,4.7,2.5,Smartphone,5.7,1,True,Sometimes,12.0,76,3.4,Beneficial
STU_2026390,16,Male,High School,Instagram,2.7,1.2,Smartphone,8.5,3,False,Sometimes,10.0,83,3.92,Beneficial
STU_2026391,18,Male,Undergraduate,Reddit,5.7,2.0,Smartphone,7.0,3,True,Frequently,21.0,68,3.54,Beneficial
STU_2026392,18,Male,High School,YouTube,9.0,1.0,Laptop/PC,4.7,1,True,Rarely,20.0,60,3.16,Neutral
STU_2026393,20,Female,Undergraduate,Instagram,2.8,1.7,Smartphone,8.6,4,True,Sometimes,9.0,89,3.14,Beneficial
STU_2026394,17,Male,High School,Instagram,7.8,1.6,Smartphone,6.5,1,True,Frequently,13.0,83,3.52,Beneficial
STU_2026395,20,Female,Undergraduate,TikTok,11.3,3.3,Smartphone,4.3,1,True,Frequently,30.0,53,2.44,Negative
STU_2026396,20,Female,Undergraduate,YouTube,4.3,1.4,Smartphone,7.6,3,False,Never,3.0,95,3.56,Beneficial
STU_2026397,20,Male,Undergraduate,Reddit,7.0,1.8,Smartphone,7.0,3,False,Frequently,19.0,72,3.07,Beneficial
STU_2026398,18,Female,Undergraduate,TikTok,1.9,2.7,Smartphone,6.6,2,True,Frequently,2.0,98,4.0,Beneficial
STU_2026399,21,Prefer not to say,Undergraduate,LinkedIn,3.3,1.6,Smartphone,6.3,2,True,Always,16.0,95,3.68,Beneficial
STU_2026400,20,Female,Undergraduate,YouTube,4.7,2.4,Smartphone,6.7,1,False,Always,20.0,75,3.32,Beneficial
STU_2026401,20,Male,Undergraduate,X (Twitter),7.2,2.1,Smartphone,7.6,2,True,Always,4.0,86,3.14,Beneficial
STU_2026402,19,Female,Undergraduate,YouTube,3.1,2.7,Smartphone,7.7,4,False,Sometimes,10.0,78,3.91,Beneficial
STU_2026403,17,Prefer not to say,High School,X (Twitter),7.7,2.4,Smartphone,5.7,1,True,Sometimes,19.0,55,3.81,Neutral
STU_2026404,20,Female,Undergraduate,Instagram,4.1,2.8,Laptop/PC,8.1,3,False,Rarely,12.0,85,3.8,Beneficial
STU_2026405,15,Female,High School,Instagram,4.8,2.2,Smartphone,5.7,1,True,Frequently,12.0,77,3.15,Beneficial
STU_2026406,17,Male,High School,Instagram,4.5,1.5,Smartphone,6.9,3,False,Rarely,10.0,81,3.18,Beneficial
STU_2026407,18,Female,Undergraduate,Instagram,3.7,1.5,Smartphone,6.5,2,True,Frequently,10.0,85,3.21,Beneficial
STU_2026408,18,Male,Undergraduate,Snapchat,7.8,1.6,Smartphone,5.0,2,True,Frequently,21.0,68,2.75,Neutral
STU_2026409,18,Male,Undergraduate,YouTube,2.9,1.1,Smartphone,8.2,4,True,Sometimes,12.0,98,3.13,Beneficial
STU_2026410,17,Male,High School,TikTok,2.4,2.1,Laptop/PC,7.9,3,False,Sometimes,8.0,92,3.72,Beneficial
STU_2026411,20,Female,Undergraduate,YouTube,5.0,1.4,Laptop/PC,5.5,2,False,Always,8.0,89,3.16,Beneficial
STU_2026412,16,Male,High School,Instagram,1.5,2.0,Laptop/PC,9.3,4,False,Never,2.0,98,3.73,Beneficial
STU_2026413,17,Male,High School,YouTube,4.2,1.7,Smartphone,6.2,3,False,Always,5.0,81,3.5,Beneficial
STU_2026414,18,Male,Undergraduate,TikTok,6.2,2.4,Smartphone,7.0,3,False,Frequently,10.0,80,3.99,Beneficial
STU_2026415,19,Non-Binary,Undergraduate,TikTok,10.3,1.8,Smartphone,4.0,1,True,Sometimes,32.0,54,2.8,Negative
STU_2026416,20,Female,Undergraduate,Snapchat,8.3,0.9,Smartphone,5.2,1,True,Sometimes,12.0,71,3.25,Beneficial
STU_2026417,18,Female,Undergraduate,Instagram,3.2,3.6,Smartphone,8.5,2,False,Frequently,8.0,98,3.87,Beneficial
STU_2026418,17,Male,High School,YouTube,3.7,1.8,Smartphone,8.0,4,False,Frequently,5.0,88,3.36,Beneficial
STU_2026419,18,Male,Undergraduate,Instagram,2.4,1.4,Smartphone,8.2,4,True,Sometimes,8.0,98,3.63,Beneficial
STU_2026420,18,Female,Undergraduate,X (Twitter),3.3,1.8,Smartphone,6.6,3,True,Sometimes,4.0,87,4.0,Beneficial
STU_2026421,18,Non-Binary,Undergraduate,Instagram,4.4,2.5,Smartphone,6.5,3,True,Always,10.0,73,3.41,Beneficial
STU_2026422,17,Male,High School,TikTok,2.8,2.3,Smartphone,7.6,3,False,Rarely,3.0,94,3.57,Beneficial
STU_2026423,16,Female,High School,TikTok,4.9,3.2,Tablet,7.8,3,True,Never,14.0,83,3.77,Beneficial
STU_2026424,20,Male,Undergraduate,Instagram,4.6,1.1,Smartphone,6.4,2,True,Rarely,14.0,88,3.82,Beneficial
STU_2026425,22,Female,Postgraduate,Instagram,2.5,0.2,Smartphone,6.1,2,False,Sometimes,11.0,94,3.16,Beneficial
STU_2026426,17,Female,High School,YouTube,2.6,2.4,Laptop/PC,7.7,3,True,Frequently,9.0,88,3.69,Beneficial
STU_2026427,17,Female,High School,X (Twitter),5.9,2.7,Smartphone,7.1,2,True,Rarely,19.0,82,3.1,Beneficial
STU_2026428,17,Male,High School,Instagram,4.0,1.6,Tablet,5.9,2,True,Always,13.0,81,3.22,Beneficial
STU_2026429,18,Male,Undergraduate,Instagram,3.4,1.0,Smartphone,8.0,4,True,Sometimes,17.0,86,3.73,Beneficial
STU_2026430,22,Female,Postgraduate,X (Twitter),3.8,0.8,Smartphone,7.9,2,False,Sometimes,11.0,85,3.76,Beneficial
STU_2026431,19,Female,Undergraduate,TikTok,4.6,2.0,Laptop/PC,7.5,4,False,Sometimes,9.0,88,3.61,Beneficial
STU_2026432,18,Non-Binary,Undergraduate,Snapchat,4.5,0.9,Smartphone,7.9,3,True,Sometimes,3.0,84,3.92,Beneficial
STU_2026433,16,Female,High School,Instagram,2.2,1.5,Smartphone,6.1,2,True,Rarely,5.0,86,3.53,Beneficial
STU_2026434,19,Male,Undergraduate,Instagram,12.2,1.5,Laptop/PC,4.0,1,True,Frequently,28.0,52,2.97,Neutral
STU_2026435,18,Female,Undergraduate,Snapchat,4.4,2.3,Smartphone,7.1,3,False,Rarely,18.0,87,3.55,Beneficial
STU_2026436,18,Male,Undergraduate,Reddit,7.4,1.8,Smartphone,6.3,3,True,Sometimes,,72,3.37,Beneficial
STU_2026437,18,Female,Undergraduate,Instagram,4.0,0.9,Smartphone,5.6,3,True,Sometimes,7.0,94,3.54,Beneficial
STU_2026438,24,Female,Postgraduate,TikTok,2.7,2.6,Smartphone,8.6,3,True,Rarely,0.0,90,4.0,Beneficial
STU_2026439,17,Female,High School,TikTok,6.2,3.3,Laptop/PC,6.2,2,True,Never,20.0,59,3.31,Neutral
STU_2026440,22,Male,Postgraduate,Instagram,4.3,1.2,Smartphone,6.9,3,False,Frequently,15.0,76,3.18,Beneficial
STU_2026441,17,Non-Binary,High School,TikTok,11.1,2.1,Smartphone,6.1,1,True,Never,26.0,57,2.88,Neutral
STU_2026442,23,Female,Postgraduate,YouTube,4.5,1.4,Laptop/PC,6.6,2,True,Sometimes,14.0,78,4.0,Beneficial
STU_2026443,17,Male,High School,YouTube,6.0,2.1,Smartphone,7.1,3,True,Frequently,14.0,80,3.27,Beneficial
STU_2026444,15,Female,High School,Snapchat,7.1,1.2,Smartphone,5.7,2,True,Always,15.0,70,3.22,Beneficial
STU_2026445,18,Female,Undergraduate,Instagram,4.2,0.5,Laptop/PC,6.9,4,False,Always,4.0,84,3.63,Beneficial
STU_2026446,21,Male,Undergraduate,Instagram,5.9,1.6,Smartphone,6.5,3,True,Sometimes,17.0,80,3.78,Beneficial
STU_2026447,18,Male,Undergraduate,Instagram,5.6,1.3,Smartphone,7.5,3,False,Frequently,14.0,80,3.61,Beneficial
STU_2026448,22,Male,Undergraduate,Snapchat,5.5,1.1,Smartphone,6.5,2,False,Rarely,15.0,77,3.28,Beneficial
STU_2026449,17,Female,High School,TikTok,3.1,1.8,Smartphone,7.1,3,True,Sometimes,11.0,81,4.0,Beneficial
STU_2026450,17,Male,High School,Snapchat,6.9,1.4,Smartphone,6.3,2,True,Sometimes,10.0,70,3.78,Beneficial
STU_2026451,22,Male,Postgraduate,Instagram,6.6,1.8,Laptop/PC,6.2,2,True,Frequently,17.0,69,3.62,Beneficial
STU_2026452,19,Female,Undergraduate,Instagram,2.6,1.4,Smartphone,6.6,3,False,Sometimes,12.0,86,3.32,Beneficial
STU_2026453,18,Female,Undergraduate,YouTube,0.9,2.4,Smartphone,7.6,5,False,Frequently,9.0,93,3.59,Beneficial
STU_2026454,16,Female,High School,Snapchat,7.0,1.9,Smartphone,6.1,1,True,Sometimes,21.0,72,3.32,Beneficial
STU_2026455,19,Female,Undergraduate,Instagram,2.5,1.5,Smartphone,7.1,3,False,Frequently,6.0,91,,Beneficial
STU_2026456,17,Non-Binary,High School,TikTok,5.7,2.8,Smartphone,5.3,2,True,Rarely,9.0,76,3.42,Beneficial
STU_2026457,21,Male,Undergraduate,Instagram,3.8,1.7,Smartphone,6.3,2,True,Rarely,,85,3.43,Beneficial
STU_2026458,17,Male,High School,Instagram,2.5,2.2,Smartphone,7.4,3,True,Frequently,6.0,93,3.65,Beneficial
STU_2026459,16,Male,High School,TikTok,4.2,2.6,Tablet,6.0,1,False,Sometimes,15.0,82,3.28,Beneficial
STU_2026460,21,Female,Undergraduate,TikTok,11.8,1.8,Smartphone,4.7,1,True,Never,25.0,43,3.24,Neutral
STU_2026461,17,Non-Binary,High School,Snapchat,4.7,2.7,Smartphone,6.7,2,False,Sometimes,11.0,66,4.0,Beneficial
STU_2026462,17,Male,High School,YouTube,1.3,2.5,Smartphone,9.2,4,False,Rarely,1.0,98,3.6,Beneficial
STU_2026463,17,Male,High School,X (Twitter),6.2,0.1,Smartphone,6.3,3,False,Rarely,17.0,84,3.84,Beneficial
STU_2026464,19,Prefer not to say,Undergraduate,Snapchat,3.5,1.6,Smartphone,8.4,3,False,Sometimes,14.0,88,3.89,Beneficial
STU_2026465,18,Female,Undergraduate,TikTok,3.2,1.3,Smartphone,7.2,3,False,Frequently,15.0,80,3.69,Beneficial
STU_2026466,17,Male,High School,Instagram,7.9,1.9,Smartphone,7.1,4,True,Rarely,21.0,77,3.18,Beneficial
STU_2026467,22,Female,Undergraduate,Snapchat,3.9,1.6,Smartphone,8.0,3,False,Sometimes,12.0,89,4.0,Beneficial
STU_2026468,20,Male,Undergraduate,YouTube,3.1,1.5,Smartphone,7.4,3,False,Always,13.0,98,3.99,Beneficial
STU_2026469,21,Female,Undergraduate,Instagram,5.6,1.0,Smartphone,5.6,1,True,Rarely,11.0,72,3.17,Beneficial
STU_2026470,19,Female,Undergraduate,Snapchat,3.8,2.2,Smartphone,5.9,3,True,Frequently,14.0,74,3.8,Beneficial
STU_2026471,19,Male,Undergraduate,Instagram,5.0,0.2,Smartphone,7.4,3,False,Frequently,6.0,84,3.35,Beneficial
STU_2026472,18,Male,Undergraduate,Instagram,3.2,2.0,Laptop/PC,7.0,4,False,Rarely,11.0,92,3.99,Beneficial
STU_2026473,22,Female,Postgraduate,Instagram,12.6,2.2,Smartphone,3.5,1,True,Sometimes,40.0,37,2.68,Negative
STU_2026474,20,Male,High School,TikTok,14.0,1.9,Smartphone,3.0,1,True,Rarely,34.0,36,1.97,Negative
STU_2026475,18,Female,High School,Instagram,6.4,1.4,Smartphone,5.8,2,False,Sometimes,14.0,72,3.11,Beneficial
STU_2026476,22,Female,Undergraduate,TikTok,4.4,1.6,Laptop/PC,7.6,3,True,Never,12.0,87,3.23,Beneficial
STU_2026477,18,Male,Undergraduate,TikTok,2.1,2.2,Smartphone,8.6,4,True,Sometimes,5.0,93,3.61,Beneficial
STU_2026478,18,Female,Undergraduate,Instagram,4.4,1.9,Smartphone,7.9,2,True,Rarely,9.0,82,3.55,Beneficial
STU_2026479,17,Female,High School,YouTube,8.1,2.4,Laptop/PC,6.3,1,True,Always,14.0,66,3.91,Beneficial
STU_2026480,19,Female,Undergraduate,YouTube,2.4,2.3,Smartphone,8.0,3,True,Frequently,11.0,90,3.86,Beneficial
STU_2026481,20,Male,Undergraduate,TikTok,4.0,1.8,Smartphone,5.8,2,True,Frequently,9.0,84,3.67,Beneficial
STU_2026482,18,Male,Undergraduate,Instagram,7.6,3.2,Smartphone,6.7,2,True,Sometimes,24.0,69,3.09,Neutral
STU_2026483,19,Female,Undergraduate,Instagram,3.9,2.5,Smartphone,6.9,2,False,Never,15.0,86,3.32,Beneficial
STU_2026484,19,Non-Binary,Undergraduate,Snapchat,9.9,1.8,Smartphone,6.1,1,True,Always,27.0,57,2.85,Neutral
STU_2026485,25,Male,Undergraduate,TikTok,12.7,2.1,Tablet,4.4,1,False,Rarely,25.0,46,2.63,Negative
STU_2026486,18,Male,Undergraduate,Instagram,1.6,1.9,Smartphone,7.8,3,False,Frequently,9.0,89,4.0,Beneficial
STU_2026487,20,Male,Undergraduate,YouTube,3.2,2.0,Smartphone,5.6,3,True,Always,19.0,74,3.25,Beneficial
STU_2026488,15,Male,High School,Instagram,5.4,0.3,Smartphone,5.3,1,True,Always,10.0,73,3.63,Beneficial
STU_2026489,17,Male,High School,TikTok,6.7,1.6,Smartphone,8.0,3,True,Frequently,15.0,87,3.39,Beneficial
STU_2026490,17,Female,High School,X (Twitter),3.5,2.0,Smartphone,6.1,4,False,Sometimes,12.0,79,3.62,Beneficial
STU_2026491,17,Female,High School,Instagram,2.3,2.4,Smartphone,7.6,3,True,Sometimes,15.0,80,3.6,Beneficial
STU_2026492,17,Female,High School,YouTube,6.8,1.3,Smartphone,5.8,1,True,Sometimes,,65,2.81,Neutral
STU_2026493,20,Female,Undergraduate,YouTube,4.0,2.0,Smartphone,7.1,2,False,Never,9.0,82,2.96,Beneficial
STU_2026494,19,Male,Undergraduate,X (Twitter),4.2,0.6,Smartphone,7.2,3,True,Frequently,9.0,83,3.49,Beneficial
STU_2026495,18,Male,Undergraduate,Snapchat,5.1,0.9,Smartphone,6.1,2,True,Frequently,10.0,85,3.27,Beneficial
STU_2026496,17,Female,High School,YouTube,2.6,2.0,Smartphone,7.5,2,True,Rarely,6.0,93,3.53,Beneficial
STU_2026497,22,Male,Postgraduate,Instagram,6.9,1.8,Smartphone,4.9,2,True,Rarely,15.0,79,3.53,Beneficial
STU_2026498,17,Female,High School,Instagram,4.6,1.6,Tablet,6.9,3,True,Frequently,9.0,71,3.84,Beneficial
STU_2026499,18,Female,Undergraduate,Instagram,5.0,2.0,Tablet,7.7,3,False,Sometimes,13.0,81,3.55,Beneficial
STU_2026500,18,Male,Undergraduate,Reddit,1.7,3.5,Smartphone,8.1,4,False,Never,12.0,94,4.0,Beneficial
STU_2026501,19,Female,High School,Instagram,5.3,1.3,Smartphone,5.9,1,True,Rarely,22.0,82,2.84,Neutral
STU_2026502,18,Male,Undergraduate,YouTube,6.1,2.3,Smartphone,6.4,2,True,Sometimes,9.0,74,3.13,Beneficial
STU_2026503,18,Female,Undergraduate,Snapchat,2.4,1.5,Smartphone,8.6,4,False,Sometimes,6.0,98,4.0,Beneficial
STU_2026504,21,Male,Undergraduate,Instagram,5.7,1.5,Tablet,6.2,2,False,Rarely,,79,3.42,Beneficial
STU_2026505,21,Male,Undergraduate,Instagram,5.7,2.8,Smartphone,7.6,3,True,Rarely,10.0,79,4.0,Beneficial
STU_2026506,22,Female,Postgraduate,Instagram,3.8,1.6,Laptop/PC,8.5,3,False,Sometimes,6.0,95,3.79,Beneficial
STU_2026507,15,Male,High School,TikTok,3.0,2.4,Laptop/PC,8.3,4,False,Rarely,8.0,97,3.81,Beneficial
STU_2026508,16,Male,High School,YouTube,4.0,1.9,Smartphone,7.4,3,True,Rarely,12.0,93,3.78,Beneficial
STU_2026509,22,Female,Postgraduate,Instagram,6.7,2.2,Smartphone,7.2,2,False,Frequently,23.0,80,2.96,Neutral
STU_2026510,20,Female,Undergraduate,TikTok,2.8,1.7,Laptop/PC,7.5,3,True,Frequently,13.0,87,3.5,Beneficial
STU_2026511,18,Female,Undergraduate,Instagram,4.8,2.6,Laptop/PC,6.8,2,False,Sometimes,9.0,78,3.69,Beneficial
STU_2026512,16,Male,High School,YouTube,7.5,3.7,Smartphone,6.6,2,False,Rarely,16.0,78,3.2,Beneficial
STU_2026513,17,Prefer not to say,High School,TikTok,2.8,2.7,Smartphone,7.1,3,False,Never,11.0,95,3.57,Beneficial
STU_2026514,18,Female,High School,TikTok,3.0,0.9,Smartphone,8.6,3,True,Sometimes,8.0,98,3.48,Beneficial
STU_2026515,19,Male,Undergraduate,Snapchat,3.6,1.5,Smartphone,7.8,3,False,Sometimes,14.0,71,3.25,Beneficial
STU_2026516,20,Female,Undergraduate,TikTok,3.2,3.7,Smartphone,6.3,3,True,Rarely,11.0,81,3.43,Beneficial
STU_2026517,23,Female,Undergraduate,Instagram,5.9,1.5,Smartphone,7.1,3,True,Rarely,19.0,76,3.52,Beneficial
STU_2026518,18,Prefer not to say,Undergraduate,YouTube,5.5,2.1,Smartphone,5.3,2,True,Frequently,18.0,73,3.5,Beneficial
STU_2026519,23,Female,Undergraduate,Instagram,5.3,2.0,Laptop/PC,6.5,2,True,Frequently,15.0,72,3.1,Beneficial
STU_2026520,21,Female,Undergraduate,YouTube,2.3,3.1,Laptop/PC,6.4,3,False,Sometimes,8.0,94,4.0,Beneficial
STU_2026521,19,Male,Undergraduate,Reddit,2.9,3.0,Smartphone,8.6,5,False,Sometimes,13.0,88,3.34,Beneficial
STU_2026522,18,Male,Undergraduate,TikTok,4.0,1.5,Smartphone,6.6,3,True,Rarely,10.0,78,3.84,Beneficial
STU_2026523,17,Female,High School,Instagram,2.9,2.7,Smartphone,7.1,3,False,Sometimes,19.0,95,3.39,Beneficial
STU_2026524,19,Female,Undergraduate,TikTok,10.1,1.4,Smartphone,5.7,2,True,Sometimes,24.0,54,3.24,Neutral
STU_2026525,21,Female,Undergraduate,TikTok,5.3,1.9,Laptop/PC,6.4,3,True,Rarely,18.0,86,3.02,Beneficial
STU_2026526,17,Male,High School,LinkedIn,4.6,0.9,Smartphone,8.0,3,True,Frequently,13.0,90,3.31,Beneficial
STU_2026527,24,Female,Undergraduate,TikTok,7.1,2.5,Smartphone,6.6,2,True,Rarely,19.0,74,3.3,Beneficial
STU_2026528,19,Female,Undergraduate,TikTok,1.3,1.4,Laptop/PC,6.5,2,True,Sometimes,10.0,91,4.0,Beneficial
STU_2026529,18,Female,Undergraduate,TikTok,5.3,1.3,Smartphone,6.5,2,False,Frequently,21.0,77,3.07,Beneficial
STU_2026530,17,Male,High School,Snapchat,2.8,1.5,Laptop/PC,7.8,4,True,Rarely,17.0,88,3.77,Beneficial
STU_2026531,16,Female,High School,TikTok,8.0,3.2,Smartphone,6.3,1,True,Rarely,22.0,59,3.03,Neutral
STU_2026532,17,Male,High School,Instagram,3.3,2.1,Smartphone,7.4,3,False,Frequently,4.0,97,4.0,Beneficial
STU_2026533,18,Male,Undergraduate,YouTube,3.7,1.3,Smartphone,7.4,3,False,Sometimes,2.0,83,3.49,Beneficial
STU_2026534,18,Male,Undergraduate,YouTube,3.8,2.1,Smartphone,7.8,4,True,Sometimes,6.0,80,3.44,Beneficial
STU_2026535,19,Male,Undergraduate,TikTok,4.7,1.4,Tablet,6.7,1,True,Always,10.0,87,3.39,Beneficial
STU_2026536,19,Female,Undergraduate,Instagram,8.1,1.0,Laptop/PC,5.5,2,True,Sometimes,23.0,58,2.62,Neutral
STU_2026537,18,Female,Undergraduate,Instagram,4.7,1.9,Laptop/PC,6.7,3,False,Frequently,8.0,82,3.35,Beneficial
STU_2026538,16,Female,High School,TikTok,9.6,1.9,Smartphone,5.1,1,True,Always,26.0,56,3.26,Neutral
STU_2026539,19,Male,Undergraduate,Instagram,5.8,2.6,Smartphone,5.9,3,True,Rarely,20.0,68,2.97,Neutral
STU_2026540,15,Female,High School,Instagram,6.8,2.0,Smartphone,6.4,3,True,Frequently,17.0,82,3.29,Beneficial
STU_2026541,22,Female,Postgraduate,Snapchat,3.8,1.5,Smartphone,7.0,3,True,Rarely,15.0,83,3.19,Beneficial
STU_2026542,19,Male,Undergraduate,Snapchat,7.5,1.7,Smartphone,6.2,2,True,Always,17.0,75,2.88,Beneficial
STU_2026543,20,Female,High School,TikTok,2.7,2.4,Smartphone,8.4,3,False,Sometimes,0.0,84,3.29,Beneficial
STU_2026544,18,Female,Undergraduate,Instagram,6.0,1.6,Smartphone,8.2,3,False,Sometimes,8.0,87,3.58,Beneficial
STU_2026545,20,Female,Undergraduate,Instagram,6.2,2.4,Laptop/PC,6.7,4,False,Always,21.0,79,3.36,Beneficial
STU_2026546,18,Male,Undergraduate,Snapchat,1.3,1.5,Laptop/PC,7.9,4,True,Frequently,0.0,98,3.97,Beneficial
STU_2026547,16,Prefer not to say,High School,Instagram,4.9,1.0,Smartphone,6.8,3,False,Sometimes,16.0,89,3.62,Beneficial
STU_2026548,18,Female,Undergraduate,Reddit,3.0,1.3,Smartphone,8.3,4,False,Rarely,2.0,97,3.58,Beneficial
STU_2026549,18,Prefer not to say,Undergraduate,TikTok,2.1,1.5,Laptop/PC,7.1,3,True,Sometimes,2.0,94,3.94,Beneficial
STU_2026550,16,Female,High School,X (Twitter),6.8,2.1,Smartphone,7.1,2,True,Rarely,17.0,83,2.93,Beneficial
STU_2026551,17,Male,High School,Instagram,7.0,1.4,Smartphone,6.0,1,True,Frequently,25.0,73,3.11,Neutral
STU_2026552,16,Female,High School,TikTok,5.4,2.7,Smartphone,6.8,2,True,Rarely,9.0,90,4.0,Beneficial
STU_2026553,17,Male,High School,TikTok,4.1,2.0,Smartphone,6.2,3,False,Sometimes,5.0,86,3.38,Beneficial
STU_2026554,18,Female,Undergraduate,Instagram,5.9,2.0,Smartphone,5.9,2,True,Never,17.0,71,3.49,Beneficial
STU_2026555,17,Female,High School,Instagram,1.9,2.6,Laptop/PC,8.5,4,True,Rarely,,97,3.96,Beneficial
STU_2026556,19,Male,Undergraduate,TikTok,4.9,3.2,Smartphone,6.2,4,True,Frequently,13.0,77,3.76,Beneficial
STU_2026557,22,Male,Postgraduate,YouTube,5.8,2.4,Smartphone,7.3,3,True,Frequently,11.0,78,3.53,Beneficial
STU_2026558,17,Female,High School,Instagram,4.3,1.4,Smartphone,7.8,4,True,Sometimes,7.0,90,3.35,Beneficial
STU_2026559,20,Female,Undergraduate,TikTok,2.9,1.1,Smartphone,8.1,3,True,Sometimes,2.0,98,3.9,Beneficial
STU_2026560,19,Female,Undergraduate,YouTube,4.1,1.6,Smartphone,7.1,3,True,Frequently,6.0,85,3.31,Beneficial
STU_2026561,17,Prefer not to say,High School,YouTube,8.9,0.7,Smartphone,5.8,2,True,Frequently,17.0,69,2.86,Neutral
STU_2026562,17,Female,High School,Reddit,3.2,1.9,Laptop/PC,8.6,5,False,Frequently,9.0,91,3.52,Beneficial
STU_2026563,17,Male,High School,YouTube,6.2,2.1,Laptop/PC,6.8,2,True,Sometimes,14.0,86,3.35,Beneficial
STU_2026564,16,Male,High School,LinkedIn,2.5,1.8,Smartphone,9.5,5,True,Always,1.0,94,,Beneficial
STU_2026565,17,Male,High School,TikTok,3.5,2.0,Smartphone,8.0,3,True,Frequently,6.0,82,3.64,Beneficial
STU_2026566,22,Female,Postgraduate,YouTube,2.4,1.8,Smartphone,7.4,4,True,Always,2.0,87,3.72,Beneficial
STU_2026567,19,Female,Undergraduate,TikTok,8.4,1.7,Smartphone,5.0,1,True,Frequently,26.0,50,3.03,Neutral
STU_2026568,15,Male,High School,X (Twitter),5.5,1.5,Laptop/PC,6.2,3,True,Sometimes,8.0,88,3.48,Beneficial
STU_2026569,23,Female,Postgraduate,Instagram,4.4,2.9,Smartphone,6.3,2,False,Frequently,17.0,91,3.69,Beneficial
STU_2026570,20,Female,Undergraduate,TikTok,3.0,1.4,Smartphone,9.2,5,False,Sometimes,13.0,98,3.42,Beneficial
STU_2026571,17,Female,High School,Instagram,3.9,0.9,Smartphone,7.5,3,True,Never,15.0,80,3.68,Beneficial
STU_2026572,17,Male,High School,Reddit,7.4,1.3,Laptop/PC,4.6,1,True,Rarely,17.0,71,3.1,Beneficial
STU_2026573,21,Female,Undergraduate,TikTok,4.0,1.7,Laptop/PC,7.8,3,False,Sometimes,10.0,93,3.36,Beneficial
STU_2026574,19,Female,Undergraduate,TikTok,5.7,1.3,Smartphone,6.2,2,True,Sometimes,10.0,81,3.26,Beneficial
STU_2026575,20,Male,Undergraduate,Instagram,6.1,2.6,Smartphone,6.5,3,True,Always,8.0,83,3.68,Beneficial
STU_2026576,18,Female,Undergraduate,Instagram,2.9,0.4,Smartphone,6.8,3,True,Frequently,21.0,89,3.46,Beneficial
STU_2026577,19,Female,Undergraduate,Snapchat,6.1,1.0,Smartphone,7.3,2,True,Rarely,11.0,76,3.21,Beneficial
STU_2026578,18,Male,Undergraduate,Snapchat,2.7,1.8,Smartphone,7.4,4,False,Frequently,0.0,87,3.83,Beneficial
STU_2026579,16,Female,High School,YouTube,3.4,2.0,Smartphone,7.4,3,True,Frequently,8.0,91,4.0,Beneficial
STU_2026580,16,Male,High School,TikTok,1.9,2.8,Smartphone,7.4,3,False,Always,10.0,88,3.97,Beneficial
STU_2026581,19,Male,High School,Instagram,7.6,1.9,Smartphone,6.0,2,True,Sometimes,10.0,73,3.25,Beneficial
STU_2026582,19,Non-Binary,Undergraduate,YouTube,4.9,1.6,Smartphone,7.4,3,False,Frequently,14.0,80,3.57,Beneficial
STU_2026583,19,Non-Binary,Undergraduate,YouTube,5.5,0.7,Smartphone,6.7,3,False,Always,13.0,71,2.69,Beneficial
STU_2026584,19,Female,Undergraduate,Instagram,5.4,2.9,Smartphone,6.5,2,False,Frequently,12.0,83,3.61,Beneficial
STU_2026585,18,Male,Undergraduate,Instagram,8.1,1.3,Smartphone,5.6,1,True,Sometimes,23.0,69,3.11,Neutral
STU_2026586,20,Female,High School,TikTok,5.9,1.9,Smartphone,7.0,2,True,Sometimes,17.0,84,3.32,Beneficial
STU_2026587,20,Male,Undergraduate,Instagram,3.9,2.2,Smartphone,8.3,3,False,Sometimes,4.0,89,3.65,Beneficial
STU_2026588,17,Female,High School,YouTube,12.5,2.2,Smartphone,4.0,1,False,Sometimes,31.0,36,2.96,Negative
STU_2026589,18,Male,Undergraduate,Snapchat,6.0,2.3,Smartphone,5.7,1,True,Sometimes,16.0,69,3.48,Beneficial
STU_2026590,18,Male,Undergraduate,Instagram,2.3,2.0,Smartphone,7.6,2,True,Frequently,5.0,89,4.0,Beneficial
STU_2026591,20,Female,Undergraduate,Instagram,1.7,0.9,Smartphone,8.8,5,True,Frequently,19.0,98,3.66,Beneficial
STU_2026592,19,Male,Undergraduate,LinkedIn,3.0,0.9,Smartphone,8.4,3,False,Always,2.0,96,4.0,Beneficial
STU_2026593,19,Male,Undergraduate,YouTube,6.0,2.3,Smartphone,6.2,2,False,Frequently,14.0,76,2.94,Beneficial
STU_2026594,18,Male,Undergraduate,Instagram,6.7,1.5,Smartphone,5.9,2,True,Frequently,9.0,76,3.09,Beneficial
STU_2026595,21,Male,High School,TikTok,4.3,1.1,Smartphone,6.0,2,True,Frequently,14.0,79,3.6,Beneficial
STU_2026596,16,Male,High School,Instagram,3.6,2.5,Smartphone,6.0,2,True,Always,7.0,83,3.4,Beneficial
STU_2026597,16,Female,High School,TikTok,3.9,0.9,Laptop/PC,7.1,3,False,Frequently,17.0,91,4.0,Beneficial
STU_2026598,22,Female,Postgraduate,Instagram,3.5,1.5,Smartphone,6.8,3,False,Rarely,15.0,90,3.18,Beneficial
STU_2026599,21,Male,Undergraduate,TikTok,2.0,1.3,Smartphone,9.4,4,True,Always,0.0,98,4.0,Beneficial
STU_2026600,23,Female,Postgraduate,YouTube,2.7,1.9,Smartphone,8.0,3,False,Sometimes,16.0,98,4.0,Beneficial
STU_2026601,18,Male,Undergraduate,TikTok,3.8,1.5,Smartphone,7.2,3,False,Frequently,11.0,81,3.48,Beneficial
STU_2026602,21,Female,Undergraduate,Instagram,4.9,1.5,Smartphone,8.3,2,False,Sometimes,3.0,83,3.95,Beneficial
STU_2026603,21,Male,Undergraduate,Instagram,3.5,2.0,Smartphone,8.2,4,False,Frequently,10.0,92,3.32,Beneficial
STU_2026604,19,Female,Undergraduate,Instagram,4.7,1.5,Smartphone,6.1,2,True,Never,16.0,83,3.33,Beneficial
STU_2026605,19,Male,Undergraduate,Instagram,7.1,1.9,Smartphone,7.0,3,False,Sometimes,17.0,82,3.06,Beneficial
STU_2026606,19,Prefer not to say,Undergraduate,Snapchat,6.0,1.1,Smartphone,6.8,2,False,Rarely,11.0,80,3.1,Beneficial
STU_2026607,17,Female,High School,Snapchat,4.6,1.8,Smartphone,6.0,2,False,Frequently,19.0,81,3.66,Beneficial
STU_2026608,18,Male,Undergraduate,Instagram,2.7,1.5,Smartphone,6.7,3,False,Rarely,9.0,70,4.0,Beneficial
STU_2026609,20,Male,Undergraduate,Reddit,3.8,3.0,Laptop/PC,7.4,2,False,Frequently,22.0,83,3.18,Beneficial
STU_2026610,17,Female,High School,YouTube,5.1,0.6,Smartphone,8.1,2,True,Sometimes,5.0,81,3.69,Beneficial
STU_2026611,19,Male,Undergraduate,Instagram,3.4,1.0,Smartphone,9.0,4,True,Rarely,4.0,98,4.0,Beneficial
STU_2026612,18,Female,Undergraduate,TikTok,2.5,2.0,Smartphone,5.7,3,True,Always,16.0,92,3.34,Beneficial
STU_2026613,20,Male,Undergraduate,Snapchat,2.9,2.6,Laptop/PC,7.7,3,False,Sometimes,9.0,98,3.62,Beneficial
STU_2026614,20,Female,Undergraduate,Instagram,3.3,1.4,Smartphone,7.1,3,False,Sometimes,10.0,87,3.54,Beneficial
STU_2026615,17,Male,High School,YouTube,13.9,1.6,Smartphone,3.6,1,True,Sometimes,28.0,41,2.57,Negative
STU_2026616,20,Female,Undergraduate,Instagram,4.0,2.2,Smartphone,7.0,3,True,Sometimes,6.0,91,3.94,Beneficial
STU_2026617,16,Female,High School,TikTok,4.1,2.6,Smartphone,5.4,3,True,Always,15.0,78,3.78,Beneficial
STU_2026618,21,Prefer not to say,Undergraduate,Reddit,2.5,2.3,Smartphone,7.0,2,False,Always,10.0,90,3.86,Beneficial
STU_2026619,18,Female,Undergraduate,Instagram,2.9,1.4,Smartphone,7.1,2,True,Frequently,11.0,85,3.59,Beneficial
STU_2026620,18,Male,Undergraduate,YouTube,6.0,1.2,Smartphone,5.7,1,True,Frequently,16.0,67,2.98,Beneficial
STU_2026621,19,Male,Undergraduate,Snapchat,2.6,2.8,Smartphone,7.7,3,False,Sometimes,11.0,82,3.76,Beneficial
STU_2026622,17,Female,High School,Reddit,6.7,1.5,Smartphone,5.4,2,True,Rarely,13.0,74,3.14,Beneficial
STU_2026623,18,Male,Undergraduate,X (Twitter),9.5,3.0,Laptop/PC,6.0,2,True,Frequently,25.0,69,2.95,Neutral
STU_2026624,18,Female,Undergraduate,TikTok,4.3,1.1,Smartphone,8.3,2,True,Rarely,19.0,88,,Beneficial
STU_2026625,17,Female,High School,TikTok,4.8,1.8,Laptop/PC,7.1,1,True,Always,16.0,83,3.04,Beneficial
STU_2026626,15,Female,High School,TikTok,5.3,3.4,Smartphone,6.8,2,False,Rarely,15.0,73,2.89,Beneficial
STU_2026627,21,Female,Undergraduate,Reddit,7.9,1.7,Smartphone,4.8,1,True,Rarely,21.0,69,3.08,Neutral
STU_2026628,15,Female,High School,TikTok,5.9,1.3,Smartphone,4.5,3,True,Frequently,13.0,79,3.33,Beneficial
STU_2026629,18,Male,Undergraduate,Snapchat,5.6,1.3,Smartphone,6.3,2,True,Frequently,19.0,77,3.73,Beneficial
STU_2026630,19,Male,Undergraduate,YouTube,6.9,3.0,Smartphone,6.2,2,False,Frequently,8.0,77,3.15,Beneficial
STU_2026631,15,Female,High School,Instagram,11.4,1.7,Smartphone,4.5,1,True,Sometimes,33.0,45,2.19,Negative
STU_2026632,21,Female,Undergraduate,YouTube,3.4,2.0,Smartphone,6.9,2,True,Never,10.0,88,3.48,Beneficial
STU_2026633,18,Female,Undergraduate,X (Twitter),4.5,2.2,Smartphone,6.3,2,True,Sometimes,7.0,84,3.7,Beneficial
STU_2026634,19,Female,Undergraduate,YouTube,1.7,0.0,Smartphone,8.6,5,True,Rarely,7.0,98,4.0,Beneficial
STU_2026635,17,Male,High School,TikTok,4.1,2.1,Smartphone,8.6,4,False,Never,9.0,87,4.0,Beneficial
STU_2026636,15,Male,High School,Instagram,5.8,1.3,Smartphone,5.6,1,True,Rarely,16.0,82,2.97,Beneficial
STU_2026637,17,Male,High School,TikTok,7.7,2.1,Smartphone,5.1,1,True,Sometimes,22.0,55,3.31,Neutral
STU_2026638,16,Male,High School,TikTok,3.5,2.3,Smartphone,8.4,4,False,Sometimes,0.0,91,4.0,Beneficial
STU_2026639,19,Female,Undergraduate,TikTok,4.9,2.0,Smartphone,7.2,4,True,Sometimes,14.0,82,3.29,Beneficial
STU_2026640,20,Male,Undergraduate,TikTok,4.9,1.3,Smartphone,6.8,2,True,Frequently,18.0,80,3.46,Beneficial
STU_2026641,23,Male,Undergraduate,Snapchat,5.8,1.4,Laptop/PC,7.0,4,True,Frequently,16.0,70,3.24,Beneficial
STU_2026642,22,Male,Postgraduate,Instagram,1.8,1.6,Laptop/PC,8.0,4,False,Always,8.0,94,3.66,Beneficial
STU_2026643,20,Male,Undergraduate,YouTube,5.2,2.0,Smartphone,7.3,4,True,Sometimes,15.0,79,3.29,Beneficial
STU_2026644,17,Male,High School,YouTube,2.8,1.6,Smartphone,7.6,4,True,Rarely,0.0,88,3.88,Beneficial
STU_2026645,17,Male,High School,TikTok,3.9,2.2,Smartphone,7.9,3,True,Sometimes,9.0,92,3.84,Beneficial
STU_2026646,23,Female,Undergraduate,Instagram,7.2,2.7,Smartphone,5.5,1,True,Sometimes,13.0,70,3.29,Beneficial
STU_2026647,18,Male,High School,TikTok,7.9,1.9,Smartphone,4.8,1,True,Rarely,24.0,55,2.83,Neutral
STU_2026648,20,Female,Undergraduate,LinkedIn,6.1,2.5,Smartphone,7.4,3,True,Sometimes,15.0,74,3.49,Beneficial
STU_2026649,19,Male,Undergraduate,Instagram,9.4,1.9,Laptop/PC,4.5,1,False,Sometimes,20.0,66,2.34,Neutral
STU_2026650,18,Female,Undergraduate,TikTok,1.8,0.8,Smartphone,7.1,5,False,Rarely,3.0,98,4.0,Beneficial
STU_2026651,17,Female,High School,YouTube,2.9,3.2,Laptop/PC,7.2,2,True,Sometimes,11.0,93,3.34,Beneficial
STU_2026652,19,Female,Undergraduate,Reddit,3.3,1.8,Smartphone,7.7,4,True,Rarely,9.0,92,3.69,Beneficial
STU_2026653,20,Male,High School,Instagram,9.4,0.0,Smartphone,5.7,1,True,Sometimes,20.0,63,3.41,Neutral
STU_2026654,19,Male,Undergraduate,TikTok,4.1,2.3,Laptop/PC,7.6,3,False,Sometimes,16.0,81,3.17,Beneficial
STU_2026655,18,Female,High School,YouTube,10.6,1.4,Smartphone,4.3,1,True,Always,25.0,56,3.0,Neutral
STU_2026656,19,Male,Undergraduate,Snapchat,6.8,1.0,Smartphone,5.5,2,True,Rarely,20.0,59,3.32,Neutral
STU_2026657,18,Male,Undergraduate,Instagram,3.0,0.9,Smartphone,6.9,4,True,Frequently,8.0,96,3.56,Beneficial
STU_2026658,19,Male,Undergraduate,TikTok,4.5,2.1,Smartphone,6.3,3,False,Sometimes,11.0,89,3.88,Beneficial
STU_2026659,19,Male,Undergraduate,Instagram,3.1,2.3,Smartphone,7.0,4,True,Frequently,16.0,93,3.78,Beneficial
STU_2026660,20,Male,Undergraduate,Instagram,3.7,1.3,Smartphone,7.1,3,False,Rarely,9.0,98,3.72,Beneficial
STU_2026661,21,Female,Undergraduate,Instagram,3.8,2.0,Smartphone,5.8,2,False,Rarely,14.0,76,3.49,Beneficial
STU_2026662,20,Male,Undergraduate,TikTok,3.8,1.8,Laptop/PC,6.6,2,True,Sometimes,7.0,82,3.94,Beneficial
STU_2026663,17,Male,High School,Reddit,4.8,1.6,Smartphone,7.5,3,False,Always,20.0,84,3.42,Beneficial
STU_2026664,18,Male,Undergraduate,LinkedIn,3.6,3.4,Smartphone,7.6,2,False,Never,12.0,89,3.76,Beneficial
STU_2026665,18,Male,Undergraduate,Snapchat,1.4,3.0,Smartphone,10.4,5,False,Sometimes,0.0,98,4.0,Beneficial
STU_2026666,19,Female,Undergraduate,Instagram,3.8,2.3,Smartphone,7.2,3,True,Never,11.0,90,3.67,Beneficial
STU_2026667,18,Male,Undergraduate,TikTok,3.4,2.3,Smartphone,6.4,1,False,Sometimes,13.0,92,3.52,Beneficial
STU_2026668,19,Male,Undergraduate,Snapchat,8.1,2.5,Smartphone,6.8,2,False,Always,13.0,74,3.37,Beneficial
STU_2026669,20,Female,Undergraduate,Snapchat,12.0,0.9,Smartphone,4.1,1,True,Rarely,31.0,54,2.74,Negative
STU_2026670,20,Male,Undergraduate,Instagram,4.8,2.2,Smartphone,8.0,3,False,Never,6.0,98,3.77,Beneficial
STU_2026671,18,Female,Undergraduate,TikTok,6.0,2.4,Smartphone,4.9,2,True,Sometimes,30.0,64,2.77,Neutral
STU_2026672,18,Male,Undergraduate,TikTok,6.2,1.0,Smartphone,9.0,3,True,Frequently,7.0,84,,Beneficial
STU_2026673,20,Female,Undergraduate,TikTok,8.9,2.5,Smartphone,6.1,1,True,Rarely,28.0,62,3.24,Neutral
STU_2026674,16,Female,High School,TikTok,4.4,1.8,Tablet,7.0,3,False,Sometimes,14.0,81,3.75,Beneficial
STU_2026675,18,Female,Undergraduate,TikTok,8.1,2.2,Smartphone,5.1,1,True,Never,27.0,60,3.51,Neutral
STU_2026676,19,Male,Undergraduate,Instagram,4.1,0.9,Smartphone,6.9,4,False,Never,10.0,84,3.7,Beneficial
STU_2026677,19,Female,Undergraduate,YouTube,2.3,1.4,Smartphone,7.3,3,True,Frequently,8.0,90,3.88,Beneficial
STU_2026678,19,Female,Undergraduate,TikTok,4.8,2.4,Smartphone,6.5,2,True,Rarely,13.0,83,3.38,Beneficial
STU_2026679,15,Male,High School,TikTok,3.5,1.0,Smartphone,7.6,4,True,Always,8.0,88,3.74,Beneficial
STU_2026680,17,Male,High School,YouTube,2.5,3.3,Smartphone,7.8,3,False,Frequently,12.0,85,3.53,Beneficial
STU_2026681,18,Female,High School,Instagram,3.8,2.8,Smartphone,6.7,2,False,Rarely,7.0,90,3.49,Beneficial
STU_2026682,19,Female,Undergraduate,Reddit,8.0,1.4,Smartphone,4.8,1,True,Never,16.0,68,3.07,Beneficial
STU_2026683,19,Female,Undergraduate,TikTok,6.2,1.6,Smartphone,6.7,2,True,Rarely,26.0,74,3.41,Neutral
STU_2026684,18,Male,Undergraduate,YouTube,6.6,1.2,Smartphone,6.8,1,True,Always,10.0,79,3.74,Beneficial
STU_2026685,17,Female,High School,YouTube,2.1,0.8,Laptop/PC,6.6,4,False,Sometimes,17.0,94,3.98,Beneficial
STU_2026686,19,Male,Undergraduate,TikTok,2.0,1.7,Smartphone,7.8,3,False,Frequently,9.0,98,3.91,Beneficial
STU_2026687,18,Male,Undergraduate,Reddit,1.5,1.2,Smartphone,7.0,3,False,Sometimes,7.0,95,4.0,Beneficial
STU_2026688,18,Female,Undergraduate,Instagram,6.3,1.7,Smartphone,5.4,1,True,Frequently,24.0,66,3.04,Neutral
STU_2026689,18,Female,Undergraduate,YouTube,1.4,2.9,Smartphone,8.7,4,False,Frequently,12.0,93,3.99,Beneficial
STU_2026690,18,Male,Undergraduate,TikTok,8.0,1.8,Tablet,6.2,2,True,Always,18.0,64,3.05,Neutral
STU_2026691,20,Male,High School,YouTube,2.9,0.6,Smartphone,7.9,4,False,Sometimes,14.0,98,3.48,Beneficial
STU_2026692,18,Female,Undergraduate,YouTube,6.5,2.5,Laptop/PC,7.0,3,True,Always,14.0,82,3.55,Beneficial
STU_2026693,18,Female,Undergraduate,TikTok,9.9,2.1,Smartphone,6.2,1,True,Always,28.0,56,2.91,Neutral
STU_2026694,19,Female,Undergraduate,YouTube,13.3,0.0,Smartphone,4.0,1,True,Frequently,31.0,46,2.44,Negative
STU_2026695,16,Female,High School,Instagram,12.6,1.8,Smartphone,3.6,1,True,Frequently,27.0,51,2.6,Negative
STU_2026696,18,Female,Undergraduate,Instagram,4.5,1.2,Smartphone,7.9,3,False,Rarely,11.0,85,3.41,Beneficial
STU_2026697,20,Female,Undergraduate,Snapchat,4.1,1.9,Smartphone,7.9,4,True,Never,8.0,91,3.68,Beneficial
STU_2026698,20,Male,Undergraduate,YouTube,4.7,2.3,Smartphone,5.6,1,True,Sometimes,13.0,83,,Beneficial
STU_2026699,24,Female,Postgraduate,Instagram,3.2,0.6,Laptop/PC,8.6,3,False,Sometimes,6.0,93,3.21,Beneficial
STU_2026700,16,Male,High School,YouTube,3.9,2.4,Smartphone,7.6,3,False,Rarely,7.0,92,,Beneficial
STU_2026701,17,Female,High School,Instagram,7.3,1.0,Laptop/PC,7.0,3,False,Sometimes,21.0,70,3.31,Neutral
STU_2026702,19,Male,Undergraduate,Instagram,2.1,1.7,Smartphone,6.4,3,False,Always,14.0,86,3.78,Beneficial
STU_2026703,17,Male,High School,YouTube,11.5,0.6,Smartphone,5.3,1,False,Always,22.0,54,2.44,Neutral
STU_2026704,17,Male,High School,TikTok,9.6,0.5,Smartphone,5.1,1,True,Sometimes,25.0,54,2.98,Neutral
STU_2026705,18,Female,Undergraduate,TikTok,5.2,1.3,Smartphone,7.8,3,False,Never,12.0,74,3.94,Beneficial
STU_2026706,20,Male,Undergraduate,Instagram,3.0,1.6,Smartphone,7.7,3,False,Rarely,11.0,96,3.36,Beneficial
STU_2026707,19,Female,Undergraduate,TikTok,3.2,2.7,Smartphone,7.1,3,False,Rarely,12.0,86,3.06,Beneficial
STU_2026708,16,Male,High School,YouTube,4.3,1.0,Smartphone,6.6,3,False,Always,13.0,79,4.0,Beneficial
STU_2026709,17,Male,High School,Instagram,4.5,2.1,Smartphone,5.6,3,True,Rarely,16.0,79,3.05,Beneficial
STU_2026710,16,Female,High School,Instagram,6.2,1.9,Smartphone,5.5,2,True,Rarely,15.0,79,2.75,Beneficial
STU_2026711,19,Male,Undergraduate,Instagram,3.4,2.8,Smartphone,6.7,4,False,Sometimes,11.0,73,3.43,Beneficial
STU_2026712,18,Male,Undergraduate,YouTube,4.6,1.9,Smartphone,7.7,3,False,Frequently,8.0,77,4.0,Beneficial
STU_2026713,18,Female,Undergraduate,TikTok,6.3,0.7,Laptop/PC,7.1,3,True,Rarely,19.0,78,3.01,Beneficial
STU_2026714,18,Female,Undergraduate,Instagram,3.3,1.5,Smartphone,7.7,3,False,Frequently,11.0,87,3.72,Beneficial
STU_2026715,19,Male,Undergraduate,Instagram,3.9,1.8,Smartphone,7.0,3,True,Frequently,5.0,83,3.12,Beneficial
STU_2026716,15,Female,High School,Reddit,1.4,1.7,Smartphone,7.8,3,False,Frequently,8.0,96,3.6,Beneficial
STU_2026717,17,Male,High School,Instagram,3.4,1.6,Smartphone,7.9,2,True,Always,15.0,72,3.55,Beneficial
STU_2026718,17,Female,High School,Instagram,3.6,3.6,Smartphone,6.5,2,False,Rarely,17.0,85,3.67,Beneficial
STU_2026719,19,Female,Undergraduate,Snapchat,4.3,1.4,Laptop/PC,8.7,4,False,Frequently,7.0,82,3.72,Beneficial
STU_2026720,15,Non-Binary,High School,Instagram,5.9,1.6,Smartphone,7.0,4,False,Rarely,7.0,83,3.78,Beneficial
STU_2026721,18,Female,High School,TikTok,4.8,1.1,Smartphone,7.3,2,True,Sometimes,7.0,87,3.5,Beneficial
STU_2026722,21,Male,Undergraduate,Reddit,2.6,3.1,Smartphone,6.9,4,True,Never,15.0,75,3.44,Beneficial
STU_2026723,20,Male,Undergraduate,Instagram,2.1,0.9,Smartphone,8.4,4,False,Sometimes,6.0,91,3.82,Beneficial
STU_2026724,18,Male,Undergraduate,TikTok,5.0,1.6,Smartphone,7.7,3,False,Sometimes,19.0,68,3.17,Neutral
STU_2026725,18,Male,High School,Instagram,1.4,1.1,Smartphone,9.1,4,False,Frequently,8.0,98,4.0,Beneficial
STU_2026726,21,Prefer not to say,Undergraduate,Snapchat,7.8,2.3,Smartphone,5.5,1,True,Rarely,22.0,64,2.87,Neutral
STU_2026727,19,Male,Undergraduate,Reddit,1.6,2.3,Laptop/PC,8.7,5,False,Rarely,0.0,98,3.91,Beneficial
STU_2026728,15,Male,High School,YouTube,2.3,1.5,Smartphone,8.5,3,False,Sometimes,4.0,97,4.0,Beneficial
STU_2026729,20,Male,Undergraduate,TikTok,12.5,1.4,Smartphone,5.0,1,False,Sometimes,28.0,49,2.87,Negative
STU_2026730,17,Male,High School,Snapchat,4.3,1.4,Smartphone,7.6,2,True,Never,18.0,85,3.44,Beneficial
STU_2026731,17,Male,High School,YouTube,3.6,1.8,Smartphone,7.7,3,True,Frequently,9.0,87,3.32,Beneficial
STU_2026732,18,Male,Undergraduate,Instagram,5.5,1.5,Laptop/PC,6.1,2,True,Sometimes,17.0,71,3.61,Beneficial
STU_2026733,16,Female,High School,Instagram,3.7,1.4,Smartphone,7.6,3,False,Sometimes,5.0,87,3.4,Beneficial
STU_2026734,19,Female,Undergraduate,YouTube,4.2,1.7,Smartphone,6.6,2,False,Sometimes,17.0,83,3.99,Beneficial
STU_2026735,21,Female,High School,TikTok,6.2,1.7,Smartphone,6.8,2,True,Sometimes,9.0,80,3.39,Beneficial
STU_2026736,18,Female,Undergraduate,Instagram,4.6,2.1,Smartphone,6.6,2,False,Rarely,2.0,79,3.95,Beneficial
STU_2026737,21,Female,Undergraduate,TikTok,2.6,1.1,Smartphone,6.5,3,False,Frequently,9.0,82,3.72,Beneficial
STU_2026738,17,Female,High School,Reddit,3.3,1.3,Smartphone,6.9,3,False,Always,6.0,85,3.55,Beneficial
STU_2026739,19,Female,Undergraduate,TikTok,3.7,2.4,Smartphone,7.0,3,False,Sometimes,16.0,80,3.08,Beneficial
STU_2026740,20,Male,Undergraduate,Snapchat,5.7,2.1,Smartphone,6.7,2,False,Frequently,10.0,73,3.23,Beneficial
STU_2026741,17,Female,High School,Instagram,4.0,2.1,Smartphone,7.2,3,False,Never,9.0,93,3.32,Beneficial
STU_2026742,18,Male,Undergraduate,Reddit,10.5,2.6,Laptop/PC,5.1,1,True,Frequently,21.0,49,2.53,Neutral
STU_2026743,17,Female,High School,TikTok,5.8,1.2,Laptop/PC,7.9,3,True,Always,11.0,90,3.27,Beneficial
STU_2026744,19,Female,Undergraduate,X (Twitter),4.8,2.1,Smartphone,6.7,2,True,Always,6.0,86,3.94,Beneficial
STU_2026745,18,Male,High School,TikTok,4.5,1.5,Smartphone,6.8,3,False,Sometimes,13.0,76,3.66,Beneficial
STU_2026746,19,Female,Undergraduate,TikTok,3.5,2.1,Smartphone,6.5,2,False,Sometimes,12.0,80,3.61,Beneficial
STU_2026747,16,Male,High School,TikTok,4.9,2.3,Smartphone,6.5,2,True,Always,14.0,88,3.48,Beneficial
STU_2026748,26,Male,Undergraduate,Instagram,3.4,1.1,Smartphone,8.3,4,True,Sometimes,11.0,94,3.48,Beneficial
STU_2026749,18,Male,Undergraduate,YouTube,5.7,2.7,Smartphone,4.8,1,True,Frequently,11.0,76,3.08,Beneficial
STU_2026750,15,Male,High School,Instagram,3.5,0.4,Smartphone,6.6,2,True,Rarely,17.0,81,3.16,Beneficial
STU_2026751,20,Female,Undergraduate,TikTok,3.1,0.5,Smartphone,8.8,4,False,Always,6.0,98,4.0,Beneficial
STU_2026752,19,Female,Undergraduate,Reddit,3.1,2.2,Smartphone,8.9,3,False,Frequently,9.0,98,3.26,Beneficial
STU_2026753,15,Male,High School,YouTube,5.3,1.3,Laptop/PC,6.8,3,True,Frequently,8.0,87,3.76,Beneficial
STU_2026754,19,Male,Undergraduate,Instagram,3.4,1.9,Smartphone,5.8,2,True,Sometimes,12.0,78,3.33,Beneficial
STU_2026755,21,Female,Undergraduate,Instagram,4.4,2.3,Smartphone,6.4,3,False,Sometimes,,80,3.53,Beneficial
STU_2026756,19,Male,High School,Instagram,3.5,1.5,Laptop/PC,6.7,2,False,Always,16.0,75,3.3,Beneficial
STU_2026757,20,Male,Undergraduate,TikTok,3.9,2.1,Smartphone,7.5,3,False,Sometimes,18.0,88,3.7,Beneficial
STU_2026758,19,Male,Undergraduate,TikTok,4.2,2.2,Smartphone,6.5,2,True,Frequently,14.0,86,3.71,Beneficial
STU_2026759,18,Female,Undergraduate,X (Twitter),4.2,1.3,Smartphone,6.7,2,False,Rarely,11.0,90,3.64,Beneficial
STU_2026760,19,Female,Undergraduate,Reddit,2.1,3.3,Smartphone,7.8,3,False,Sometimes,8.0,90,3.43,Beneficial
STU_2026761,26,Male,Undergraduate,TikTok,4.7,1.5,Smartphone,5.6,1,True,Frequently,12.0,81,3.74,Beneficial
STU_2026762,17,Male,High School,TikTok,3.2,1.8,Smartphone,7.4,3,False,Sometimes,11.0,76,3.66,Beneficial
STU_2026763,21,Male,Undergraduate,Snapchat,12.6,2.6,Smartphone,5.4,1,True,Sometimes,28.0,50,2.57,Negative
STU_2026764,15,Male,High School,Instagram,10.0,1.8,Smartphone,4.4,1,True,Rarely,25.0,51,2.91,Neutral
STU_2026765,20,Male,High School,TikTok,6.1,1.8,Smartphone,5.6,2,True,Frequently,19.0,76,3.58,Beneficial
STU_2026766,20,Male,Undergraduate,TikTok,5.1,2.0,Smartphone,5.7,2,True,Sometimes,12.0,70,3.3,Beneficial
STU_2026767,16,Male,High School,Instagram,7.7,2.3,Smartphone,5.7,1,False,Frequently,18.0,80,3.08,Beneficial
STU_2026768,19,Female,Undergraduate,YouTube,2.9,2.1,Smartphone,6.7,4,False,Sometimes,13.0,84,3.85,Beneficial
STU_2026769,18,Female,Undergraduate,TikTok,5.2,1.0,Smartphone,5.5,1,True,Frequently,16.0,75,3.55,Beneficial
STU_2026770,19,Female,Undergraduate,YouTube,2.9,2.1,Smartphone,7.6,3,False,Rarely,8.0,97,3.43,Beneficial
STU_2026771,18,Male,Undergraduate,Snapchat,3.3,0.8,Smartphone,6.8,3,False,Sometimes,11.0,82,3.49,Beneficial
STU_2026772,21,Female,Undergraduate,Instagram,3.4,2.6,Smartphone,8.6,3,True,Never,14.0,96,3.89,Beneficial
STU_2026773,20,Female,Undergraduate,YouTube,6.8,1.7,Smartphone,6.6,3,False,Always,18.0,74,3.54,Beneficial
STU_2026774,16,Female,High School,Instagram,13.2,3.4,Smartphone,3.5,1,True,Frequently,28.0,44,2.57,Negative
STU_2026775,18,Male,High School,TikTok,7.3,2.6,Smartphone,6.2,1,False,Frequently,11.0,79,3.31,Beneficial
STU_2026776,16,Female,High School,YouTube,3.4,1.7,Smartphone,7.8,3,False,Rarely,7.0,87,3.6,Beneficial
STU_2026777,17,Female,High School,TikTok,2.6,1.4,Smartphone,6.8,3,False,Frequently,8.0,78,3.98,Beneficial
STU_2026778,21,Male,Undergraduate,Instagram,4.3,2.4,Smartphone,6.7,3,False,Sometimes,9.0,90,3.72,Beneficial
STU_2026779,19,Male,Undergraduate,TikTok,5.8,2.6,Smartphone,5.7,1,False,Rarely,15.0,78,2.69,Beneficial
STU_2026780,20,Female,Undergraduate,TikTok,5.6,1.0,Smartphone,6.3,2,True,Sometimes,20.0,63,3.3,Neutral
STU_2026781,17,Female,High School,TikTok,6.5,2.2,Laptop/PC,3.9,1,True,Sometimes,22.0,67,3.2,Neutral
STU_2026782,18,Female,Undergraduate,TikTok,6.5,1.4,Smartphone,8.0,3,False,Sometimes,13.0,73,3.26,Beneficial
STU_2026783,15,Female,High School,Snapchat,3.7,2.2,Smartphone,9.2,4,True,Always,1.0,89,3.68,Beneficial
STU_2026784,17,Male,High School,Snapchat,4.6,3.4,Smartphone,6.8,3,True,Rarely,8.0,88,3.61,Beneficial
STU_2026785,17,Female,High School,TikTok,2.7,2.2,Smartphone,7.8,3,False,Sometimes,5.0,91,3.74,Beneficial
STU_2026786,20,Male,Undergraduate,TikTok,4.4,1.9,Tablet,7.9,4,False,Always,10.0,93,3.81,Beneficial
STU_2026787,18,Female,High School,YouTube,3.1,1.9,Smartphone,7.1,3,False,Never,10.0,88,3.58,Beneficial
STU_2026788,19,Male,Undergraduate,Instagram,4.1,2.4,Smartphone,7.2,3,True,Frequently,17.0,82,3.38,Beneficial
STU_2026789,15,Female,High School,TikTok,3.1,1.2,Smartphone,6.5,4,True,Sometimes,5.0,93,4.0,Beneficial
STU_2026790,16,Male,High School,YouTube,8.8,1.6,Smartphone,6.7,1,True,Sometimes,16.0,67,3.01,Beneficial
STU_2026791,16,Female,High School,TikTok,1.9,2.1,Tablet,7.8,4,False,Sometimes,11.0,79,3.56,Beneficial
STU_2026792,23,Male,Postgraduate,Reddit,6.3,0.5,Smartphone,6.4,3,True,Frequently,22.0,68,3.61,Beneficial
STU_2026793,19,Female,Undergraduate,YouTube,5.6,2.3,Smartphone,6.9,2,True,Always,10.0,90,2.94,Beneficial
STU_2026794,20,Male,Undergraduate,TikTok,3.8,2.1,Smartphone,6.1,1,False,Sometimes,6.0,83,3.41,Beneficial
STU_2026795,20,Male,Undergraduate,YouTube,4.9,1.2,Smartphone,6.2,2,True,Frequently,18.0,82,3.31,Beneficial
STU_2026796,23,Non-Binary,Postgraduate,TikTok,2.0,1.9,Smartphone,7.8,5,True,Frequently,12.0,91,3.68,Beneficial
STU_2026797,24,Female,Postgraduate,YouTube,2.5,2.1,Smartphone,7.0,4,False,Frequently,9.0,94,3.58,Beneficial
STU_2026798,19,Female,Undergraduate,Reddit,4.8,1.8,Smartphone,7.0,3,False,Sometimes,1.0,82,3.83,Beneficial
STU_2026799,20,Female,Undergraduate,Reddit,4.7,1.7,Tablet,8.3,4,False,Frequently,9.0,82,4.0,Beneficial
STU_2026800,18,Female,Undergraduate,Snapchat,3.2,1.9,Smartphone,8.3,4,True,Rarely,3.0,81,3.71,Beneficial
STU_2026801,22,Male,Postgraduate,X (Twitter),5.5,2.8,Smartphone,7.2,2,True,Rarely,6.0,94,3.83,Beneficial
STU_2026802,19,Female,Undergraduate,TikTok,5.9,2.4,Laptop/PC,6.5,2,True,Sometimes,7.0,85,3.51,Beneficial
STU_2026803,17,Female,High School,Reddit,6.8,1.4,Smartphone,6.2,3,False,Rarely,11.0,64,3.23,Beneficial
STU_2026804,20,Female,Undergraduate,TikTok,10.8,1.6,Smartphone,3.8,1,True,Sometimes,30.0,43,2.43,Negative
STU_2026805,21,Male,Undergraduate,Snapchat,4.5,2.8,Laptop/PC,6.8,3,True,Rarely,17.0,82,3.08,Beneficial
STU_2026806,17,Male,High School,YouTube,4.9,1.6,Smartphone,6.1,2,False,Always,15.0,83,3.55,Beneficial
STU_2026807,17,Male,High School,Snapchat,2.8,2.4,Laptop/PC,7.2,4,False,Frequently,14.0,84,3.64,Beneficial
STU_2026808,16,Male,High School,TikTok,3.2,2.3,Smartphone,6.4,4,True,Sometimes,19.0,78,3.64,Beneficial
STU_2026809,19,Female,Undergraduate,TikTok,4.5,1.7,Smartphone,8.0,3,True,Sometimes,12.0,90,3.55,Beneficial
STU_2026810,19,Female,Undergraduate,TikTok,5.1,2.2,Smartphone,7.9,3,True,Sometimes,8.0,93,3.89,Beneficial
STU_2026811,20,Female,Undergraduate,Instagram,4.8,1.7,Smartphone,8.0,2,False,Sometimes,13.0,97,3.26,Beneficial
STU_2026812,18,Female,Undergraduate,Snapchat,8.0,2.5,Smartphone,6.3,2,True,Always,21.0,70,3.25,Neutral
STU_2026813,17,Female,High School,TikTok,1.9,2.3,Smartphone,8.2,4,False,Frequently,12.0,89,4.0,Beneficial
STU_2026814,18,Female,Undergraduate,TikTok,5.9,1.4,Tablet,6.5,1,True,Frequently,18.0,66,3.56,Beneficial
STU_2026815,17,Female,High School,Snapchat,3.6,1.9,Smartphone,7.5,4,False,Always,7.0,94,3.81,Beneficial
STU_2026816,19,Non-Binary,Undergraduate,Instagram,6.3,2.3,Smartphone,6.7,2,True,Sometimes,26.0,74,3.79,Beneficial
STU_2026817,19,Female,Undergraduate,TikTok,4.3,0.3,Smartphone,6.6,3,True,Always,14.0,74,3.56,Beneficial
STU_2026818,18,Male,Undergraduate,Snapchat,6.0,1.5,Laptop/PC,7.2,3,True,Sometimes,25.0,76,3.2,Neutral
STU_2026819,16,Female,High School,TikTok,4.4,2.2,Smartphone,7.1,3,False,Sometimes,20.0,85,3.4,Beneficial
STU_2026820,17,Male,High School,TikTok,3.6,1.1,Smartphone,6.0,2,True,Frequently,21.0,76,3.35,Beneficial
STU_2026821,21,Female,Undergraduate,Snapchat,3.8,1.7,Smartphone,6.2,3,True,Frequently,15.0,69,3.14,Beneficial
STU_2026822,18,Male,Undergraduate,YouTube,3.3,2.7,Smartphone,7.4,3,True,Never,19.0,87,3.71,Beneficial
STU_2026823,18,Female,Undergraduate,Snapchat,3.1,0.3,Tablet,7.0,4,False,Rarely,5.0,92,3.94,Beneficial
STU_2026824,18,Female,Undergraduate,TikTok,5.7,1.4,Smartphone,7.4,2,False,Frequently,18.0,76,3.64,Beneficial
STU_2026825,19,Female,Undergraduate,Snapchat,5.7,2.1,Smartphone,5.3,2,True,Frequently,15.0,77,2.78,Beneficial
STU_2026826,17,Male,High School,X (Twitter),2.0,1.1,Smartphone,8.9,4,True,Rarely,12.0,98,3.19,Beneficial
STU_2026827,19,Female,Undergraduate,Snapchat,5.5,0.8,Smartphone,7.2,4,True,Rarely,11.0,79,3.71,Beneficial
STU_2026828,18,Male,Undergraduate,TikTok,2.5,0.7,Smartphone,7.8,3,False,Sometimes,7.0,98,4.0,Beneficial
STU_2026829,23,Female,Undergraduate,Instagram,4.5,2.4,Smartphone,7.5,3,True,Sometimes,13.0,88,2.94,Beneficial
STU_2026830,18,Male,High School,TikTok,3.6,1.1,Laptop/PC,7.6,3,True,Sometimes,10.0,98,3.72,Beneficial
STU_2026831,20,Male,Undergraduate,YouTube,3.0,2.1,Smartphone,6.8,3,False,Sometimes,9.0,85,3.51,Beneficial
STU_2026832,19,Male,Undergraduate,Instagram,6.3,1.4,Smartphone,6.0,2,True,Frequently,19.0,64,3.55,Beneficial
STU_2026833,19,Male,High School,TikTok,6.7,1.7,Laptop/PC,7.2,1,True,Frequently,16.0,90,3.25,Beneficial
STU_2026834,19,Male,Undergraduate,Instagram,5.3,1.4,Smartphone,7.0,2,True,Frequently,20.0,84,3.06,Beneficial
STU_2026835,20,Male,Undergraduate,Instagram,7.2,1.8,Smartphone,6.5,1,True,Frequently,14.0,75,3.29,Beneficial
STU_2026836,16,Female,High School,YouTube,6.3,1.5,Smartphone,6.7,3,True,Never,6.0,86,3.51,Beneficial
STU_2026837,19,Male,High School,TikTok,12.1,1.6,Smartphone,3.6,1,False,Frequently,33.0,40,2.18,Negative
STU_2026838,19,Female,Undergraduate,Instagram,5.6,2.6,Laptop/PC,5.9,2,True,Sometimes,19.0,76,3.32,Beneficial
STU_2026839,18,Female,Undergraduate,YouTube,2.3,2.2,Smartphone,9.4,4,True,Rarely,1.0,98,4.0,Beneficial
STU_2026840,18,Female,Undergraduate,Instagram,10.8,2.0,Laptop/PC,3.4,1,True,Frequently,29.0,53,2.26,Negative
STU_2026841,16,Female,High School,Instagram,5.7,1.1,Smartphone,5.7,2,True,Frequently,21.0,74,3.14,Neutral
STU_2026842,18,Female,Undergraduate,YouTube,9.8,1.1,Laptop/PC,5.2,1,True,Frequently,27.0,57,2.72,Neutral
STU_2026843,18,Female,Undergraduate,YouTube,8.9,1.8,Smartphone,6.8,1,False,Sometimes,21.0,69,3.1,Neutral
STU_2026844,18,Female,High School,Instagram,4.4,1.3,Smartphone,6.7,2,False,Frequently,13.0,79,3.21,Beneficial
STU_2026845,21,Male,Undergraduate,TikTok,1.9,0.7,Laptop/PC,7.9,3,True,Sometimes,4.0,98,3.97,Beneficial
STU_2026846,19,Female,Undergraduate,TikTok,5.6,2.0,Smartphone,4.7,1,False,Frequently,7.0,76,3.85,Beneficial
STU_2026847,17,Female,High School,Snapchat,9.8,2.9,Smartphone,5.0,1,False,Sometimes,27.0,61,2.65,Neutral
STU_2026848,21,Male,Undergraduate,Instagram,3.8,1.7,Smartphone,6.2,2,True,Rarely,17.0,77,3.03,Beneficial
STU_2026849,18,Male,Undergraduate,Instagram,5.0,2.0,Smartphone,7.5,3,True,Rarely,12.0,84,2.84,Beneficial
STU_2026850,20,Male,Undergraduate,TikTok,2.8,1.3,Smartphone,8.6,4,False,Frequently,8.0,98,3.6,Beneficial
STU_2026851,19,Female,Undergraduate,TikTok,5.5,1.0,Smartphone,6.4,1,True,Rarely,13.0,85,3.04,Beneficial
STU_2026852,21,Female,High School,YouTube,5.8,2.0,Smartphone,5.8,3,True,Rarely,,70,3.37,Beneficial
STU_2026853,19,Female,Undergraduate,Snapchat,8.9,1.7,Smartphone,4.6,1,True,Always,15.0,60,2.9,Neutral
STU_2026854,18,Male,Undergraduate,Instagram,2.8,0.6,Smartphone,8.8,4,False,Always,10.0,84,2.91,Beneficial
STU_2026855,25,Prefer not to say,Postgraduate,YouTube,5.3,2.1,Smartphone,6.3,2,True,Always,14.0,83,3.5,Beneficial
STU_2026856,16,Male,High School,Reddit,9.6,0.9,Smartphone,4.6,1,False,Never,26.0,57,2.57,Neutral
STU_2026857,16,Male,High School,TikTok,2.3,1.9,Smartphone,9.0,5,True,Frequently,8.0,94,3.81,Beneficial
STU_2026858,20,Female,Undergraduate,Instagram,10.7,2.1,Tablet,5.4,1,True,Never,23.0,60,2.79,Neutral
STU_2026859,19,Female,Undergraduate,Instagram,6.0,2.5,Smartphone,6.5,3,True,Frequently,13.0,80,3.16,Beneficial
STU_2026860,15,Female,High School,YouTube,5.6,2.4,Smartphone,5.2,2,True,Sometimes,19.0,81,3.65,Beneficial
STU_2026861,20,Female,Undergraduate,Instagram,4.2,0.9,Smartphone,7.5,3,True,Always,6.0,86,3.73,Beneficial
STU_2026862,23,Female,Undergraduate,YouTube,5.9,3.9,Smartphone,6.3,2,True,Frequently,8.0,71,3.04,Beneficial
STU_2026863,19,Female,High School,Instagram,6.2,1.9,Smartphone,6.9,2,True,Sometimes,6.0,90,3.29,Beneficial
STU_2026864,19,Female,Undergraduate,Instagram,4.0,2.3,Smartphone,6.3,2,True,Always,11.0,86,3.35,Beneficial
STU_2026865,18,Female,Undergraduate,Instagram,2.5,1.0,Smartphone,7.3,3,False,Sometimes,8.0,98,3.69,Beneficial
STU_2026866,18,Female,Undergraduate,TikTok,5.5,1.5,Smartphone,6.7,3,True,Sometimes,16.0,69,2.78,Neutral
STU_2026867,17,Female,High School,Snapchat,14.0,0.8,Smartphone,4.1,1,True,Frequently,28.0,43,,Negative
STU_2026868,18,Non-Binary,Undergraduate,TikTok,1.6,0.9,Smartphone,8.3,3,False,Sometimes,8.0,94,3.25,Beneficial
STU_2026869,19,Female,Undergraduate,Snapchat,6.6,0.7,Laptop/PC,5.2,1,True,Sometimes,15.0,69,3.3,Beneficial
STU_2026870,25,Male,Postgraduate,X (Twitter),5.7,2.0,Smartphone,7.2,3,True,Frequently,17.0,85,3.11,Beneficial
STU_2026871,19,Male,Undergraduate,TikTok,1.5,1.2,Smartphone,7.9,3,True,Sometimes,0.0,98,4.0,Beneficial
STU_2026872,25,Female,Postgraduate,LinkedIn,3.5,0.8,Tablet,6.3,2,False,Sometimes,14.0,81,3.89,Beneficial
STU_2026873,18,Male,Undergraduate,Snapchat,7.6,1.6,Laptop/PC,5.6,1,False,Rarely,24.0,62,3.54,Neutral
STU_2026874,22,Male,Postgraduate,YouTube,4.3,2.7,Smartphone,6.4,3,False,Frequently,7.0,83,3.88,Beneficial
STU_2026875,20,Male,Undergraduate,Instagram,7.6,0.8,Smartphone,7.0,3,True,Always,26.0,68,2.09,Neutral
STU_2026876,19,Male,Undergraduate,TikTok,2.2,1.1,Smartphone,6.6,3,False,Frequently,10.0,90,4.0,Beneficial
STU_2026877,17,Female,High School,Snapchat,14.0,1.5,Smartphone,3.7,1,True,Always,35.0,45,2.54,Negative
STU_2026878,16,Female,High School,Reddit,1.9,2.5,Smartphone,7.4,5,True,Frequently,0.0,98,4.0,Beneficial
STU_2026879,21,Male,Undergraduate,Instagram,4.9,1.4,Smartphone,6.3,3,False,Rarely,17.0,76,3.3,Beneficial
STU_2026880,18,Female,Undergraduate,YouTube,3.8,1.1,Smartphone,8.4,3,False,Frequently,2.0,98,4.0,Beneficial
STU_2026881,19,Prefer not to say,Undergraduate,TikTok,3.0,3.1,Smartphone,7.7,4,False,Sometimes,4.0,98,3.7,Beneficial
STU_2026882,20,Non-Binary,Undergraduate,YouTube,3.4,2.1,Smartphone,8.2,3,True,Rarely,7.0,98,,Beneficial
STU_2026883,22,Male,Postgraduate,Instagram,6.3,1.2,Smartphone,7.0,2,True,Frequently,15.0,80,3.64,Beneficial
STU_2026884,19,Male,Undergraduate,Snapchat,12.8,1.5,Laptop/PC,4.3,1,True,Always,30.0,49,2.59,Negative
STU_2026885,20,Male,Undergraduate,TikTok,3.8,0.5,Laptop/PC,8.0,3,False,Sometimes,4.0,83,3.47,Beneficial
STU_2026886,18,Male,Undergraduate,YouTube,6.1,1.4,Smartphone,6.5,2,True,Rarely,13.0,89,3.1,Beneficial
STU_2026887,17,Male,High School,Instagram,4.8,1.0,Smartphone,7.1,4,False,Frequently,11.0,82,3.53,Beneficial
STU_2026888,16,Female,High School,YouTube,6.0,2.1,Tablet,6.9,3,True,Sometimes,16.0,80,3.21,Beneficial
STU_2026889,16,Female,High School,Instagram,8.8,0.8,Smartphone,5.2,1,True,Sometimes,19.0,63,2.92,Neutral
STU_2026890,19,Male,Undergraduate,YouTube,7.6,2.1,Smartphone,3.6,1,True,Sometimes,16.0,69,3.19,Beneficial
STU_2026891,20,Female,Undergraduate,X (Twitter),4.5,2.6,Smartphone,7.7,4,True,Rarely,12.0,91,3.68,Beneficial
STU_2026892,18,Male,Undergraduate,Instagram,4.9,2.6,Smartphone,5.9,3,True,Sometimes,14.0,72,3.47,Beneficial
STU_2026893,18,Male,Undergraduate,Snapchat,3.3,1.3,Smartphone,8.0,3,False,Sometimes,15.0,88,3.76,Beneficial
STU_2026894,18,Female,Undergraduate,Instagram,9.1,1.6,Smartphone,5.0,1,True,Rarely,27.0,56,2.8,Neutral
STU_2026895,20,Female,Undergraduate,Snapchat,4.2,1.8,Smartphone,7.3,3,True,Rarely,14.0,86,3.14,Beneficial
STU_2026896,17,Female,High School,Instagram,9.0,3.0,Smartphone,5.0,1,True,Sometimes,27.0,55,3.43,Neutral
STU_2026897,17,Female,High School,Snapchat,2.5,1.6,Smartphone,8.4,3,False,Never,14.0,88,3.57,Beneficial
STU_2026898,18,Female,High School,Instagram,5.1,1.6,Smartphone,8.3,3,True,Never,7.0,86,3.48,Beneficial
STU_2026899,16,Female,High School,YouTube,14.0,2.2,Smartphone,4.6,1,True,Always,31.0,55,2.46,Negative
STU_2026900,17,Male,High School,Instagram,3.6,1.9,Smartphone,7.0,3,True,Frequently,6.0,91,3.51,Beneficial
STU_2026901,20,Male,Undergraduate,YouTube,3.1,2.2,Smartphone,8.6,4,True,Sometimes,10.0,96,3.44,Beneficial
STU_2026902,19,Female,Undergraduate,TikTok,2.1,2.1,Smartphone,7.3,4,False,Frequently,6.0,90,3.55,Beneficial
STU_2026903,21,Female,Undergraduate,TikTok,2.5,3.0,Smartphone,7.6,4,True,Always,10.0,98,4.0,Beneficial
STU_2026904,16,Female,High School,YouTube,5.6,1.5,Smartphone,7.8,4,True,Sometimes,15.0,84,3.75,Beneficial
STU_2026905,20,Male,High School,Instagram,3.9,1.3,Smartphone,6.0,2,False,Always,13.0,76,3.07,Beneficial
STU_2026906,17,Female,High School,TikTok,6.9,2.3,Smartphone,6.1,1,True,Sometimes,25.0,75,2.8,Neutral
STU_2026907,22,Female,Undergraduate,Instagram,4.0,1.5,Smartphone,8.1,4,False,Frequently,4.0,96,4.0,Beneficial
STU_2026908,17,Male,High School,YouTube,2.4,0.7,Laptop/PC,8.2,4,False,Rarely,0.0,92,3.7,Beneficial
STU_2026909,19,Male,Undergraduate,TikTok,5.9,1.3,Smartphone,4.8,1,True,Frequently,16.0,77,3.47,Beneficial
STU_2026910,16,Female,High School,Instagram,3.2,1.6,Smartphone,8.0,4,False,Frequently,4.0,94,3.95,Beneficial
STU_2026911,18,Male,High School,Instagram,14.0,3.4,Smartphone,3.5,1,True,Always,40.0,35,2.44,Negative
STU_2026912,19,Female,Undergraduate,YouTube,5.1,2.5,Smartphone,7.1,3,True,Sometimes,8.0,78,3.62,Beneficial
STU_2026913,16,Female,High School,Snapchat,7.6,2.6,Smartphone,5.9,2,True,Frequently,17.0,68,3.0,Neutral
STU_2026914,16,Female,High School,Reddit,5.0,1.7,Smartphone,7.0,2,False,Sometimes,17.0,80,4.0,Beneficial
STU_2026915,18,Female,Undergraduate,Instagram,2.6,0.2,Smartphone,8.4,3,False,Sometimes,9.0,93,3.67,Beneficial
STU_2026916,15,Female,High School,X (Twitter),4.1,0.7,Laptop/PC,7.7,4,False,Sometimes,9.0,94,3.69,Beneficial
STU_2026917,17,Female,High School,LinkedIn,7.5,0.9,Smartphone,7.7,2,True,Rarely,10.0,62,3.26,Beneficial
STU_2026918,17,Male,High School,TikTok,3.5,1.7,Smartphone,7.3,3,False,Sometimes,3.0,98,3.2,Beneficial
STU_2026919,17,Female,High School,TikTok,5.3,1.2,Smartphone,7.3,2,True,Frequently,6.0,83,3.79,Beneficial
STU_2026920,19,Female,Undergraduate,Instagram,2.9,2.2,Smartphone,7.3,4,True,Frequently,10.0,87,3.92,Beneficial
STU_2026921,20,Female,Undergraduate,Snapchat,7.2,2.0,Smartphone,5.4,2,True,Sometimes,19.0,53,3.25,Neutral
STU_2026922,19,Female,Undergraduate,X (Twitter),14.0,1.8,Laptop/PC,3.2,1,True,Never,25.0,48,2.86,Neutral
STU_2026923,18,Male,Undergraduate,Instagram,2.5,1.8,Smartphone,6.4,4,True,Always,10.0,89,3.28,Beneficial
STU_2026924,21,Female,Undergraduate,Reddit,8.6,1.8,Tablet,4.5,1,True,Sometimes,24.0,67,2.69,Neutral
STU_2026925,19,Male,Undergraduate,LinkedIn,2.7,1.7,Smartphone,6.8,4,True,Sometimes,13.0,93,3.73,Beneficial
STU_2026926,15,Male,High School,X (Twitter),4.4,2.9,Smartphone,7.6,3,False,Frequently,11.0,86,3.68,Beneficial
STU_2026927,16,Female,High School,YouTube,3.9,2.1,Smartphone,7.3,3,False,Sometimes,11.0,87,3.78,Beneficial
STU_2026928,15,Male,High School,TikTok,5.3,1.3,Smartphone,6.4,2,True,Frequently,15.0,78,3.39,Beneficial
STU_2026929,18,Female,Undergraduate,TikTok,8.6,2.2,Smartphone,6.0,2,True,Never,13.0,77,3.46,Beneficial
STU_2026930,19,Prefer not to say,Undergraduate,Instagram,4.5,2.2,Laptop/PC,6.4,3,False,Sometimes,14.0,77,3.65,Beneficial
STU_2026931,18,Female,Undergraduate,Instagram,3.4,1.0,Smartphone,7.6,3,False,Always,8.0,93,3.87,Beneficial
STU_2026932,18,Male,Undergraduate,Instagram,5.5,2.5,Tablet,6.4,2,True,Sometimes,17.0,80,2.78,Beneficial
STU_2026933,21,Male,Undergraduate,Instagram,4.0,2.6,Smartphone,7.7,3,True,Frequently,10.0,79,3.56,Beneficial
STU_2026934,17,Female,High School,YouTube,6.3,2.2,Laptop/PC,7.2,3,True,Sometimes,10.0,80,3.45,Beneficial
STU_2026935,19,Female,High School,TikTok,3.1,1.9,Smartphone,8.9,4,False,Always,5.0,98,3.68,Beneficial
STU_2026936,17,Male,High School,LinkedIn,7.8,1.3,Smartphone,6.1,2,True,Sometimes,17.0,64,3.2,Beneficial
STU_2026937,19,Female,Undergraduate,TikTok,7.4,1.0,Smartphone,5.1,1,True,Rarely,12.0,77,3.22,Beneficial
STU_2026938,19,Male,High School,Snapchat,2.7,2.3,Smartphone,6.9,4,False,Frequently,10.0,84,3.39,Beneficial
STU_2026939,18,Female,High School,Instagram,2.5,1.0,Smartphone,6.2,2,False,Frequently,0.0,86,3.67,Beneficial
STU_2026940,16,Male,High School,Reddit,2.3,2.0,Smartphone,7.3,3,False,Frequently,8.0,90,4.0,Beneficial
STU_2026941,19,Male,Undergraduate,Reddit,5.9,1.0,Smartphone,6.1,2,False,Frequently,17.0,68,3.59,Beneficial
STU_2026942,22,Male,Postgraduate,Instagram,5.2,1.5,Smartphone,6.3,2,True,Rarely,9.0,79,3.34,Beneficial
STU_2026943,22,Male,Undergraduate,Instagram,3.3,3.0,Laptop/PC,6.7,3,False,Frequently,8.0,90,3.64,Beneficial
STU_2026944,19,Female,Undergraduate,Snapchat,7.2,0.8,Smartphone,5.7,1,True,Frequently,7.0,76,,Beneficial
STU_2026945,21,Female,Undergraduate,YouTube,6.0,1.9,Smartphone,6.1,2,False,Sometimes,14.0,69,3.31,Beneficial
STU_2026946,17,Male,High School,Snapchat,9.6,1.0,Smartphone,3.8,1,True,Sometimes,22.0,60,3.12,Neutral
STU_2026947,23,Male,Postgraduate,Snapchat,3.8,1.4,Smartphone,7.4,3,False,Rarely,6.0,95,3.97,Beneficial
STU_2026948,20,Female,High School,TikTok,4.3,2.4,Smartphone,5.4,3,True,Always,14.0,72,3.78,Beneficial
STU_2026949,20,Male,Undergraduate,Reddit,9.1,2.6,Smartphone,3.9,1,True,Always,40.0,43,3.11,Negative
STU_2026950,16,Male,High School,YouTube,4.9,1.9,Smartphone,5.8,2,False,Frequently,17.0,75,3.68,Beneficial
STU_2026951,18,Male,Undergraduate,TikTok,2.2,2.0,Smartphone,6.7,4,False,Sometimes,,96,3.35,Beneficial
STU_2026952,17,Male,High School,Instagram,10.8,1.6,Smartphone,5.5,1,True,Frequently,34.0,60,2.69,Negative
STU_2026953,18,Male,Undergraduate,TikTok,4.6,0.8,Smartphone,7.4,3,True,Frequently,17.0,70,3.7,Beneficial
STU_2026954,18,Non-Binary,Undergraduate,TikTok,5.9,2.3,Laptop/PC,6.7,3,False,Frequently,15.0,76,3.35,Beneficial
STU_2026955,19,Prefer not to say,Undergraduate,Instagram,5.6,1.4,Laptop/PC,6.6,2,True,Rarely,3.0,90,3.35,Beneficial
STU_2026956,18,Male,Undergraduate,YouTube,7.4,1.0,Smartphone,5.8,1,True,Sometimes,23.0,60,2.9,Neutral
STU_2026957,22,Female,Postgraduate,YouTube,2.9,2.2,Smartphone,7.2,3,False,Frequently,8.0,93,4.0,Beneficial
STU_2026958,19,Female,Undergraduate,YouTube,4.6,1.7,Laptop/PC,7.6,3,True,Frequently,9.0,97,3.75,Beneficial
STU_2026959,19,Female,Undergraduate,Snapchat,9.6,0.5,Smartphone,5.4,2,True,Sometimes,29.0,49,3.19,Neutral
STU_2026960,22,Female,Undergraduate,TikTok,2.4,0.4,Smartphone,6.5,3,False,Frequently,3.0,89,3.53,Beneficial
STU_2026961,17,Female,High School,Instagram,6.4,0.9,Smartphone,6.9,3,True,Frequently,19.0,74,3.25,Beneficial
STU_2026962,22,Female,Undergraduate,TikTok,5.4,1.9,Smartphone,6.6,2,True,Rarely,10.0,86,3.27,Beneficial
STU_2026963,20,Female,Undergraduate,LinkedIn,3.4,1.8,Smartphone,7.6,5,True,Frequently,12.0,88,3.43,Beneficial
STU_2026964,18,Male,Undergraduate,Snapchat,5.3,1.8,Smartphone,7.5,3,True,Sometimes,15.0,78,3.0,Beneficial
STU_2026965,18,Female,Undergraduate,Instagram,4.3,2.4,Laptop/PC,6.4,4,False,Frequently,3.0,89,,Beneficial
STU_2026966,19,Male,Undergraduate,Reddit,5.6,0.6,Smartphone,6.4,4,True,Frequently,13.0,75,3.29,Beneficial
STU_2026967,19,Male,Undergraduate,Instagram,6.1,2.6,Laptop/PC,6.6,1,True,Sometimes,16.0,79,2.93,Beneficial
STU_2026968,22,Non-Binary,Postgraduate,Snapchat,4.1,1.5,Smartphone,7.4,3,False,Always,14.0,80,3.45,Beneficial
STU_2026969,19,Female,Undergraduate,Instagram,4.0,2.0,Smartphone,7.5,3,False,Frequently,16.0,81,3.47,Beneficial
STU_2026970,20,Female,High School,YouTube,9.1,1.4,Smartphone,4.4,1,True,Rarely,24.0,57,3.06,Neutral
STU_2026971,18,Male,Undergraduate,X (Twitter),1.3,3.0,Smartphone,8.6,5,False,Rarely,0.0,90,3.56,Beneficial
STU_2026972,21,Non-Binary,Undergraduate,Snapchat,4.5,1.6,Smartphone,6.8,2,True,Sometimes,17.0,84,3.7,Beneficial
STU_2026973,20,Female,Undergraduate,Reddit,3.7,4.0,Smartphone,8.0,4,True,Frequently,17.0,75,3.76,Beneficial
STU_2026974,20,Male,Undergraduate,Instagram,1.9,1.7,Smartphone,8.0,4,False,Always,11.0,92,4.0,Beneficial
STU_2026975,19,Female,Undergraduate,LinkedIn,10.5,1.5,Smartphone,5.5,1,True,Sometimes,26.0,67,2.24,Neutral
STU_2026976,16,Male,High School,YouTube,7.2,1.6,Smartphone,6.5,2,False,Sometimes,10.0,82,3.35,Beneficial
STU_2026977,18,Female,Undergraduate,Instagram,3.1,2.0,Smartphone,9.1,4,False,Sometimes,7.0,86,3.22,Beneficial
STU_2026978,18,Female,Undergraduate,TikTok,2.5,0.1,Smartphone,8.9,4,False,Frequently,9.0,95,3.46,Beneficial
STU_2026979,18,Male,Undergraduate,Instagram,4.4,0.4,Smartphone,6.2,2,False,Sometimes,20.0,86,3.55,Beneficial
STU_2026980,20,Male,Undergraduate,YouTube,3.1,2.1,Smartphone,7.0,3,False,Sometimes,12.0,76,3.67,Beneficial
STU_2026981,18,Prefer not to say,Undergraduate,Reddit,4.2,1.8,Smartphone,6.4,2,False,Frequently,13.0,93,3.81,Beneficial
STU_2026982,20,Female,Undergraduate,TikTok,12.3,0.8,Laptop/PC,5.2,1,True,Frequently,32.0,55,2.99,Negative
STU_2026983,22,Male,Postgraduate,YouTube,13.2,1.6,Smartphone,4.7,1,True,Frequently,30.0,47,2.44,Negative
STU_2026984,19,Female,Undergraduate,X (Twitter),4.9,1.2,Laptop/PC,5.8,2,True,Sometimes,10.0,75,3.04,Beneficial
STU_2026985,21,Male,Undergraduate,TikTok,12.0,1.9,Smartphone,4.3,1,True,Frequently,27.0,52,2.92,Neutral
STU_2026986,20,Male,High School,X (Twitter),1.8,2.4,Laptop/PC,8.6,4,False,Sometimes,2.0,98,3.96,Beneficial
STU_2026987,21,Male,Undergraduate,Instagram,2.0,1.2,Smartphone,7.1,3,False,Frequently,5.0,91,3.94,Beneficial
STU_2026988,18,Male,Undergraduate,YouTube,9.1,2.1,Smartphone,6.8,1,True,Frequently,28.0,68,2.98,Neutral
STU_2026989,21,Female,Undergraduate,Reddit,4.6,3.3,Smartphone,7.5,3,True,Sometimes,11.0,88,3.63,Beneficial
STU_2026990,18,Female,Undergraduate,TikTok,7.0,1.4,Smartphone,6.7,2,True,Sometimes,13.0,69,3.09,Beneficial
STU_2026991,16,Male,High School,TikTok,9.4,1.9,Smartphone,5.3,1,True,Sometimes,24.0,60,3.31,Neutral
STU_2026992,19,Female,Undergraduate,YouTube,5.6,1.6,Laptop/PC,7.3,1,False,Frequently,18.0,89,3.43,Beneficial
STU_2026993,23,Male,Undergraduate,Instagram,4.1,1.8,Smartphone,5.9,2,False,Frequently,10.0,80,3.83,Beneficial
STU_2026994,19,Female,Undergraduate,Instagram,10.6,1.2,Smartphone,5.9,2,True,Always,24.0,65,2.58,Neutral
STU_2026995,17,Female,High School,TikTok,14.0,2.2,Smartphone,3.9,1,True,Never,32.0,35,2.67,Negative
STU_2026996,20,Female,Undergraduate,YouTube,2.7,0.6,Smartphone,7.8,4,True,Sometimes,14.0,93,3.72,Beneficial
STU_2026997,18,Male,Undergraduate,TikTok,2.7,2.6,Smartphone,7.8,3,False,Sometimes,0.0,91,3.76,Beneficial
STU_2026998,20,Female,Undergraduate,TikTok,2.4,3.0,Smartphone,8.3,4,False,Frequently,3.0,93,3.93,Beneficial
STU_2026999,17,Female,High School,YouTube,3.0,2.2,Smartphone,6.8,3,True,Always,9.0,90,3.79,Beneficial
STU_2027000,18,Female,Undergraduate,Instagram,8.5,1.4,Smartphone,4.7,1,True,Frequently,24.0,63,2.88,Neutral
STU_2027001,19,Female,Undergraduate,Instagram,3.1,1.5,Smartphone,7.0,3,False,Sometimes,14.0,92,3.33,Beneficial
STU_2027002,16,Female,High School,Instagram,5.0,3.5,Smartphone,5.2,2,True,Frequently,7.0,67,3.11,Beneficial
STU_2027003,19,Male,Undergraduate,Instagram,2.7,1.2,Smartphone,8.5,4,False,Never,15.0,95,3.93,Beneficial
STU_2027004,20,Non-Binary,Undergraduate,Instagram,2.9,2.0,Laptop/PC,7.2,3,False,Sometimes,23.0,81,3.36,Beneficial
STU_2027005,20,Female,Undergraduate,YouTube,2.4,1.8,Smartphone,8.4,4,False,Frequently,11.0,98,3.91,Beneficial
STU_2027006,24,Female,Undergraduate,Snapchat,3.9,1.3,Smartphone,6.8,3,False,Frequently,6.0,98,3.78,Beneficial
STU_2027007,18,Male,Undergraduate,Snapchat,5.0,2.0,Smartphone,7.0,2,True,Sometimes,12.0,81,3.11,Beneficial
STU_2027008,16,Female,High School,YouTube,6.5,0.8,Smartphone,6.9,3,True,Always,19.0,83,3.37,Beneficial
STU_2027009,17,Non-Binary,High School,YouTube,2.5,1.2,Smartphone,9.2,4,False,Frequently,6.0,97,3.94,Beneficial
STU_2027010,22,Female,Postgraduate,Instagram,3.3,1.6,Smartphone,6.9,3,False,Rarely,18.0,81,3.54,Beneficial
STU_2027011,17,Male,High School,YouTube,3.4,1.9,Smartphone,9.3,5,False,Sometimes,9.0,87,3.85,Beneficial
STU_2027012,19,Male,Undergraduate,Snapchat,10.5,1.3,Smartphone,4.0,1,False,Sometimes,29.0,52,2.53,Negative
STU_2027013,19,Male,Undergraduate,Instagram,3.1,2.0,Laptop/PC,7.3,3,True,Sometimes,5.0,80,3.73,Beneficial
STU_2027014,19,Female,Undergraduate,Instagram,8.3,2.2,Smartphone,8.1,3,True,Never,12.0,86,3.58,Beneficial
STU_2027015,20,Female,Undergraduate,Instagram,4.9,2.8,Smartphone,6.0,1,False,Always,24.0,76,3.41,Neutral
STU_2027016,21,Male,Undergraduate,Instagram,4.5,1.7,Smartphone,5.7,1,True,Frequently,14.0,80,3.59,Beneficial
STU_2027017,19,Female,Undergraduate,TikTok,7.4,2.8,Smartphone,6.0,3,True,Rarely,13.0,70,2.78,Beneficial
STU_2027018,21,Female,Undergraduate,Instagram,6.8,2.1,Smartphone,6.4,1,True,Rarely,12.0,88,3.28,Beneficial
STU_2027019,17,Male,High School,Snapchat,12.1,1.9,Smartphone,5.6,2,True,Sometimes,29.0,56,2.55,Negative
STU_2027020,19,Male,Undergraduate,YouTube,7.5,1.6,Smartphone,4.7,1,True,Rarely,29.0,64,3.38,Neutral
STU_2027021,19,Male,Undergraduate,LinkedIn,3.1,2.2,Smartphone,8.7,3,False,Never,8.0,98,3.85,Beneficial
STU_2027022,19,Male,Undergraduate,TikTok,1.9,1.3,Laptop/PC,8.4,4,True,Frequently,1.0,98,3.93,Beneficial
STU_2027023,17,Male,High School,Instagram,6.9,1.8,Smartphone,7.6,2,True,Sometimes,16.0,78,3.25,Beneficial
STU_2027024,18,Male,Undergraduate,Instagram,13.4,1.8,Smartphone,4.2,1,True,Never,29.0,47,2.72,Negative
STU_2027025,18,Prefer not to say,Undergraduate,Instagram,9.2,1.9,Smartphone,6.2,1,False,Sometimes,17.0,64,3.44,Beneficial
STU_2027026,22,Female,Undergraduate,Instagram,3.1,2.1,Smartphone,8.1,5,True,Sometimes,14.0,89,3.81,Beneficial
STU_2027027,18,Female,Undergraduate,Instagram,3.6,3.1,Smartphone,8.6,5,False,Rarely,4.0,98,3.72,Beneficial
STU_2027028,18,Female,Undergraduate,Instagram,7.1,1.0,Smartphone,7.6,3,False,Sometimes,,80,3.5,Beneficial
STU_2027029,18,Male,Undergraduate,YouTube,7.5,2.6,Smartphone,6.8,3,True,Always,19.0,70,3.76,Beneficial
STU_2027030,16,Female,High School,Reddit,4.5,2.1,Smartphone,8.1,4,False,Always,15.0,87,3.29,Beneficial
STU_2027031,21,Male,Undergraduate,TikTok,3.7,1.3,Smartphone,9.0,3,False,Frequently,10.0,91,3.22,Beneficial
STU_2027032,15,Female,High School,Instagram,5.1,1.5,Smartphone,7.7,3,False,Frequently,12.0,78,3.44,Beneficial
STU_2027033,22,Male,Postgraduate,TikTok,2.2,0.6,Smartphone,9.2,5,False,Sometimes,5.0,93,3.76,Beneficial
STU_2027034,18,Female,High School,TikTok,2.3,2.4,Tablet,8.7,5,True,Frequently,7.0,93,3.97,Beneficial
STU_2027035,17,Male,High School,Instagram,3.5,1.3,Smartphone,7.6,4,False,Frequently,8.0,80,3.3,Beneficial
STU_2027036,20,Male,Undergraduate,YouTube,3.1,1.0,Smartphone,8.7,4,True,Sometimes,10.0,98,3.86,Beneficial
STU_2027037,20,Female,Undergraduate,Snapchat,6.9,0.6,Smartphone,5.6,2,False,Never,20.0,68,2.73,Neutral
STU_2027038,20,Male,Undergraduate,X (Twitter),5.8,2.6,Smartphone,6.3,3,True,Sometimes,16.0,78,,Beneficial
STU_2027039,19,Female,Undergraduate,TikTok,8.5,2.1,Smartphone,6.8,1,True,Frequently,15.0,88,3.51,Beneficial
STU_2027040,19,Female,Undergraduate,Instagram,6.6,2.0,Smartphone,6.5,2,True,Frequently,17.0,78,3.2,Beneficial
STU_2027041,19,Female,Undergraduate,Snapchat,6.2,1.3,Smartphone,4.7,2,False,Rarely,18.0,73,3.27,Beneficial
STU_2027042,15,Female,High School,TikTok,14.0,1.8,Smartphone,4.1,1,True,Rarely,29.0,41,2.34,Negative
STU_2027043,20,Male,Undergraduate,Instagram,5.8,2.1,Smartphone,6.7,1,True,Frequently,12.0,82,3.26,Beneficial
STU_2027044,20,Male,High School,TikTok,4.2,2.5,Smartphone,7.9,5,False,Always,10.0,92,3.87,Beneficial
STU_2027045,19,Female,Undergraduate,YouTube,6.7,1.7,Smartphone,6.9,2,False,Rarely,22.0,71,3.36,Neutral
STU_2027046,18,Male,Undergraduate,Instagram,10.8,1.9,Smartphone,3.3,1,True,Sometimes,25.0,45,2.22,Negative
STU_2027047,18,Male,Undergraduate,Snapchat,6.7,2.3,Smartphone,3.8,1,True,Sometimes,26.0,50,2.81,Neutral
STU_2027048,21,Female,High School,Instagram,3.5,1.1,Smartphone,6.7,2,True,Frequently,11.0,90,3.64,Beneficial
STU_2027049,23,Male,Undergraduate,Instagram,5.4,1.8,Smartphone,5.3,1,True,Sometimes,15.0,69,2.82,Beneficial
STU_2027050,20,Male,Undergraduate,Instagram,3.3,1.5,Smartphone,7.0,3,False,Frequently,22.0,78,3.43,Beneficial
STU_2027051,20,Male,Undergraduate,TikTok,3.1,1.7,Laptop/PC,6.8,2,False,Never,13.0,84,3.45,Beneficial
STU_2027052,18,Female,Undergraduate,X (Twitter),4.0,1.0,Smartphone,6.0,1,True,Sometimes,13.0,80,2.92,Beneficial
STU_2027053,18,Female,Undergraduate,TikTok,4.8,2.2,Smartphone,5.9,2,True,Sometimes,17.0,77,3.26,Beneficial
STU_2027054,17,Female,High School,Instagram,8.3,1.9,Smartphone,5.8,1,False,Frequently,14.0,69,3.35,Beneficial
STU_2027055,19,Male,Undergraduate,Instagram,2.8,0.0,Smartphone,6.8,4,False,Sometimes,12.0,89,3.8,Beneficial
STU_2027056,18,Male,High School,Instagram,4.0,1.6,Smartphone,4.5,1,True,Sometimes,9.0,84,3.36,Beneficial
STU_2027057,17,Female,High School,Snapchat,3.6,1.0,Smartphone,7.2,3,False,Never,18.0,85,4.0,Beneficial
STU_2027058,19,Female,Undergraduate,YouTube,4.8,1.9,Smartphone,6.2,2,True,Sometimes,16.0,76,3.33,Beneficial
STU_2027059,20,Male,Undergraduate,YouTube,4.0,1.6,Smartphone,8.2,3,False,Sometimes,14.0,88,3.52,Beneficial
STU_2027060,19,Male,Undergraduate,TikTok,3.6,3.2,Smartphone,7.5,2,False,Rarely,11.0,78,3.64,Beneficial
STU_2027061,20,Female,Undergraduate,Instagram,2.8,1.0,Smartphone,8.3,3,True,Always,7.0,98,3.46,Beneficial
STU_2027062,18,Male,Undergraduate,Instagram,5.2,2.7,Smartphone,6.5,2,True,Always,11.0,81,3.84,Beneficial
STU_2027063,18,Prefer not to say,Undergraduate,Instagram,3.2,1.4,Smartphone,7.5,3,False,Sometimes,10.0,89,3.85,Beneficial
STU_2027064,19,Male,Undergraduate,YouTube,14.0,1.6,Smartphone,5.4,1,True,Sometimes,23.0,45,2.6,Negative
STU_2027065,20,Male,High School,Reddit,8.6,2.5,Smartphone,5.4,1,True,Frequently,19.0,68,3.35,Beneficial
STU_2027066,17,Female,High School,Instagram,3.0,1.9,Smartphone,7.3,3,False,Sometimes,4.0,97,3.26,Beneficial
STU_2027067,20,Female,Undergraduate,YouTube,7.3,0.9,Laptop/PC,6.8,2,True,Never,15.0,77,3.11,Beneficial
STU_2027068,23,Female,Postgraduate,X (Twitter),6.5,1.8,Smartphone,7.4,4,True,Sometimes,12.0,76,3.23,Beneficial
STU_2027069,17,Female,High School,Instagram,6.9,1.8,Smartphone,7.1,3,True,Sometimes,20.0,77,3.07,Beneficial
STU_2027070,16,Male,High School,Reddit,3.0,2.4,Laptop/PC,7.2,2,False,Frequently,17.0,86,3.15,Beneficial
STU_2027071,21,Male,High School,YouTube,5.3,1.3,Smartphone,6.2,3,False,Frequently,16.0,77,3.23,Beneficial
STU_2027072,18,Male,Undergraduate,Instagram,2.8,1.5,Smartphone,6.3,2,False,Sometimes,11.0,86,3.53,Beneficial
STU_2027073,17,Female,High School,Snapchat,6.1,2.9,Smartphone,6.2,1,True,Never,9.0,85,3.45,Beneficial
STU_2027074,19,Female,Undergraduate,Snapchat,6.9,2.1,Smartphone,6.1,2,True,Frequently,19.0,77,3.48,Beneficial
STU_2027075,18,Male,Undergraduate,TikTok,5.6,1.9,Smartphone,6.1,2,True,Sometimes,17.0,59,3.7,Beneficial
STU_2027076,18,Male,Undergraduate,Snapchat,4.0,2.2,Smartphone,7.6,3,False,Frequently,7.0,98,3.6,Beneficial
STU_2027077,19,Female,High School,Instagram,8.0,1.7,Smartphone,5.5,2,True,Frequently,15.0,66,3.11,Beneficial
STU_2027078,22,Male,Undergraduate,Instagram,6.3,1.1,Smartphone,5.5,1,True,Sometimes,13.0,74,3.39,Beneficial
STU_2027079,16,Female,High School,Instagram,3.4,2.1,Laptop/PC,7.7,3,True,Always,12.0,95,3.92,Beneficial
STU_2027080,20,Male,Undergraduate,X (Twitter),2.4,2.1,Smartphone,7.0,4,False,Sometimes,4.0,97,3.41,Beneficial
STU_2027081,18,Female,Undergraduate,Instagram,5.9,1.0,Smartphone,6.7,3,True,Frequently,17.0,81,3.65,Beneficial
STU_2027082,17,Male,High School,Instagram,5.9,2.1,Smartphone,6.2,2,True,Rarely,20.0,73,2.57,Neutral
STU_2027083,17,Female,High School,Reddit,6.2,2.0,Smartphone,5.8,2,False,Sometimes,2.0,81,3.08,Beneficial
STU_2027084,20,Female,Undergraduate,YouTube,2.5,0.9,Smartphone,8.0,4,True,Sometimes,13.0,94,3.51,Beneficial
STU_2027085,19,Female,Undergraduate,Instagram,2.1,2.5,Smartphone,7.1,2,True,Sometimes,9.0,94,3.96,Beneficial
STU_2027086,18,Male,Undergraduate,TikTok,4.0,2.8,Smartphone,5.0,2,False,Sometimes,10.0,85,3.58,Beneficial
STU_2027087,18,Male,High School,Instagram,2.3,1.7,Smartphone,7.9,4,True,Sometimes,,98,3.44,Beneficial
STU_2027088,19,Female,Undergraduate,Instagram,3.4,2.4,Smartphone,7.8,3,False,Sometimes,7.0,84,3.77,Beneficial
STU_2027089,20,Male,Undergraduate,Instagram,3.7,2.2,Smartphone,7.1,3,False,Always,10.0,85,3.93,Beneficial
STU_2027090,19,Female,Undergraduate,X (Twitter),7.1,1.4,Smartphone,6.7,1,True,Always,15.0,68,4.0,Beneficial
STU_2027091,20,Male,Undergraduate,YouTube,8.2,2.0,Smartphone,6.4,2,True,Sometimes,18.0,69,3.44,Beneficial
STU_2027092,18,Male,Undergraduate,Instagram,3.3,0.6,Laptop/PC,7.6,3,False,Sometimes,10.0,90,3.55,Beneficial
STU_2027093,20,Male,Undergraduate,Instagram,6.3,1.6,Smartphone,7.3,3,True,Sometimes,12.0,88,3.25,Beneficial
STU_2027094,18,Female,Undergraduate,Instagram,2.8,1.6,Smartphone,6.7,4,False,Always,12.0,86,3.31,Beneficial
STU_2027095,17,Male,High School,TikTok,3.8,1.3,Smartphone,7.5,4,False,Always,7.0,86,3.77,Beneficial
STU_2027096,16,Male,High School,Instagram,5.8,1.3,Smartphone,5.8,2,True,Rarely,25.0,69,3.02,Neutral
STU_2027097,18,Female,Undergraduate,YouTube,4.9,2.1,Smartphone,8.5,4,True,Always,12.0,84,3.86,Beneficial
STU_2027098,16,Female,High School,Reddit,4.2,2.1,Smartphone,5.7,2,False,Sometimes,12.0,91,3.4,Beneficial
STU_2027099,19,Male,Undergraduate,Instagram,10.3,1.2,Smartphone,4.4,1,True,Never,18.0,54,3.22,Neutral
STU_2027100,15,Male,High School,YouTube,10.8,1.1,Smartphone,5.4,1,False,Frequently,27.0,59,2.7,Neutral
STU_2027101,20,Male,Undergraduate,YouTube,10.0,1.5,Smartphone,6.1,2,True,Rarely,30.0,55,2.91,Negative
STU_2027102,18,Female,Undergraduate,TikTok,3.7,1.1,Smartphone,7.7,4,True,Sometimes,8.0,87,4.0,Beneficial
STU_2027103,20,Non-Binary,Undergraduate,Instagram,5.5,1.5,Smartphone,6.6,4,True,Rarely,15.0,81,3.99,Beneficial
STU_2027104,18,Male,Undergraduate,X (Twitter),6.4,2.8,Smartphone,7.0,3,True,Sometimes,11.0,78,3.82,Beneficial
STU_2027105,20,Male,Undergraduate,YouTube,3.4,1.3,Smartphone,8.6,4,False,Frequently,1.0,90,4.0,Beneficial
STU_2027106,16,Male,High School,Snapchat,4.4,2.7,Smartphone,7.3,2,False,Sometimes,10.0,81,3.99,Beneficial
STU_2027107,21,Female,High School,YouTube,1.5,1.4,Smartphone,7.7,4,True,Rarely,7.0,89,4.0,Beneficial
STU_2027108,16,Female,High School,TikTok,5.7,1.0,Laptop/PC,5.6,1,True,Frequently,17.0,66,3.7,Beneficial
STU_2027109,22,Female,Undergraduate,Reddit,3.1,1.4,Smartphone,7.8,4,False,Always,5.0,89,3.58,Beneficial
STU_2027110,23,Female,Postgraduate,TikTok,5.5,1.0,Smartphone,5.1,1,True,Always,9.0,74,3.68,Beneficial
STU_2027111,19,Male,Undergraduate,X (Twitter),9.2,3.1,Laptop/PC,6.0,2,True,Sometimes,,60,3.64,Neutral
STU_2027112,17,Female,High School,Instagram,1.9,1.4,Smartphone,6.5,3,False,Sometimes,6.0,91,4.0,Beneficial
STU_2027113,17,Male,High School,TikTok,8.1,0.8,Smartphone,4.7,1,True,Frequently,15.0,66,3.35,Beneficial
STU_2027114,20,Male,Undergraduate,Instagram,11.9,2.6,Smartphone,4.2,1,True,Sometimes,23.0,57,2.42,Neutral
STU_2027115,18,Female,Undergraduate,LinkedIn,10.9,1.2,Laptop/PC,6.6,1,True,Sometimes,18.0,60,3.28,Neutral
STU_2027116,21,Female,Undergraduate,TikTok,6.4,3.0,Laptop/PC,5.6,2,True,Sometimes,7.0,79,3.81,Beneficial
STU_2027117,20,Female,Undergraduate,Instagram,5.9,2.8,Smartphone,8.1,3,True,Frequently,9.0,83,3.84,Beneficial
STU_2027118,17,Female,High School,YouTube,6.9,2.7,Smartphone,6.6,2,True,Always,10.0,80,2.89,Beneficial
STU_2027119,19,Male,Undergraduate,Instagram,7.5,2.4,Smartphone,5.5,2,True,Always,22.0,73,2.96,Neutral
STU_2027120,19,Male,Undergraduate,TikTok,5.5,2.0,Laptop/PC,7.5,2,True,Sometimes,27.0,72,3.22,Neutral
STU_2027121,21,Female,Undergraduate,Instagram,3.4,1.7,Smartphone,7.2,3,True,Rarely,10.0,98,3.93,Beneficial
STU_2027122,21,Male,Undergraduate,YouTube,2.7,3.1,Smartphone,7.7,3,True,Sometimes,4.0,90,3.63,Beneficial
STU_2027123,18,Prefer not to say,Undergraduate,TikTok,12.6,2.8,Laptop/PC,4.7,1,True,Frequently,36.0,45,2.8,Negative
STU_2027124,18,Female,Undergraduate,YouTube,4.8,0.0,Smartphone,6.8,4,True,Sometimes,13.0,86,3.67,Beneficial
STU_2027125,16,Prefer not to say,High School,Reddit,2.4,0.6,Smartphone,7.2,3,False,Frequently,5.0,81,3.59,Beneficial
STU_2027126,20,Female,Undergraduate,Snapchat,7.6,1.5,Smartphone,6.7,2,True,Rarely,18.0,73,3.44,Beneficial
STU_2027127,19,Female,Undergraduate,YouTube,5.8,2.2,Smartphone,7.0,3,True,Frequently,16.0,80,3.31,Beneficial
STU_2027128,22,Female,Postgraduate,TikTok,8.2,3.0,Laptop/PC,6.0,1,True,Sometimes,20.0,62,3.28,Neutral
STU_2027129,19,Male,Undergraduate,YouTube,7.4,2.1,Smartphone,7.2,3,True,Frequently,19.0,72,3.39,Beneficial
STU_2027130,20,Male,Undergraduate,TikTok,7.1,1.7,Smartphone,6.9,2,True,Always,22.0,68,3.12,Neutral
STU_2027131,18,Female,High School,Snapchat,4.8,1.4,Laptop/PC,7.9,3,False,Sometimes,7.0,87,3.54,Beneficial
STU_2027132,20,Male,Undergraduate,Instagram,5.7,2.2,Smartphone,7.5,4,True,Sometimes,15.0,93,3.23,Beneficial
STU_2027133,20,Female,Undergraduate,Instagram,7.3,1.8,Smartphone,5.2,1,True,Always,18.0,68,2.95,Neutral
STU_2027134,18,Female,Undergraduate,Instagram,6.6,2.1,Smartphone,6.4,2,True,Sometimes,10.0,82,3.15,Beneficial
STU_2027135,18,Female,Undergraduate,TikTok,3.4,1.5,Smartphone,7.0,3,False,Sometimes,14.0,79,3.47,Beneficial
STU_2027136,18,Female,Undergraduate,TikTok,4.7,2.1,Smartphone,6.7,2,False,Sometimes,13.0,87,3.29,Beneficial
STU_2027137,18,Female,Undergraduate,Instagram,6.0,2.5,Laptop/PC,5.9,2,True,Sometimes,18.0,78,3.02,Beneficial
STU_2027138,15,Male,High School,Instagram,3.8,0.2,Smartphone,5.8,2,True,Frequently,13.0,88,3.53,Beneficial
STU_2027139,18,Female,High School,TikTok,3.9,1.9,Smartphone,6.6,3,True,Sometimes,9.0,90,3.41,Beneficial
STU_2027140,18,Male,Undergraduate,YouTube,5.9,0.3,Smartphone,7.0,2,True,Sometimes,18.0,69,3.85,Beneficial
STU_2027141,18,Female,Undergraduate,TikTok,6.0,2.1,Smartphone,6.6,2,True,Rarely,20.0,80,3.53,Beneficial
STU_2027142,18,Male,Undergraduate,TikTok,1.1,2.4,Smartphone,9.4,5,True,Never,4.0,98,3.71,Beneficial
STU_2027143,17,Female,High School,Instagram,5.8,1.2,Smartphone,6.6,2,False,Frequently,10.0,79,4.0,Beneficial
STU_2027144,19,Male,Undergraduate,X (Twitter),4.4,2.6,Smartphone,6.6,3,False,Rarely,11.0,86,3.45,Beneficial
STU_2027145,20,Male,Undergraduate,TikTok,4.9,1.4,Smartphone,6.8,2,False,Rarely,4.0,85,3.53,Beneficial
STU_2027146,15,Male,High School,Instagram,5.9,2.2,Smartphone,5.5,3,True,Sometimes,12.0,77,3.56,Beneficial
STU_2027147,18,Male,Undergraduate,YouTube,3.8,1.5,Smartphone,7.7,4,False,Sometimes,10.0,88,3.85,Beneficial
STU_2027148,19,Male,Undergraduate,TikTok,4.9,1.2,Smartphone,6.3,3,True,Frequently,8.0,93,3.8,Beneficial
STU_2027149,20,Female,Undergraduate,Reddit,3.6,1.6,Laptop/PC,7.1,2,False,Sometimes,12.0,77,3.52,Beneficial
STU_2027150,22,Female,Postgraduate,Reddit,5.4,0.6,Smartphone,5.5,2,True,Sometimes,19.0,66,3.17,Neutral
STU_2027151,18,Male,Undergraduate,Instagram,6.6,2.4,Smartphone,7.0,2,True,Always,12.0,79,3.64,Beneficial
STU_2027152,16,Male,High School,YouTube,4.8,3.1,Smartphone,6.2,2,True,Rarely,18.0,77,3.27,Beneficial
STU_2027153,20,Female,Undergraduate,YouTube,5.7,1.6,Smartphone,6.6,2,True,Rarely,12.0,81,3.64,Beneficial
STU_2027154,16,Non-Binary,High School,Instagram,2.8,1.6,Laptop/PC,8.0,3,False,Frequently,7.0,91,3.05,Beneficial
STU_2027155,17,Female,High School,YouTube,3.3,2.1,Smartphone,6.7,2,True,Always,9.0,86,3.7,Beneficial
STU_2027156,19,Male,Undergraduate,Instagram,5.1,1.2,Smartphone,5.6,1,False,Sometimes,18.0,73,3.67,Beneficial
STU_2027157,20,Female,Undergraduate,TikTok,4.0,3.2,Smartphone,6.7,3,True,Always,11.0,94,3.78,Beneficial
STU_2027158,18,Female,Undergraduate,TikTok,7.7,2.2,Smartphone,6.3,2,True,Frequently,18.0,66,3.35,Beneficial
STU_2027159,20,Male,Undergraduate,X (Twitter),7.8,2.5,Smartphone,6.3,1,True,Rarely,25.0,72,2.85,Neutral
STU_2027160,18,Male,Undergraduate,Instagram,8.3,1.6,Smartphone,5.6,1,True,Sometimes,15.0,70,3.35,Beneficial
STU_2027161,18,Female,Undergraduate,Snapchat,4.5,1.8,Laptop/PC,6.1,2,False,Rarely,14.0,94,3.15,Beneficial
STU_2027162,18,Female,Undergraduate,TikTok,3.1,2.6,Smartphone,7.8,4,False,Frequently,8.0,92,3.8,Beneficial
STU_2027163,19,Male,Undergraduate,Snapchat,6.1,2.5,Smartphone,6.4,3,True,Rarely,10.0,72,3.32,Beneficial
STU_2027164,15,Female,High School,Snapchat,4.3,2.3,Smartphone,7.4,3,False,Frequently,18.0,77,3.97,Beneficial
STU_2027165,19,Female,Undergraduate,TikTok,7.3,2.2,Smartphone,6.0,2,False,Rarely,17.0,67,3.28,Beneficial
STU_2027166,15,Male,High School,Instagram,3.2,1.9,Smartphone,8.3,4,True,Frequently,4.0,98,4.0,Beneficial
STU_2027167,18,Female,Undergraduate,YouTube,3.9,1.1,Laptop/PC,6.0,2,False,Rarely,10.0,81,3.35,Beneficial
STU_2027168,20,Male,Undergraduate,YouTube,5.4,2.7,Smartphone,6.9,2,False,Sometimes,15.0,83,3.24,Beneficial
STU_2027169,19,Female,Undergraduate,Snapchat,3.1,3.6,Smartphone,8.4,3,True,Sometimes,4.0,98,4.0,Beneficial
STU_2027170,18,Male,Undergraduate,Reddit,3.3,2.9,Smartphone,7.0,3,False,Always,5.0,86,3.8,Beneficial
STU_2027171,21,Female,High School,TikTok,6.1,3.8,Smartphone,7.3,1,False,Always,16.0,78,3.9,Beneficial
STU_2027172,17,Male,High School,YouTube,4.8,4.1,Smartphone,7.2,2,False,Sometimes,15.0,78,2.87,Beneficial
STU_2027173,18,Prefer not to say,Undergraduate,TikTok,2.6,1.7,Smartphone,5.7,2,True,Frequently,9.0,91,3.74,Beneficial
STU_2027174,19,Female,Undergraduate,TikTok,6.1,1.0,Smartphone,6.7,1,False,Sometimes,16.0,77,3.5,Beneficial
STU_2027175,16,Male,High School,Instagram,9.3,2.5,Smartphone,6.0,2,True,Sometimes,25.0,52,3.22,Neutral
STU_2027176,17,Male,High School,TikTok,3.8,1.4,Smartphone,6.5,2,False,Frequently,10.0,89,3.4,Beneficial
STU_2027177,19,Female,Undergraduate,Reddit,3.0,2.6,Tablet,8.3,3,False,Frequently,0.0,98,3.62,Beneficial
STU_2027178,15,Female,High School,YouTube,6.5,0.7,Smartphone,6.8,2,True,Sometimes,14.0,76,3.72,Beneficial
STU_2027179,17,Male,High School,Instagram,4.9,2.2,Smartphone,5.1,1,False,Always,18.0,72,3.47,Beneficial
STU_2027180,20,Female,Undergraduate,Instagram,4.9,1.8,Smartphone,7.6,2,False,Sometimes,18.0,73,3.5,Beneficial
STU_2027181,17,Male,High School,Snapchat,4.0,2.5,Smartphone,7.7,4,True,Rarely,8.0,92,3.5,Beneficial
STU_2027182,19,Male,Undergraduate,Instagram,9.0,3.1,Smartphone,7.2,2,True,Sometimes,20.0,76,3.49,Beneficial
STU_2027183,20,Female,Undergraduate,TikTok,8.6,1.1,Smartphone,5.5,2,False,Frequently,15.0,68,3.16,Beneficial
STU_2027184,18,Female,Undergraduate,YouTube,4.5,2.3,Smartphone,7.1,3,False,Frequently,8.0,86,4.0,Beneficial
STU_2027185,18,Male,Undergraduate,Instagram,5.5,2.7,Tablet,6.2,2,True,Sometimes,13.0,83,3.43,Beneficial
STU_2027186,15,Male,High School,Instagram,3.0,1.8,Laptop/PC,6.9,4,False,Frequently,5.0,94,3.7,Beneficial
STU_2027187,20,Male,Undergraduate,X (Twitter),5.7,2.1,Smartphone,6.8,3,True,Never,13.0,81,3.43,Beneficial
STU_2027188,19,Male,Undergraduate,Instagram,3.5,2.8,Smartphone,7.8,3,False,Frequently,7.0,98,3.39,Beneficial
STU_2027189,16,Male,High School,Snapchat,4.9,1.5,Smartphone,7.5,2,False,Sometimes,3.0,85,3.81,Beneficial
STU_2027190,16,Female,High School,Instagram,4.6,0.8,Smartphone,5.7,2,True,Sometimes,15.0,76,3.27,Beneficial
STU_2027191,20,Male,Undergraduate,TikTok,2.6,1.8,Smartphone,6.1,2,False,Never,16.0,81,3.78,Beneficial
STU_2027192,19,Male,Undergraduate,TikTok,14.0,1.6,Smartphone,3.0,1,True,Rarely,34.0,32,2.02,Negative
STU_2027193,19,Male,Undergraduate,Snapchat,8.8,1.4,Smartphone,6.1,1,True,Sometimes,22.0,61,2.74,Neutral
STU_2027194,17,Female,High School,YouTube,7.5,2.9,Smartphone,6.6,3,True,Frequently,18.0,69,3.55,Beneficial
STU_2027195,19,Male,Undergraduate,TikTok,5.5,2.2,Smartphone,5.9,2,True,Sometimes,16.0,70,2.8,Neutral
STU_2027196,23,Male,Postgraduate,Instagram,6.9,2.2,Smartphone,6.0,1,True,Frequently,9.0,73,3.34,Beneficial
STU_2027197,17,Male,High School,Instagram,4.9,1.4,Smartphone,7.6,2,True,Always,13.0,82,3.66,Beneficial
STU_2027198,19,Female,Undergraduate,Instagram,2.1,3.7,Laptop/PC,6.8,2,False,Sometimes,6.0,98,3.89,Beneficial
STU_2027199,19,Female,Undergraduate,TikTok,5.0,2.4,Smartphone,7.0,2,True,Always,4.0,80,3.53,Beneficial
STU_2027200,19,Female,Undergraduate,Instagram,13.9,1.2,Smartphone,3.0,1,True,Sometimes,36.0,38,1.97,Negative
STU_2027201,20,Female,Undergraduate,Snapchat,5.7,1.6,Tablet,8.0,3,True,Frequently,17.0,87,3.58,Beneficial
STU_2027202,15,Male,High School,Instagram,3.1,1.9,Smartphone,6.6,3,False,Rarely,7.0,86,3.98,Beneficial
STU_2027203,18,Male,Undergraduate,YouTube,7.3,2.1,Smartphone,5.5,1,True,Sometimes,18.0,72,3.37,Beneficial
STU_2027204,17,Male,High School,YouTube,3.3,0.5,Laptop/PC,7.9,2,True,Sometimes,9.0,86,3.39,Beneficial
STU_2027205,17,Female,High School,YouTube,8.8,2.9,Smartphone,5.6,1,True,Always,13.0,59,2.52,Neutral
STU_2027206,20,Female,Undergraduate,Instagram,4.1,2.4,Smartphone,7.2,3,True,Frequently,10.0,72,3.22,Beneficial
STU_2027207,18,Male,Undergraduate,YouTube,6.7,2.4,Smartphone,5.5,2,True,Sometimes,17.0,82,,Beneficial
STU_2027208,20,Male,Undergraduate,TikTok,2.5,2.1,Smartphone,7.1,2,True,Frequently,12.0,96,3.91,Beneficial
STU_2027209,20,Male,Undergraduate,Instagram,2.3,2.7,Laptop/PC,7.0,2,True,Rarely,6.0,90,4.0,Beneficial
STU_2027210,20,Non-Binary,Undergraduate,Instagram,3.4,2.7,Smartphone,8.2,4,True,Always,11.0,86,4.0,Beneficial
STU_2027211,18,Female,Undergraduate,TikTok,3.9,1.7,Laptop/PC,6.4,3,False,Never,12.0,88,3.78,Beneficial
STU_2027212,22,Non-Binary,Postgraduate,Snapchat,2.5,2.3,Smartphone,7.2,4,False,Rarely,8.0,98,3.68,Beneficial
STU_2027213,18,Male,Undergraduate,TikTok,3.6,2.2,Smartphone,7.2,3,False,Never,13.0,91,3.77,Beneficial
STU_2027214,18,Male,Undergraduate,TikTok,6.3,3.1,Smartphone,7.1,2,True,Sometimes,14.0,78,3.04,Beneficial
STU_2027215,18,Prefer not to say,Undergraduate,Instagram,5.9,1.5,Smartphone,7.8,3,True,Sometimes,15.0,75,2.96,Beneficial
STU_2027216,18,Male,Undergraduate,Instagram,7.2,2.4,Smartphone,6.1,1,True,Never,12.0,80,3.22,Beneficial
STU_2027217,20,Female,Undergraduate,YouTube,5.9,2.2,Laptop/PC,6.4,2,True,Always,14.0,73,3.53,Beneficial
STU_2027218,17,Female,High School,Snapchat,4.0,1.7,Smartphone,7.1,2,True,Frequently,14.0,83,3.89,Beneficial
STU_2027219,21,Male,Undergraduate,Instagram,4.5,1.1,Smartphone,6.9,3,True,Frequently,16.0,72,3.88,Beneficial
STU_2027220,15,Male,High School,Snapchat,7.0,1.5,Smartphone,5.1,1,True,Sometimes,22.0,52,3.33,Neutral
STU_2027221,20,Male,Undergraduate,YouTube,3.8,2.6,Smartphone,8.4,3,False,Always,10.0,86,3.7,Beneficial
STU_2027222,19,Female,High School,Instagram,4.9,1.9,Laptop/PC,5.5,1,True,Sometimes,16.0,65,3.53,Beneficial
STU_2027223,20,Female,Undergraduate,YouTube,6.7,1.6,Smartphone,6.2,1,True,Sometimes,11.0,88,3.06,Beneficial
STU_2027224,17,Female,High School,YouTube,5.9,1.3,Smartphone,5.8,2,True,Frequently,16.0,76,2.94,Beneficial
STU_2027225,20,Female,Undergraduate,Snapchat,10.6,1.8,Smartphone,4.4,1,True,Sometimes,18.0,57,3.16,Neutral
STU_2027226,17,Female,High School,Snapchat,10.2,0.8,Smartphone,4.1,1,False,Frequently,30.0,58,2.77,Negative
STU_2027227,18,Male,Undergraduate,TikTok,2.1,1.2,Smartphone,7.7,3,True,Frequently,6.0,80,3.5,Beneficial
STU_2027228,15,Female,High School,TikTok,1.9,0.8,Smartphone,7.9,3,True,Frequently,0.0,98,4.0,Beneficial
STU_2027229,21,Female,Undergraduate,TikTok,8.3,2.9,Smartphone,6.3,2,True,Sometimes,19.0,69,3.38,Beneficial
STU_2027230,17,Female,High School,Instagram,4.1,1.4,Smartphone,6.0,3,False,Always,10.0,84,3.23,Beneficial
STU_2027231,18,Male,Undergraduate,Instagram,4.4,1.9,Smartphone,7.6,3,True,Rarely,6.0,98,3.91,Beneficial
STU_2027232,20,Male,Undergraduate,TikTok,5.5,1.3,Laptop/PC,6.4,4,True,Sometimes,13.0,77,3.37,Beneficial
STU_2027233,16,Male,High School,Snapchat,10.1,2.6,Laptop/PC,6.3,2,True,Sometimes,27.0,62,2.4,Neutral
STU_2027234,17,Female,High School,Instagram,6.1,2.6,Smartphone,5.9,1,True,Sometimes,21.0,75,3.4,Beneficial
STU_2027235,23,Male,Undergraduate,YouTube,5.5,1.1,Smartphone,6.1,3,True,Rarely,8.0,93,3.4,Beneficial
STU_2027236,17,Female,High School,Instagram,4.8,0.9,Smartphone,6.5,2,False,Sometimes,8.0,90,,Beneficial
STU_2027237,20,Male,Undergraduate,TikTok,2.8,2.4,Smartphone,8.4,4,False,Sometimes,5.0,96,3.86,Beneficial
STU_2027238,19,Female,Undergraduate,Snapchat,7.2,2.0,Smartphone,6.0,2,False,Sometimes,15.0,71,3.08,Beneficial
STU_2027239,19,Female,Undergraduate,Instagram,8.6,1.9,Smartphone,6.1,3,True,Sometimes,21.0,72,3.31,Beneficial
STU_2027240,18,Male,Undergraduate,X (Twitter),6.7,3.9,Smartphone,6.2,2,True,Frequently,5.0,82,3.1,Beneficial
STU_2027241,19,Female,Undergraduate,TikTok,8.0,2.5,Smartphone,7.0,1,True,Always,18.0,69,2.91,Neutral
STU_2027242,15,Female,High School,Snapchat,5.1,1.9,Smartphone,6.1,3,True,Rarely,17.0,80,3.28,Beneficial
STU_2027243,21,Female,Undergraduate,TikTok,13.2,1.0,Laptop/PC,3.3,1,True,Sometimes,36.0,52,2.72,Negative
STU_2027244,21,Female,Undergraduate,TikTok,2.8,1.2,Smartphone,7.9,3,True,Rarely,,90,3.3,Beneficial
STU_2027245,19,Prefer not to say,Undergraduate,YouTube,4.0,2.4,Smartphone,6.8,3,False,Frequently,9.0,84,3.97,Beneficial
STU_2027246,17,Male,High School,Instagram,6.3,2.5,Smartphone,5.8,2,True,Frequently,13.0,69,3.29,Beneficial
STU_2027247,18,Female,Undergraduate,TikTok,3.5,2.3,Smartphone,8.1,3,True,Sometimes,8.0,94,3.37,Beneficial
STU_2027248,19,Female,High School,Instagram,3.1,0.7,Laptop/PC,6.9,4,False,Sometimes,8.0,84,3.93,Beneficial
STU_2027249,18,Male,Undergraduate,Instagram,4.5,2.7,Laptop/PC,6.1,3,False,Rarely,8.0,81,3.54,Beneficial
STU_2027250,16,Female,High School,Instagram,7.5,2.2,Smartphone,5.9,2,True,Rarely,16.0,78,2.81,Beneficial
STU_2027251,24,Female,Postgraduate,TikTok,3.1,2.4,Smartphone,7.9,4,False,Sometimes,9.0,89,3.53,Beneficial
STU_2027252,24,Male,Postgraduate,Instagram,4.1,1.7,Smartphone,7.5,3,False,Frequently,9.0,86,2.98,Beneficial
STU_2027253,19,Female,Undergraduate,X (Twitter),5.6,1.4,Smartphone,6.4,3,True,Sometimes,15.0,74,3.29,Beneficial
STU_2027254,18,Female,Undergraduate,Instagram,3.2,1.7,Laptop/PC,7.7,4,False,Sometimes,6.0,98,,Beneficial
STU_2027255,18,Male,Undergraduate,YouTube,14.0,2.1,Smartphone,4.6,1,False,Sometimes,31.0,41,2.59,Negative
STU_2027256,16,Prefer not to say,High School,Instagram,2.3,2.5,Smartphone,7.3,3,True,Rarely,6.0,98,3.44,Beneficial
STU_2027257,18,Male,Undergraduate,Instagram,8.4,2.0,Smartphone,6.1,1,False,Sometimes,24.0,69,3.04,Neutral
STU_2027258,20,Male,Undergraduate,Instagram,4.4,2.3,Smartphone,7.1,3,False,Sometimes,10.0,67,3.49,Beneficial
STU_2027259,18,Female,Undergraduate,YouTube,3.2,1.9,Smartphone,8.7,3,False,Rarely,4.0,91,3.8,Beneficial
STU_2027260,22,Female,Postgraduate,TikTok,5.9,2.0,Smartphone,6.0,1,False,Rarely,5.0,84,3.25,Beneficial
STU_2027261,20,Male,Undergraduate,Instagram,6.0,2.0,Laptop/PC,4.0,1,True,Never,21.0,60,3.33,Neutral
STU_2027262,19,Male,Undergraduate,Instagram,3.6,1.8,Smartphone,7.5,4,True,Sometimes,14.0,94,3.26,Beneficial
STU_2027263,16,Female,High School,Instagram,3.3,1.7,Smartphone,6.6,3,False,Sometimes,9.0,83,3.31,Beneficial
STU_2027264,19,Female,Undergraduate,TikTok,4.1,1.6,Smartphone,5.4,2,True,Frequently,16.0,68,3.27,Beneficial
STU_2027265,19,Male,Undergraduate,YouTube,3.1,1.1,Smartphone,7.6,3,False,Frequently,3.0,90,3.46,Beneficial
STU_2027266,19,Female,Undergraduate,YouTube,4.8,1.6,Smartphone,7.7,2,False,Rarely,13.0,88,3.17,Beneficial
STU_2027267,18,Male,Undergraduate,Instagram,3.9,1.8,Smartphone,7.1,3,False,Always,7.0,81,3.5,Beneficial
STU_2027268,17,Male,High School,TikTok,3.4,2.1,Laptop/PC,7.7,4,False,Sometimes,2.0,91,4.0,Beneficial
STU_2027269,24,Male,Postgraduate,TikTok,5.1,2.5,Smartphone,6.0,2,False,Always,16.0,80,3.82,Beneficial
STU_2027270,17,Female,High School,Instagram,9.9,2.8,Smartphone,6.8,2,True,Sometimes,29.0,65,3.07,Neutral
STU_2027271,18,Male,High School,TikTok,4.3,2.2,Smartphone,5.7,2,True,Sometimes,15.0,77,3.68,Beneficial
STU_2027272,21,Female,Undergraduate,X (Twitter),9.9,2.3,Smartphone,3.5,1,False,Never,22.0,55,2.43,Neutral
STU_2027273,21,Female,Undergraduate,Snapchat,5.7,0.6,Smartphone,6.7,3,True,Rarely,,80,3.11,Beneficial
STU_2027274,20,Male,Undergraduate,YouTube,2.8,2.3,Smartphone,7.5,3,False,Frequently,9.0,98,3.57,Beneficial
STU_2027275,15,Male,High School,X (Twitter),5.0,1.4,Smartphone,5.7,2,True,Sometimes,3.0,86,3.78,Beneficial
STU_2027276,17,Female,High School,Instagram,5.1,1.8,Laptop/PC,6.4,2,True,Frequently,13.0,59,3.43,Beneficial
STU_2027277,19,Female,Undergraduate,TikTok,1.7,1.9,Smartphone,7.1,3,True,Rarely,4.0,98,3.55,Beneficial
STU_2027278,20,Female,Undergraduate,LinkedIn,2.8,1.2,Smartphone,5.7,2,True,Frequently,19.0,81,3.08,Beneficial
STU_2027279,20,Female,High School,Instagram,3.6,2.5,Smartphone,6.5,2,False,Sometimes,11.0,88,3.53,Beneficial
STU_2027280,20,Female,Undergraduate,LinkedIn,3.1,1.5,Smartphone,8.4,4,False,Frequently,0.0,93,3.7,Beneficial
STU_2027281,19,Female,Undergraduate,TikTok,4.5,1.3,Smartphone,6.2,1,False,Always,3.0,87,3.52,Beneficial
STU_2027282,17,Female,High School,Snapchat,5.9,1.7,Smartphone,6.9,2,True,Sometimes,9.0,89,3.55,Beneficial
STU_2027283,19,Male,Undergraduate,Instagram,5.1,2.6,Laptop/PC,7.7,3,False,Always,15.0,78,3.63,Beneficial
STU_2027284,19,Male,Undergraduate,LinkedIn,2.4,1.6,Smartphone,8.5,5,False,Never,0.0,98,4.0,Beneficial
STU_2027285,17,Female,High School,YouTube,3.2,1.4,Smartphone,7.3,2,True,Never,8.0,95,3.29,Beneficial
STU_2027286,16,Female,High School,LinkedIn,10.5,2.5,Smartphone,4.9,1,False,Sometimes,18.0,61,3.07,Neutral
STU_2027287,22,Female,Postgraduate,Instagram,13.4,1.6,Laptop/PC,5.5,1,True,Frequently,24.0,51,2.82,Neutral
STU_2027288,21,Male,Undergraduate,TikTok,10.4,0.9,Smartphone,3.3,1,False,Frequently,23.0,54,3.59,Neutral
STU_2027289,22,Female,Postgraduate,TikTok,4.8,1.4,Smartphone,7.2,2,False,Sometimes,13.0,89,3.3,Beneficial
STU_2027290,21,Male,Undergraduate,TikTok,2.8,0.8,Smartphone,7.1,4,False,Always,14.0,94,3.8,Beneficial
STU_2027291,17,Female,High School,Reddit,4.8,1.4,Laptop/PC,6.1,2,True,Sometimes,19.0,89,4.0,Beneficial
STU_2027292,20,Female,Undergraduate,Snapchat,3.4,1.2,Smartphone,9.0,3,False,Frequently,0.0,98,3.81,Beneficial
STU_2027293,19,Male,Undergraduate,TikTok,3.7,2.5,Smartphone,7.6,3,True,Rarely,16.0,80,3.43,Beneficial
STU_2027294,19,Male,Undergraduate,YouTube,8.5,2.3,Smartphone,5.4,1,True,Rarely,21.0,75,3.21,Beneficial
STU_2027295,19,Female,Undergraduate,TikTok,3.5,1.2,Smartphone,6.8,3,True,Frequently,14.0,87,3.29,Beneficial
STU_2027296,18,Male,Undergraduate,Instagram,2.6,2.3,Laptop/PC,7.2,3,False,Sometimes,10.0,89,3.84,Beneficial
STU_2027297,18,Female,Undergraduate,Instagram,3.6,1.7,Smartphone,7.8,3,False,Never,14.0,74,3.34,Beneficial
STU_2027298,17,Female,High School,Instagram,7.6,1.3,Smartphone,6.4,1,True,Rarely,18.0,71,3.35,Beneficial
STU_2027299,19,Non-Binary,Undergraduate,TikTok,5.7,1.6,Smartphone,7.1,3,False,Always,15.0,89,3.08,Beneficial
STU_2027300,16,Non-Binary,High School,Reddit,4.9,1.9,Laptop/PC,8.9,3,False,Sometimes,14.0,91,3.55,Beneficial
STU_2027301,19,Female,High School,TikTok,10.6,2.1,Smartphone,4.8,1,True,Sometimes,23.0,61,2.94,Neutral
STU_2027302,19,Male,Undergraduate,TikTok,3.6,1.6,Smartphone,7.5,3,False,Rarely,9.0,86,3.57,Beneficial
STU_2027303,19,Prefer not to say,Undergraduate,YouTube,8.0,1.0,Laptop/PC,5.8,1,True,Sometimes,21.0,60,2.89,Neutral
STU_2027304,22,Female,Postgraduate,Instagram,5.2,2.8,Smartphone,6.5,3,False,Always,0.0,84,3.35,Beneficial
STU_2027305,18,Male,Undergraduate,Snapchat,3.6,2.6,Smartphone,7.3,3,False,Sometimes,15.0,94,3.57,Beneficial
STU_2027306,16,Female,High School,Reddit,13.1,1.6,Smartphone,5.5,1,False,Frequently,22.0,55,2.35,Neutral
STU_2027307,16,Female,High School,Instagram,4.7,1.3,Smartphone,7.5,4,False,Sometimes,13.0,93,3.59,Beneficial
STU_2027308,20,Female,Undergraduate,Snapchat,2.7,1.5,Smartphone,5.9,2,True,Frequently,4.0,88,3.38,Beneficial
STU_2027309,20,Female,Undergraduate,TikTok,4.4,3.0,Smartphone,7.0,3,False,Sometimes,10.0,94,3.61,Beneficial
STU_2027310,18,Male,Undergraduate,X (Twitter),4.4,2.1,Laptop/PC,8.6,3,True,Sometimes,4.0,83,3.06,Beneficial
STU_2027311,17,Female,High School,TikTok,3.8,2.3,Smartphone,7.0,3,False,Sometimes,8.0,85,3.53,Beneficial
STU_2027312,20,Female,Undergraduate,YouTube,3.4,2.9,Smartphone,7.1,2,False,Always,17.0,88,3.84,Beneficial
STU_2027313,18,Male,Undergraduate,YouTube,11.3,0.8,Smartphone,5.0,1,True,Sometimes,36.0,46,2.99,Negative
STU_2027314,16,Female,High School,TikTok,5.2,1.9,Smartphone,7.1,4,True,Frequently,,76,3.44,Beneficial
STU_2027315,20,Female,Undergraduate,YouTube,4.8,2.3,Laptop/PC,7.7,3,False,Rarely,15.0,85,3.63,Beneficial
STU_2027316,20,Male,High School,Snapchat,3.4,1.4,Smartphone,10.1,5,True,Sometimes,4.0,98,4.0,Beneficial
STU_2027317,24,Male,Postgraduate,Instagram,5.9,2.4,Smartphone,6.9,2,True,Frequently,17.0,77,3.71,Beneficial
STU_2027318,18,Male,Undergraduate,LinkedIn,4.7,2.7,Laptop/PC,7.0,2,True,Frequently,18.0,86,3.47,Beneficial
STU_2027319,20,Female,Undergraduate,Instagram,2.7,3.1,Smartphone,7.7,3,False,Frequently,10.0,96,3.43,Beneficial
STU_2027320,16,Female,High School,Reddit,7.3,2.5,Smartphone,6.3,2,True,Sometimes,19.0,68,3.62,Beneficial
STU_2027321,18,Male,Undergraduate,Instagram,4.7,2.8,Smartphone,7.2,3,False,Rarely,11.0,82,3.57,Beneficial
STU_2027322,19,Male,Undergraduate,YouTube,5.9,2.4,Smartphone,7.5,3,True,Sometimes,15.0,85,3.63,Beneficial
STU_2027323,20,Female,Undergraduate,LinkedIn,5.2,1.4,Smartphone,6.1,2,True,Never,21.0,65,3.18,Neutral
STU_2027324,21,Female,Undergraduate,Instagram,2.7,1.1,Smartphone,8.7,4,False,Always,4.0,96,4.0,Beneficial
STU_2027325,20,Male,Undergraduate,Instagram,6.7,2.9,Smartphone,6.1,2,False,Sometimes,14.0,76,3.46,Beneficial
STU_2027326,20,Female,Undergraduate,TikTok,12.4,1.1,Smartphone,3.0,1,False,Always,31.0,49,2.4,Negative
STU_2027327,17,Male,High School,TikTok,4.8,1.9,Laptop/PC,7.0,3,True,Sometimes,15.0,84,3.34,Beneficial
STU_2027328,18,Male,Undergraduate,YouTube,4.6,2.7,Smartphone,7.4,3,True,Sometimes,8.0,83,3.6,Beneficial
STU_2027329,18,Male,Undergraduate,YouTube,2.3,2.7,Smartphone,6.4,3,False,Sometimes,10.0,98,3.56,Beneficial
STU_2027330,17,Female,High School,Snapchat,2.8,2.6,Smartphone,8.1,4,False,Always,7.0,98,3.98,Beneficial
STU_2027331,17,Female,High School,Instagram,2.3,1.7,Smartphone,6.7,3,False,Always,12.0,93,3.95,Beneficial
STU_2027332,21,Female,Undergraduate,TikTok,8.2,2.4,Smartphone,6.6,2,True,Sometimes,22.0,70,3.53,Beneficial
STU_2027333,17,Prefer not to say,High School,Instagram,8.7,2.0,Smartphone,3.8,1,True,Rarely,14.0,69,2.79,Beneficial
STU_2027334,18,Male,Undergraduate,YouTube,5.4,2.2,Smartphone,7.1,3,True,Frequently,14.0,75,3.12,Beneficial
STU_2027335,19,Female,Undergraduate,TikTok,5.5,1.9,Smartphone,6.1,2,True,Frequently,21.0,65,2.71,Neutral
STU_2027336,15,Male,High School,Reddit,12.2,2.5,Laptop/PC,4.2,1,True,Always,29.0,45,2.28,Negative
STU_2027337,18,Male,Undergraduate,TikTok,3.5,0.8,Smartphone,7.8,4,False,Sometimes,16.0,96,3.69,Beneficial
STU_2027338,18,Female,Undergraduate,Snapchat,4.7,1.3,Laptop/PC,7.5,3,False,Sometimes,11.0,81,3.56,Beneficial
STU_2027339,19,Male,Undergraduate,Instagram,11.3,0.9,Smartphone,4.9,1,True,Always,27.0,48,2.6,Negative
STU_2027340,21,Male,Undergraduate,YouTube,4.5,1.7,Smartphone,6.4,2,False,Sometimes,12.0,74,3.48,Beneficial
STU_2027341,19,Male,Undergraduate,Snapchat,2.5,2.4,Smartphone,8.1,4,False,Always,10.0,97,3.5,Beneficial
STU_2027342,18,Female,Undergraduate,TikTok,1.9,1.8,Smartphone,7.3,3,False,Always,10.0,94,3.77,Beneficial
STU_2027343,18,Male,Undergraduate,YouTube,5.9,1.9,Smartphone,6.0,2,True,Frequently,20.0,69,3.67,Beneficial
STU_2027344,17,Female,High School,Instagram,8.5,2.1,Smartphone,5.7,1,True,Sometimes,24.0,63,2.9,Neutral
STU_2027345,26,Female,Postgraduate,Snapchat,5.0,2.2,Smartphone,6.9,2,True,Frequently,12.0,87,3.63,Beneficial
STU_2027346,18,Female,High School,Instagram,2.2,0.5,Smartphone,9.0,5,True,Rarely,0.0,98,3.79,Beneficial
STU_2027347,19,Male,Undergraduate,Instagram,1.9,1.8,Laptop/PC,8.9,3,False,Always,0.0,98,3.65,Beneficial
STU_2027348,18,Male,High School,TikTok,5.7,2.9,Laptop/PC,5.4,3,True,Rarely,18.0,63,3.03,Neutral
STU_2027349,18,Female,Undergraduate,Instagram,2.5,3.0,Smartphone,7.0,4,True,Frequently,13.0,93,3.67,Beneficial
STU_2027350,19,Female,Undergraduate,Instagram,3.7,1.6,Smartphone,6.9,2,True,Sometimes,14.0,83,3.63,Beneficial
STU_2027351,17,Male,High School,Instagram,12.2,1.7,Smartphone,3.5,1,True,Sometimes,27.0,53,3.13,Neutral
STU_2027352,18,Female,Undergraduate,Snapchat,2.5,1.4,Smartphone,8.9,4,True,Never,4.0,97,4.0,Beneficial
STU_2027353,22,Male,Postgraduate,Instagram,3.6,3.0,Smartphone,7.5,4,False,Rarely,16.0,96,3.4,Beneficial
STU_2027354,17,Female,High School,YouTube,14.0,2.1,Smartphone,3.2,1,True,Always,32.0,36,2.56,Negative
STU_2027355,19,Female,Undergraduate,Instagram,7.0,1.2,Smartphone,5.7,2,True,Never,20.0,73,3.35,Beneficial
STU_2027356,18,Male,Undergraduate,TikTok,3.2,2.0,Smartphone,8.6,3,True,Frequently,17.0,98,4.0,Beneficial
STU_2027357,18,Female,Undergraduate,Instagram,2.3,1.1,Smartphone,7.3,3,False,Rarely,13.0,89,3.44,Beneficial
STU_2027358,18,Male,Undergraduate,Instagram,3.4,2.1,Smartphone,7.6,2,True,Frequently,8.0,94,3.35,Beneficial
STU_2027359,15,Female,High School,Instagram,5.0,1.2,Smartphone,6.3,2,True,Rarely,13.0,77,3.62,Beneficial
STU_2027360,16,Male,High School,YouTube,3.4,0.6,Smartphone,6.7,3,False,Sometimes,16.0,78,3.43,Beneficial
STU_2027361,17,Male,High School,YouTube,5.0,1.7,Smartphone,7.1,2,False,Sometimes,12.0,72,3.66,Beneficial
STU_2027362,15,Female,High School,YouTube,5.5,2.9,Smartphone,4.5,1,True,Frequently,22.0,66,3.45,Neutral
STU_2027363,18,Female,Undergraduate,Instagram,4.6,1.2,Smartphone,6.6,2,True,Rarely,16.0,77,3.76,Beneficial
STU_2027364,20,Female,Undergraduate,Instagram,2.6,2.3,Laptop/PC,7.0,3,False,Rarely,6.0,86,4.0,Beneficial
STU_2027365,18,Female,Undergraduate,Instagram,7.2,2.7,Smartphone,7.5,2,True,Sometimes,16.0,85,3.26,Beneficial
STU_2027366,17,Female,High School,Instagram,4.3,0.4,Laptop/PC,6.0,3,False,Rarely,12.0,76,3.9,Beneficial
STU_2027367,16,Female,High School,Snapchat,4.5,2.4,Smartphone,6.5,2,False,Never,5.0,80,3.56,Beneficial
STU_2027368,17,Female,High School,Snapchat,1.5,1.9,Laptop/PC,8.6,4,True,Never,0.0,98,3.7,Beneficial
STU_2027369,15,Male,High School,Snapchat,3.8,2.0,Smartphone,8.1,3,False,Sometimes,2.0,93,3.73,Beneficial
STU_2027370,18,Female,Undergraduate,Instagram,8.7,2.2,Laptop/PC,5.8,2,True,Always,25.0,73,2.27,Neutral
STU_2027371,20,Male,Undergraduate,YouTube,2.0,0.2,Smartphone,7.2,3,False,Frequently,9.0,98,3.55,Beneficial
STU_2027372,18,Female,Undergraduate,Instagram,6.7,2.3,Smartphone,6.5,2,True,Sometimes,20.0,76,3.29,Beneficial
STU_2027373,20,Male,Undergraduate,TikTok,6.7,0.3,Smartphone,7.3,3,True,Always,16.0,73,3.54,Beneficial
STU_2027374,18,Male,Undergraduate,Instagram,9.3,1.9,Smartphone,4.2,1,True,Sometimes,18.0,70,2.82,Neutral
STU_2027375,20,Male,Undergraduate,TikTok,11.8,1.9,Smartphone,4.6,1,True,Always,21.0,55,2.81,Neutral
STU_2027376,19,Female,Undergraduate,Instagram,5.8,2.5,Smartphone,6.6,2,False,Frequently,18.0,67,3.17,Beneficial
STU_2027377,20,Male,Undergraduate,Instagram,6.1,2.5,Smartphone,6.7,1,True,Sometimes,23.0,82,2.9,Neutral
STU_2027378,18,Male,Undergraduate,Snapchat,3.2,2.4,Smartphone,7.8,3,False,Sometimes,9.0,87,3.53,Beneficial
STU_2027379,19,Female,Undergraduate,TikTok,4.1,2.9,Smartphone,5.3,1,True,Never,20.0,90,3.33,Beneficial
STU_2027380,21,Male,Undergraduate,Snapchat,4.3,1.4,Smartphone,6.0,3,False,Frequently,15.0,85,3.44,Beneficial
STU_2027381,17,Female,High School,TikTok,3.0,1.9,Smartphone,6.0,2,False,Rarely,16.0,94,3.6,Beneficial
STU_2027382,21,Female,Undergraduate,YouTube,3.3,2.4,Smartphone,7.6,3,False,Sometimes,6.0,92,3.42,Beneficial
STU_2027383,20,Male,Undergraduate,YouTube,3.8,1.1,Smartphone,8.3,4,False,Frequently,3.0,96,4.0,Beneficial
STU_2027384,19,Female,Undergraduate,TikTok,2.3,2.1,Smartphone,7.9,4,False,Sometimes,12.0,80,3.71,Beneficial
STU_2027385,23,Female,Undergraduate,YouTube,6.6,1.5,Smartphone,5.6,1,True,Rarely,14.0,69,3.63,Beneficial
STU_2027386,19,Female,Undergraduate,Instagram,3.9,2.1,Smartphone,8.0,3,True,Never,1.0,96,3.84,Beneficial
STU_2027387,17,Male,High School,TikTok,5.8,0.9,Smartphone,5.6,2,True,Always,25.0,70,3.04,Neutral
STU_2027388,22,Female,Postgraduate,Snapchat,10.3,0.9,Smartphone,5.4,1,True,Rarely,27.0,69,2.95,Neutral
STU_2027389,18,Male,Undergraduate,TikTok,5.0,2.6,Smartphone,5.7,2,True,Rarely,10.0,69,3.58,Beneficial
STU_2027390,22,Female,Postgraduate,Snapchat,3.1,1.8,Laptop/PC,5.3,2,True,Always,17.0,71,3.35,Beneficial
STU_2027391,18,Male,Undergraduate,YouTube,8.7,1.8,Laptop/PC,5.0,2,True,Frequently,24.0,68,3.14,Neutral
STU_2027392,20,Female,Undergraduate,Reddit,14.0,1.9,Laptop/PC,3.0,1,True,Frequently,40.0,34,2.39,Negative
STU_2027393,18,Male,Undergraduate,YouTube,7.3,2.6,Smartphone,7.6,3,True,Frequently,18.0,78,3.09,Beneficial
STU_2027394,17,Male,High School,Instagram,5.1,0.6,Smartphone,5.5,1,True,Always,5.0,81,3.74,Beneficial
STU_2027395,21,Female,Undergraduate,TikTok,6.5,1.8,Laptop/PC,5.2,1,False,Rarely,17.0,71,3.46,Beneficial
STU_2027396,18,Female,High School,YouTube,6.5,0.2,Smartphone,7.0,2,True,Rarely,14.0,83,3.09,Beneficial
STU_2027397,16,Female,High School,Instagram,4.6,1.1,Smartphone,5.4,1,True,Always,11.0,73,3.2,Beneficial
STU_2027398,20,Male,Undergraduate,TikTok,7.0,1.3,Tablet,5.3,2,True,Always,18.0,67,3.1,Neutral
STU_2027399,23,Female,Undergraduate,TikTok,4.0,2.1,Smartphone,7.0,3,True,Rarely,12.0,88,3.54,Beneficial
STU_2027400,15,Male,High School,YouTube,3.1,1.6,Smartphone,6.5,3,True,Always,15.0,84,4.0,Beneficial
STU_2027401,17,Male,High School,Instagram,2.1,2.7,Smartphone,6.4,2,False,Rarely,6.0,91,3.94,Beneficial
STU_2027402,20,Male,Undergraduate,TikTok,6.2,2.4,Smartphone,7.4,3,True,Frequently,15.0,85,,Beneficial
STU_2027403,19,Female,Undergraduate,Instagram,3.1,1.9,Laptop/PC,7.2,3,True,Frequently,0.0,92,4.0,Beneficial
STU_2027404,21,Female,Undergraduate,LinkedIn,3.9,2.2,Smartphone,6.8,2,False,Never,8.0,94,3.88,Beneficial
STU_2027405,18,Male,Undergraduate,Instagram,3.8,0.4,Smartphone,7.9,4,False,Sometimes,1.0,85,3.69,Beneficial
STU_2027406,16,Male,High School,YouTube,4.7,2.2,Smartphone,6.1,3,False,Always,22.0,82,3.4,Beneficial
STU_2027407,17,Female,High School,Instagram,7.0,3.5,Smartphone,6.1,2,False,Rarely,18.0,64,3.23,Neutral
STU_2027408,18,Prefer not to say,Undergraduate,YouTube,3.2,2.8,Smartphone,7.5,3,True,Always,5.0,88,3.86,Beneficial
STU_2027409,15,Male,High School,Instagram,3.9,2.0,Laptop/PC,8.0,2,False,Rarely,16.0,83,3.7,Beneficial
STU_2027410,18,Female,Undergraduate,YouTube,5.6,1.6,Smartphone,7.8,3,True,Frequently,8.0,85,3.5,Beneficial
STU_2027411,19,Female,Undergraduate,Instagram,2.7,2.1,Smartphone,6.6,2,True,Frequently,7.0,84,3.97,Beneficial
STU_2027412,21,Male,Undergraduate,Instagram,6.0,2.6,Smartphone,6.6,2,False,Sometimes,15.0,79,3.94,Beneficial
STU_2027413,18,Female,Undergraduate,Reddit,4.0,2.3,Smartphone,6.0,3,True,Frequently,7.0,86,3.29,Beneficial
STU_2027414,17,Male,High School,Reddit,4.5,2.1,Smartphone,6.8,3,True,Frequently,8.0,88,3.53,Beneficial
STU_2027415,20,Non-Binary,Undergraduate,TikTok,5.8,2.2,Laptop/PC,7.9,3,True,Rarely,10.0,81,3.57,Beneficial
STU_2027416,19,Female,Undergraduate,Instagram,4.5,2.0,Smartphone,7.7,3,False,Frequently,5.0,85,3.83,Beneficial
STU_2027417,25,Female,Postgraduate,Snapchat,3.1,2.1,Smartphone,8.1,4,True,Rarely,10.0,97,3.29,Beneficial
STU_2027418,26,Male,Postgraduate,TikTok,5.7,1.1,Smartphone,6.5,2,True,Sometimes,26.0,70,3.23,Neutral
STU_2027419,20,Female,Undergraduate,Instagram,8.3,0.6,Smartphone,5.8,2,True,Sometimes,18.0,72,2.87,Neutral
STU_2027420,19,Female,High School,Instagram,6.6,1.0,Smartphone,8.5,3,True,Always,13.0,80,4.0,Beneficial
STU_2027421,18,Female,Undergraduate,Reddit,7.7,2.8,Smartphone,5.4,1,True,Sometimes,11.0,69,3.13,Beneficial
STU_2027422,16,Female,High School,TikTok,6.9,1.3,Smartphone,7.2,2,False,Always,17.0,70,3.43,Beneficial
STU_2027423,18,Male,High School,TikTok,3.1,2.1,Smartphone,7.4,3,False,Always,6.0,94,4.0,Beneficial
STU_2027424,19,Female,Undergraduate,LinkedIn,4.7,1.8,Smartphone,7.9,2,False,Sometimes,14.0,87,3.51,Beneficial
STU_2027425,17,Female,High School,TikTok,5.9,2.1,Smartphone,5.4,3,True,Frequently,10.0,83,4.0,Beneficial
STU_2027426,19,Female,Undergraduate,X (Twitter),7.3,1.7,Smartphone,6.1,2,False,Sometimes,20.0,57,3.0,Neutral
STU_2027427,15,Male,High School,TikTok,7.8,1.7,Smartphone,5.1,2,True,Always,19.0,59,3.17,Neutral
STU_2027428,16,Female,High School,TikTok,4.7,2.1,Laptop/PC,6.5,2,False,Rarely,10.0,84,3.16,Beneficial
STU_2027429,22,Female,Postgraduate,Reddit,2.4,2.3,Laptop/PC,8.9,4,False,Sometimes,7.0,98,3.42,Beneficial
STU_2027430,21,Male,Undergraduate,Instagram,3.5,2.6,Smartphone,8.8,4,False,Frequently,5.0,98,3.54,Beneficial
STU_2027431,17,Male,High School,YouTube,5.7,0.9,Tablet,4.9,2,True,Never,18.0,73,3.66,Beneficial
STU_2027432,20,Male,Undergraduate,Instagram,4.0,1.3,Smartphone,7.0,3,False,Frequently,6.0,87,3.71,Beneficial
STU_2027433,18,Male,Undergraduate,TikTok,2.6,2.2,Laptop/PC,7.0,3,False,Never,11.0,91,3.81,Beneficial
STU_2027434,19,Male,Undergraduate,Instagram,5.8,1.0,Smartphone,7.5,3,False,Frequently,17.0,84,3.35,Beneficial
STU_2027435,19,Male,Undergraduate,Instagram,8.3,2.1,Laptop/PC,7.2,3,True,Rarely,23.0,65,3.23,Neutral
STU_2027436,18,Male,Undergraduate,Instagram,11.4,1.6,Smartphone,3.9,1,True,Rarely,28.0,54,2.1,Negative
STU_2027437,19,Male,Undergraduate,TikTok,2.8,1.1,Smartphone,8.6,2,True,Sometimes,5.0,98,3.74,Beneficial
STU_2027438,24,Female,Postgraduate,TikTok,5.6,1.0,Smartphone,7.0,3,True,Frequently,20.0,74,3.16,Beneficial
STU_2027439,19,Male,Undergraduate,TikTok,5.0,2.1,Tablet,7.4,3,False,Rarely,15.0,74,3.84,Beneficial
STU_2027440,23,Male,Postgraduate,Instagram,5.8,2.7,Smartphone,6.8,3,True,Always,21.0,79,3.19,Beneficial
STU_2027441,18,Female,Undergraduate,LinkedIn,8.4,2.9,Laptop/PC,5.6,2,True,Frequently,21.0,59,3.21,Neutral
STU_2027442,20,Female,Undergraduate,Instagram,4.6,1.9,Smartphone,7.7,4,False,Sometimes,12.0,79,3.82,Beneficial
STU_2027443,19,Male,Undergraduate,TikTok,8.2,0.9,Smartphone,5.2,2,False,Never,26.0,74,2.99,Neutral
STU_2027444,17,Male,High School,YouTube,4.1,2.6,Smartphone,6.4,2,True,Sometimes,9.0,86,3.28,Beneficial
STU_2027445,15,Male,High School,Reddit,6.0,0.6,Smartphone,6.4,2,True,Frequently,19.0,64,3.28,Neutral
STU_2027446,17,Prefer not to say,High School,Snapchat,4.7,2.0,Smartphone,7.6,3,False,Frequently,20.0,87,2.52,Beneficial
STU_2027447,18,Male,Undergraduate,Instagram,7.0,1.4,Smartphone,6.5,2,True,Never,16.0,69,2.46,Neutral
STU_2027448,16,Male,High School,TikTok,4.7,2.2,Smartphone,6.9,2,True,Frequently,7.0,98,4.0,Beneficial
STU_2027449,18,Female,High School,TikTok,14.0,1.8,Smartphone,4.2,1,True,Rarely,34.0,41,2.71,Negative
STU_2027450,17,Male,High School,Snapchat,2.8,1.8,Smartphone,7.9,3,False,Rarely,13.0,94,3.41,Beneficial
STU_2027451,21,Male,Undergraduate,TikTok,7.2,1.2,Smartphone,4.6,1,True,Sometimes,24.0,64,3.33,Neutral
STU_2027452,17,Male,High School,YouTube,3.0,1.5,Smartphone,6.4,2,False,Never,11.0,88,4.0,Beneficial
STU_2027453,17,Male,High School,Snapchat,4.3,2.0,Laptop/PC,5.5,2,True,Frequently,12.0,79,3.63,Beneficial
STU_2027454,19,Male,Undergraduate,X (Twitter),6.5,1.4,Smartphone,6.2,2,True,Sometimes,20.0,77,3.37,Beneficial
STU_2027455,18,Male,Undergraduate,Instagram,6.4,2.1,Laptop/PC,5.3,1,True,Rarely,10.0,80,2.73,Beneficial
STU_2027456,21,Male,Undergraduate,Instagram,8.7,2.1,Smartphone,5.5,1,False,Sometimes,21.0,64,2.92,Neutral
STU_2027457,20,Female,Undergraduate,Instagram,2.1,2.5,Smartphone,8.6,4,False,Sometimes,0.0,95,,Beneficial
STU_2027458,16,Male,High School,YouTube,3.7,0.5,Smartphone,6.2,2,False,Frequently,11.0,71,3.28,Beneficial
STU_2027459,21,Female,Undergraduate,Instagram,14.0,1.6,Laptop/PC,3.9,1,True,Sometimes,35.0,46,2.66,Negative
STU_2027460,19,Male,Undergraduate,Instagram,7.5,2.4,Smartphone,5.9,2,True,Sometimes,20.0,72,3.08,Neutral
STU_2027461,21,Female,High School,YouTube,8.4,2.2,Laptop/PC,5.7,2,True,Sometimes,15.0,64,3.04,Beneficial
STU_2027462,17,Female,High School,Instagram,5.3,1.5,Laptop/PC,8.1,3,True,Sometimes,16.0,88,3.4,Beneficial
STU_2027463,17,Female,High School,Instagram,4.3,2.1,Laptop/PC,6.3,2,False,Rarely,18.0,81,3.31,Beneficial
STU_2027464,21,Male,Undergraduate,TikTok,14.0,1.4,Smartphone,4.9,1,True,Rarely,27.0,45,2.74,Negative
STU_2027465,24,Male,Postgraduate,TikTok,2.2,1.8,Smartphone,8.3,3,False,Sometimes,3.0,98,3.54,Beneficial
STU_2027466,17,Male,High School,TikTok,2.9,2.3,Smartphone,7.8,3,False,Sometimes,8.0,81,3.54,Beneficial
STU_2027467,22,Male,Undergraduate,X (Twitter),7.7,1.0,Smartphone,6.2,3,True,Sometimes,24.0,73,3.34,Neutral
STU_2027468,19,Female,Undergraduate,Instagram,3.5,1.9,Laptop/PC,8.0,4,True,Frequently,3.0,91,4.0,Beneficial
STU_2027469,18,Male,High School,Instagram,6.5,1.2,Smartphone,5.3,2,True,Always,23.0,55,3.43,Neutral
STU_2027470,19,Female,Undergraduate,Instagram,3.6,1.9,Smartphone,8.5,3,False,Sometimes,7.0,92,3.77,Beneficial
STU_2027471,16,Female,High School,Instagram,8.1,1.8,Smartphone,5.8,1,False,Sometimes,20.0,80,3.3,Beneficial
STU_2027472,18,Male,High School,Instagram,7.3,2.7,Smartphone,6.4,2,True,Frequently,16.0,78,2.89,Beneficial
STU_2027473,18,Female,Undergraduate,TikTok,8.9,2.1,Smartphone,5.8,2,True,Frequently,27.0,63,3.26,Neutral
STU_2027474,17,Male,High School,Snapchat,3.0,2.9,Smartphone,7.2,3,True,Rarely,,93,3.83,Beneficial
STU_2027475,20,Female,Undergraduate,Instagram,5.2,2.2,Smartphone,6.9,2,True,Sometimes,19.0,70,3.3,Beneficial
STU_2027476,17,Male,High School,Snapchat,1.1,3.4,Smartphone,10.1,5,True,Frequently,5.0,98,3.88,Beneficial
STU_2027477,16,Male,High School,TikTok,2.3,1.5,Smartphone,7.5,3,True,Frequently,8.0,98,4.0,Beneficial
STU_2027478,16,Female,High School,Instagram,4.1,2.9,Smartphone,7.3,2,False,Frequently,4.0,85,3.68,Beneficial
STU_2027479,15,Male,High School,Snapchat,8.2,2.9,Smartphone,5.3,1,True,Frequently,26.0,60,3.38,Neutral
STU_2027480,18,Female,Undergraduate,Snapchat,12.3,2.8,Smartphone,5.5,1,True,Rarely,21.0,51,2.4,Neutral
STU_2027481,17,Female,High School,Instagram,5.3,1.0,Smartphone,7.8,4,True,Sometimes,10.0,94,3.67,Beneficial
STU_2027482,18,Female,Undergraduate,Instagram,6.5,2.9,Smartphone,6.8,2,True,Sometimes,13.0,79,4.0,Beneficial
STU_2027483,16,Female,High School,YouTube,6.6,2.0,Smartphone,6.8,1,True,Sometimes,25.0,82,3.19,Neutral
STU_2027484,19,Female,Undergraduate,TikTok,5.6,1.9,Smartphone,7.3,3,True,Always,8.0,80,3.6,Beneficial
STU_2027485,22,Male,Undergraduate,YouTube,4.9,2.4,Smartphone,6.6,3,False,Sometimes,10.0,81,3.97,Beneficial
STU_2027486,17,Female,High School,Snapchat,4.9,1.7,Smartphone,5.9,2,True,Never,17.0,82,3.71,Beneficial
STU_2027487,20,Male,Undergraduate,TikTok,6.2,2.3,Smartphone,7.0,3,True,Frequently,4.0,77,3.63,Beneficial
STU_2027488,16,Female,High School,TikTok,11.7,2.3,Smartphone,5.4,1,True,Sometimes,27.0,53,2.88,Neutral
STU_2027489,20,Female,Undergraduate,Instagram,2.8,0.7,Smartphone,7.7,5,False,Sometimes,5.0,98,3.52,Beneficial
STU_2027490,21,Female,Undergraduate,Instagram,3.9,1.9,Smartphone,8.0,3,False,Sometimes,14.0,98,3.58,Beneficial
STU_2027491,18,Male,Undergraduate,Instagram,5.8,1.3,Smartphone,8.1,3,True,Sometimes,16.0,91,3.35,Beneficial
STU_2027492,19,Female,Undergraduate,Instagram,6.7,2.1,Laptop/PC,5.1,1,True,Sometimes,17.0,57,3.13,Neutral
STU_2027493,15,Male,High School,Instagram,13.5,1.7,Smartphone,4.2,1,True,Frequently,28.0,51,2.73,Negative
STU_2027494,19,Female,Undergraduate,YouTube,4.5,2.7,Laptop/PC,7.2,2,True,Always,12.0,96,3.66,Beneficial
STU_2027495,18,Female,Undergraduate,Instagram,3.4,2.9,Smartphone,6.8,3,True,Frequently,9.0,83,4.0,Beneficial
STU_2027496,20,Female,Undergraduate,Snapchat,4.2,2.1,Smartphone,5.7,3,True,Frequently,12.0,71,3.36,Beneficial
STU_2027497,19,Female,High School,Instagram,4.6,1.4,Smartphone,6.8,2,False,Sometimes,15.0,97,3.51,Beneficial
STU_2027498,20,Female,Undergraduate,TikTok,2.4,2.4,Smartphone,9.1,4,True,Frequently,3.0,98,3.88,Beneficial
STU_2027499,22,Male,Undergraduate,TikTok,3.9,2.1,Smartphone,6.8,3,False,Frequently,14.0,83,3.3,Beneficial
STU_2027500,18,Male,Undergraduate,Reddit,12.2,0.0,Smartphone,4.9,1,True,Sometimes,25.0,45,2.38,Negative
STU_2027501,19,Male,Undergraduate,Reddit,3.7,0.6,Smartphone,7.4,2,False,Sometimes,5.0,98,4.0,Beneficial
STU_2027502,17,Non-Binary,High School,YouTube,3.3,2.4,Smartphone,5.1,2,False,Frequently,17.0,83,3.59,Beneficial
STU_2027503,21,Female,Undergraduate,TikTok,4.2,1.6,Smartphone,6.1,2,False,Always,16.0,77,3.6,Beneficial
STU_2027504,20,Male,Undergraduate,TikTok,3.3,3.4,Smartphone,7.2,4,False,Sometimes,7.0,87,3.97,Beneficial
STU_2027505,20,Female,Undergraduate,Snapchat,8.5,2.1,Smartphone,5.4,2,True,Frequently,10.0,78,2.89,Beneficial
STU_2027506,18,Female,Undergraduate,Instagram,3.7,1.1,Smartphone,6.7,1,False,Always,12.0,86,3.43,Beneficial
STU_2027507,19,Male,Undergraduate,Instagram,4.1,2.2,Smartphone,7.6,3,False,Sometimes,10.0,86,3.8,Beneficial
STU_2027508,17,Male,High School,Instagram,8.6,1.9,Smartphone,7.1,2,True,Sometimes,17.0,83,3.21,Beneficial
STU_2027509,19,Female,Undergraduate,Instagram,2.4,2.4,Laptop/PC,6.5,2,False,Always,16.0,84,3.74,Beneficial
STU_2027510,22,Non-Binary,Postgraduate,TikTok,3.7,2.8,Smartphone,6.9,3,False,Frequently,7.0,87,4.0,Beneficial
STU_2027511,20,Female,Undergraduate,YouTube,4.0,1.0,Smartphone,6.5,2,True,Always,8.0,88,3.86,Beneficial
STU_2027512,19,Female,Undergraduate,TikTok,4.7,1.5,Laptop/PC,7.4,3,True,Sometimes,12.0,96,3.57,Beneficial
STU_2027513,20,Male,Undergraduate,TikTok,9.0,0.8,Smartphone,4.0,1,True,Sometimes,21.0,66,2.88,Neutral
STU_2027514,17,Female,High School,TikTok,7.8,1.4,Laptop/PC,7.1,3,True,Sometimes,10.0,76,3.64,Beneficial
STU_2027515,20,Male,Undergraduate,Instagram,3.8,1.0,Smartphone,6.3,3,False,Sometimes,14.0,86,3.99,Beneficial
STU_2027516,20,Female,High School,YouTube,3.0,1.5,Smartphone,7.5,4,False,Always,2.0,96,3.82,Beneficial
STU_2027517,16,Male,High School,Snapchat,3.8,2.0,Smartphone,8.0,4,False,Frequently,7.0,93,3.36,Beneficial
STU_2027518,18,Female,Undergraduate,TikTok,3.9,2.4,Smartphone,7.2,3,True,Sometimes,7.0,80,3.71,Beneficial
STU_2027519,18,Female,Undergraduate,YouTube,9.6,0.6,Smartphone,5.2,1,True,Never,21.0,67,2.58,Neutral
STU_2027520,18,Male,Undergraduate,X (Twitter),1.9,2.0,Smartphone,6.9,3,True,Sometimes,7.0,84,3.53,Beneficial
STU_2027521,21,Female,High School,TikTok,4.9,2.7,Smartphone,7.3,2,False,Always,3.0,85,4.0,Beneficial
STU_2027522,19,Female,Undergraduate,YouTube,2.8,1.8,Smartphone,7.6,3,True,Sometimes,3.0,95,3.98,Beneficial
STU_2027523,17,Male,High School,Instagram,3.8,1.3,Smartphone,6.6,3,True,Rarely,12.0,79,3.47,Beneficial
STU_2027524,21,Non-Binary,Undergraduate,Reddit,3.0,1.1,Smartphone,7.4,3,True,Never,21.0,73,3.63,Beneficial
STU_2027525,19,Male,Undergraduate,X (Twitter),6.2,2.3,Laptop/PC,6.1,3,True,Sometimes,18.0,61,3.16,Neutral
STU_2027526,18,Female,Undergraduate,Reddit,6.5,2.1,Smartphone,6.4,3,True,Rarely,18.0,66,3.18,Neutral
STU_2027527,18,Male,Undergraduate,Instagram,5.6,2.0,Smartphone,5.3,2,True,Frequently,17.0,70,3.3,Beneficial
STU_2027528,20,Female,Undergraduate,Instagram,4.5,1.3,Smartphone,6.8,2,True,Rarely,18.0,82,2.97,Beneficial
STU_2027529,19,Female,Undergraduate,YouTube,8.9,2.3,Laptop/PC,5.5,1,True,Frequently,16.0,64,2.76,Neutral
STU_2027530,18,Male,Undergraduate,Instagram,4.9,1.3,Smartphone,7.3,3,False,Frequently,15.0,77,3.29,Beneficial
STU_2027531,20,Female,Undergraduate,TikTok,9.3,1.7,Smartphone,3.9,1,True,Rarely,37.0,57,2.53,Negative
STU_2027532,17,Male,High School,X (Twitter),6.2,2.1,Smartphone,8.2,2,False,Rarely,22.0,74,3.27,Neutral
STU_2027533,16,Female,High School,TikTok,13.4,2.5,Smartphone,5.9,1,True,Sometimes,30.0,55,2.48,Negative
STU_2027534,19,Female,Undergraduate,TikTok,5.4,0.6,Smartphone,6.6,2,True,Sometimes,13.0,82,3.5,Beneficial
STU_2027535,18,Male,Undergraduate,Instagram,4.8,2.6,Smartphone,8.0,3,True,Sometimes,5.0,92,3.96,Beneficial
STU_2027536,21,Male,Undergraduate,TikTok,7.1,2.6,Smartphone,7.4,2,True,Sometimes,15.0,77,3.79,Beneficial
STU_2027537,20,Female,Undergraduate,TikTok,6.0,1.7,Smartphone,6.5,3,True,Rarely,11.0,82,3.37,Beneficial
STU_2027538,18,Male,Undergraduate,Instagram,10.6,2.1,Smartphone,4.1,1,True,Always,24.0,47,2.67,Neutral
STU_2027539,17,Female,High School,Instagram,4.0,0.8,Laptop/PC,7.9,3,False,Rarely,6.0,88,3.74,Beneficial
STU_2027540,24,Male,Undergraduate,Snapchat,4.7,1.3,Smartphone,6.3,1,False,Sometimes,16.0,71,4.0,Beneficial
STU_2027541,18,Male,Undergraduate,Instagram,2.7,1.1,Smartphone,6.2,1,False,Never,14.0,94,3.28,Beneficial
STU_2027542,20,Male,Undergraduate,TikTok,9.5,1.5,Smartphone,4.6,1,True,Sometimes,21.0,58,3.37,Neutral
STU_2027543,16,Female,High School,Snapchat,14.0,2.2,Smartphone,5.4,1,True,Always,23.0,49,2.41,Negative
STU_2027544,17,Male,High School,Instagram,5.2,2.0,Smartphone,6.1,2,True,Never,12.0,86,3.37,Beneficial
STU_2027545,18,Male,Undergraduate,Instagram,6.0,1.8,Smartphone,4.8,1,True,Sometimes,23.0,64,3.26,Neutral
STU_2027546,20,Non-Binary,Undergraduate,YouTube,4.9,2.8,Smartphone,6.5,2,False,Sometimes,14.0,83,3.62,Beneficial
STU_2027547,18,Female,Undergraduate,TikTok,4.1,2.1,Smartphone,6.8,2,True,Always,10.0,80,3.7,Beneficial
STU_2027548,16,Female,High School,TikTok,1.9,1.2,Laptop/PC,6.0,2,False,Frequently,10.0,97,3.6,Beneficial
STU_2027549,20,Male,Undergraduate,YouTube,3.8,2.0,Laptop/PC,6.6,3,True,Sometimes,19.0,81,3.34,Beneficial
STU_2027550,19,Male,Undergraduate,Snapchat,5.3,1.7,Smartphone,7.0,3,False,Sometimes,15.0,75,3.44,Beneficial
STU_2027551,18,Male,Undergraduate,YouTube,6.7,2.6,Smartphone,6.3,2,True,Frequently,16.0,68,3.06,Beneficial
STU_2027552,21,Female,Undergraduate,TikTok,4.4,0.9,Smartphone,8.5,3,False,Frequently,14.0,85,3.71,Beneficial
STU_2027553,20,Male,Undergraduate,Snapchat,10.6,2.5,Smartphone,4.2,1,False,Never,19.0,67,2.92,Neutral
STU_2027554,16,Male,High School,TikTok,9.6,1.1,Smartphone,5.7,1,True,Frequently,17.0,62,3.17,Neutral
STU_2027555,20,Female,Undergraduate,Instagram,5.5,3.0,Smartphone,6.0,2,True,Sometimes,10.0,71,4.0,Beneficial
STU_2027556,15,Female,High School,Instagram,5.3,0.7,Smartphone,6.4,3,True,Sometimes,17.0,81,3.57,Beneficial
STU_2027557,20,Female,Undergraduate,Instagram,7.3,1.3,Smartphone,4.4,1,True,Rarely,20.0,70,3.26,Beneficial
STU_2027558,20,Male,Undergraduate,TikTok,2.5,1.2,Smartphone,6.7,4,False,Never,15.0,76,3.49,Beneficial
STU_2027559,15,Female,High School,Instagram,3.5,1.9,Smartphone,6.7,2,False,Rarely,10.0,91,3.64,Beneficial
STU_2027560,19,Female,Undergraduate,TikTok,14.0,2.7,Smartphone,4.8,1,True,Always,27.0,35,2.28,Negative
STU_2027561,20,Male,Undergraduate,YouTube,5.3,1.2,Smartphone,7.4,2,False,Sometimes,22.0,79,3.63,Beneficial
STU_2027562,21,Male,Undergraduate,Instagram,3.9,2.5,Smartphone,6.7,2,False,Sometimes,11.0,85,3.05,Beneficial
STU_2027563,17,Female,High School,Snapchat,3.2,0.5,Smartphone,7.8,4,False,Always,8.0,87,3.39,Beneficial
STU_2027564,19,Male,High School,YouTube,3.7,1.2,Laptop/PC,7.9,2,True,Rarely,5.0,94,3.6,Beneficial
STU_2027565,19,Female,High School,TikTok,7.6,1.2,Smartphone,4.5,1,False,Sometimes,20.0,59,3.21,Neutral
STU_2027566,18,Male,Undergraduate,YouTube,3.6,1.1,Smartphone,7.8,4,False,Frequently,2.0,96,4.0,Beneficial
STU_2027567,17,Female,High School,Instagram,7.7,2.0,Smartphone,6.1,2,False,Always,6.0,77,3.06,Beneficial
STU_2027568,18,Male,Undergraduate,TikTok,8.0,2.2,Smartphone,5.7,1,True,Frequently,18.0,70,3.22,Beneficial
STU_2027569,19,Female,High School,YouTube,5.6,2.3,Smartphone,7.0,2,True,Frequently,20.0,71,2.7,Neutral
STU_2027570,20,Male,Undergraduate,TikTok,5.9,0.9,Smartphone,6.0,1,True,Always,11.0,76,3.32,Beneficial
STU_2027571,19,Female,Undergraduate,YouTube,6.0,2.5,Smartphone,5.7,1,True,Sometimes,,73,3.29,Beneficial
STU_2027572,20,Male,Undergraduate,Instagram,6.3,1.0,Smartphone,5.1,3,True,Always,17.0,64,3.45,Beneficial
STU_2027573,17,Female,High School,Instagram,4.4,3.1,Smartphone,7.4,3,True,Rarely,11.0,84,4.0,Beneficial
STU_2027574,17,Male,High School,TikTok,6.8,1.9,Smartphone,6.9,3,True,Frequently,20.0,76,3.55,Beneficial
STU_2027575,19,Male,Undergraduate,Instagram,3.9,2.1,Tablet,6.9,3,True,Always,5.0,93,3.67,Beneficial
STU_2027576,17,Female,High School,Snapchat,3.0,3.1,Laptop/PC,7.3,3,False,Never,8.0,86,4.0,Beneficial
STU_2027577,18,Prefer not to say,Undergraduate,TikTok,4.1,2.4,Smartphone,6.6,2,True,Rarely,9.0,87,3.35,Beneficial
STU_2027578,17,Male,High School,Instagram,1.7,1.9,Smartphone,8.5,4,False,Sometimes,7.0,88,4.0,Beneficial
STU_2027579,20,Female,Undergraduate,TikTok,2.1,1.1,Laptop/PC,7.0,3,False,Rarely,10.0,94,3.39,Beneficial
STU_2027580,21,Male,Undergraduate,Instagram,6.9,2.4,Smartphone,6.5,1,True,Frequently,18.0,67,3.22,Beneficial
STU_2027581,22,Male,Postgraduate,Instagram,5.8,0.5,Smartphone,6.9,2,True,Frequently,20.0,84,2.75,Beneficial
STU_2027582,18,Female,Undergraduate,Instagram,3.1,3.4,Smartphone,8.1,3,False,Sometimes,8.0,75,,Beneficial
STU_2027583,17,Non-Binary,High School,Instagram,2.6,2.2,Smartphone,8.5,4,True,Sometimes,,97,4.0,Beneficial
STU_2027584,21,Male,Undergraduate,TikTok,4.4,1.7,Smartphone,6.7,2,True,Never,10.0,89,3.19,Beneficial
STU_2027585,17,Male,High School,TikTok,4.4,1.2,Smartphone,4.8,2,True,Frequently,18.0,76,3.31,Beneficial
STU_2027586,22,Male,Postgraduate,Snapchat,2.8,1.5,Smartphone,7.3,4,False,Frequently,6.0,94,3.46,Beneficial
STU_2027587,19,Male,Undergraduate,YouTube,6.5,2.4,Smartphone,7.5,3,False,Sometimes,24.0,56,3.73,Neutral
STU_2027588,19,Male,Undergraduate,Instagram,12.4,1.7,Laptop/PC,4.4,1,True,Sometimes,32.0,53,2.83,Negative
STU_2027589,21,Female,Undergraduate,Instagram,7.1,1.9,Smartphone,6.1,1,True,Sometimes,10.0,81,3.25,Beneficial
STU_2027590,19,Female,Undergraduate,X (Twitter),8.0,1.7,Smartphone,5.0,1,True,Frequently,23.0,63,3.23,Neutral
STU_2027591,24,Female,Postgraduate,TikTok,5.1,1.8,Smartphone,6.0,1,False,Sometimes,28.0,65,3.61,Neutral
STU_2027592,16,Female,High School,YouTube,3.8,1.5,Smartphone,6.6,2,False,Frequently,9.0,97,3.48,Beneficial
STU_2027593,19,Female,Undergraduate,Snapchat,7.1,2.1,Laptop/PC,5.8,2,True,Sometimes,15.0,74,3.0,Beneficial
STU_2027594,17,Female,High School,TikTok,10.4,2.1,Smartphone,5.7,1,True,Frequently,18.0,70,2.64,Neutral
STU_2027595,16,Female,High School,TikTok,3.8,2.2,Smartphone,8.4,5,True,Never,8.0,85,3.97,Beneficial
STU_2027596,19,Male,Undergraduate,X (Twitter),3.9,2.1,Laptop/PC,6.8,3,False,Rarely,9.0,94,3.81,Beneficial
STU_2027597,16,Male,High School,YouTube,6.8,0.6,Smartphone,8.3,2,True,Sometimes,15.0,74,3.61,Beneficial
STU_2027598,19,Female,Undergraduate,X (Twitter),4.9,1.0,Smartphone,7.9,3,False,Always,11.0,85,3.42,Beneficial
STU_2027599,20,Male,Undergraduate,YouTube,3.1,0.5,Smartphone,7.4,4,True,Sometimes,6.0,85,3.66,Beneficial
STU_2027600,19,Female,Undergraduate,Instagram,4.0,2.3,Smartphone,6.9,2,True,Sometimes,20.0,84,3.67,Beneficial
STU_2027601,16,Male,High School,TikTok,4.3,1.1,Smartphone,6.9,2,False,Frequently,9.0,89,3.45,Beneficial
STU_2027602,17,Female,High School,YouTube,4.5,2.2,Laptop/PC,8.0,5,False,Frequently,16.0,91,3.66,Beneficial
STU_2027603,16,Male,High School,YouTube,3.4,0.4,Smartphone,7.2,3,False,Frequently,3.0,93,4.0,Beneficial
STU_2027604,19,Male,Undergraduate,TikTok,4.4,2.4,Laptop/PC,6.7,3,False,Sometimes,11.0,86,3.49,Beneficial
STU_2027605,17,Female,High School,X (Twitter),6.4,2.0,Smartphone,6.9,3,True,Always,14.0,75,3.23,Beneficial
STU_2027606,18,Male,Undergraduate,Instagram,11.3,1.7,Smartphone,5.3,1,True,Sometimes,27.0,57,2.74,Neutral
STU_2027607,18,Male,Undergraduate,Instagram,5.4,2.1,Smartphone,6.2,3,True,Sometimes,13.0,82,3.52,Beneficial
STU_2027608,18,Female,Undergraduate,Instagram,4.1,1.8,Smartphone,7.8,4,False,Always,6.0,82,3.86,Beneficial
STU_2027609,19,Female,High School,Instagram,5.1,2.0,Smartphone,5.4,1,False,Always,25.0,67,3.05,Neutral
STU_2027610,26,Male,Postgraduate,TikTok,7.9,2.9,Smartphone,6.3,1,True,Sometimes,13.0,64,3.26,Beneficial
STU_2027611,22,Female,Postgraduate,Snapchat,4.1,2.1,Smartphone,5.9,2,False,Rarely,18.0,73,3.3,Beneficial
STU_2027612,15,Male,High School,Snapchat,3.5,1.0,Smartphone,5.6,2,True,Always,16.0,86,3.22,Beneficial
STU_2027613,15,Female,High School,Instagram,4.3,1.0,Smartphone,6.2,2,True,Frequently,16.0,71,3.36,Beneficial
STU_2027614,17,Male,High School,TikTok,13.3,1.5,Laptop/PC,4.8,1,True,Frequently,31.0,53,2.27,Negative
STU_2027615,21,Male,High School,TikTok,1.5,2.6,Smartphone,8.1,4,True,Rarely,6.0,97,4.0,Beneficial
STU_2027616,19,Female,Undergraduate,Instagram,5.4,2.3,Laptop/PC,7.7,3,True,Sometimes,11.0,93,3.76,Beneficial
STU_2027617,20,Female,Undergraduate,TikTok,7.2,2.0,Smartphone,5.5,1,True,Frequently,15.0,72,3.54,Beneficial
STU_2027618,16,Male,High School,Instagram,4.4,1.6,Laptop/PC,6.9,4,True,Sometimes,7.0,96,3.72,Beneficial
STU_2027619,18,Male,Undergraduate,Instagram,2.4,1.5,Smartphone,7.6,4,False,Frequently,5.0,96,3.7,Beneficial
STU_2027620,18,Female,Undergraduate,Snapchat,5.3,1.7,Laptop/PC,5.7,3,True,Sometimes,12.0,74,3.12,Beneficial
STU_2027621,22,Female,Undergraduate,X (Twitter),7.2,1.6,Smartphone,6.5,3,True,Frequently,14.0,85,3.31,Beneficial
STU_2027622,16,Female,High School,Snapchat,14.0,0.1,Smartphone,4.5,1,True,Rarely,29.0,49,2.31,Negative
STU_2027623,19,Female,Undergraduate,Instagram,6.4,2.4,Smartphone,5.9,1,True,Frequently,12.0,77,3.25,Beneficial
STU_2027624,21,Male,Undergraduate,TikTok,3.4,1.1,Smartphone,6.0,2,False,Sometimes,10.0,86,3.6,Beneficial
STU_2027625,19,Female,Undergraduate,Instagram,5.6,1.9,Smartphone,6.0,1,True,Never,5.0,80,3.51,Beneficial
STU_2027626,15,Male,High School,Snapchat,3.9,2.6,Smartphone,8.1,3,False,Sometimes,9.0,98,4.0,Beneficial
STU_2027627,19,Male,Undergraduate,Reddit,7.9,2.2,Smartphone,7.2,3,True,Always,13.0,78,3.67,Beneficial
STU_2027628,18,Female,Undergraduate,TikTok,3.2,1.6,Smartphone,7.0,3,True,Rarely,12.0,88,4.0,Beneficial
STU_2027629,21,Male,Undergraduate,YouTube,4.5,0.5,Smartphone,7.5,3,False,Rarely,8.0,76,3.72,Beneficial
STU_2027630,20,Female,High School,Reddit,2.7,2.3,Smartphone,8.2,3,False,Always,7.0,98,3.87,Beneficial
STU_2027631,18,Female,Undergraduate,TikTok,4.8,2.1,Smartphone,5.6,3,True,Never,6.0,78,3.53,Beneficial
STU_2027632,17,Male,High School,X (Twitter),2.4,2.7,Smartphone,6.6,3,False,Always,8.0,91,4.0,Beneficial
STU_2027633,18,Female,Undergraduate,Instagram,7.3,1.5,Smartphone,6.2,2,True,Sometimes,13.0,64,3.13,Beneficial
STU_2027634,17,Female,High School,Snapchat,6.9,2.2,Smartphone,6.7,1,True,Frequently,19.0,83,3.02,Beneficial
STU_2027635,16,Male,High School,X (Twitter),1.6,2.2,Smartphone,8.1,4,True,Frequently,1.0,98,4.0,Beneficial
STU_2027636,21,Non-Binary,Undergraduate,Instagram,5.1,1.7,Laptop/PC,6.4,2,True,Rarely,21.0,77,3.49,Beneficial
STU_2027637,16,Female,High School,YouTube,6.6,2.6,Smartphone,6.9,3,False,Sometimes,17.0,83,3.25,Beneficial
STU_2027638,18,Female,Undergraduate,YouTube,4.3,0.0,Smartphone,6.0,3,True,Always,20.0,71,3.05,Neutral
STU_2027639,18,Male,Undergraduate,YouTube,2.0,2.6,Smartphone,8.5,2,False,Sometimes,7.0,97,4.0,Beneficial
STU_2027640,17,Male,High School,TikTok,4.0,1.4,Laptop/PC,6.0,3,True,Sometimes,18.0,81,3.32,Beneficial
STU_2027641,18,Female,Undergraduate,YouTube,4.2,0.0,Smartphone,7.3,3,True,Rarely,14.0,85,3.89,Beneficial
STU_2027642,18,Female,Undergraduate,Snapchat,3.8,1.3,Smartphone,5.9,3,True,Sometimes,23.0,72,3.53,Beneficial
STU_2027643,19,Male,Undergraduate,Instagram,3.2,1.1,Smartphone,7.7,4,False,Never,13.0,89,3.83,Beneficial
STU_2027644,16,Female,High School,Instagram,4.7,1.6,Smartphone,6.7,2,False,Frequently,13.0,83,3.16,Beneficial
STU_2027645,20,Female,Undergraduate,LinkedIn,9.1,1.4,Smartphone,5.6,1,False,Frequently,21.0,68,3.05,Neutral
STU_2027646,16,Male,High School,Snapchat,10.6,2.2,Smartphone,4.1,1,False,Sometimes,21.0,66,3.24,Neutral
STU_2027647,23,Female,Undergraduate,Instagram,13.4,2.5,Smartphone,3.7,1,True,Never,28.0,49,3.05,Neutral
STU_2027648,18,Male,Undergraduate,Instagram,6.3,0.0,Smartphone,7.7,3,True,Always,11.0,75,3.57,Beneficial
STU_2027649,18,Male,Undergraduate,Snapchat,3.7,1.0,Smartphone,7.5,3,False,Sometimes,10.0,98,4.0,Beneficial
STU_2027650,19,Male,Undergraduate,Instagram,1.9,1.6,Smartphone,7.2,4,False,Rarely,9.0,77,3.7,Beneficial
STU_2027651,17,Female,High School,TikTok,10.9,1.6,Smartphone,4.2,1,False,Rarely,22.0,52,3.0,Neutral
STU_2027652,19,Female,Undergraduate,Instagram,14.0,1.0,Smartphone,5.1,1,True,Always,19.0,57,2.77,Neutral
STU_2027653,22,Female,Undergraduate,YouTube,8.0,2.5,Smartphone,6.5,1,True,Never,22.0,72,2.78,Neutral
STU_2027654,20,Male,Undergraduate,Instagram,2.2,0.6,Laptop/PC,8.4,3,False,Rarely,0.0,98,4.0,Beneficial
STU_2027655,15,Female,High School,TikTok,6.1,1.8,Smartphone,5.7,2,True,Sometimes,14.0,62,3.34,Beneficial
STU_2027656,18,Female,Undergraduate,TikTok,2.9,1.5,Smartphone,7.9,4,False,Sometimes,5.0,98,4.0,Beneficial
STU_2027657,20,Male,Undergraduate,Instagram,3.2,1.9,Smartphone,7.1,3,True,Rarely,4.0,88,3.77,Beneficial
STU_2027658,15,Female,High School,Instagram,3.8,2.2,Smartphone,7.2,3,True,Rarely,11.0,83,3.35,Beneficial
STU_2027659,20,Female,Undergraduate,TikTok,8.8,2.1,Smartphone,6.0,2,True,Frequently,12.0,59,3.19,Beneficial
STU_2027660,20,Male,Undergraduate,Instagram,3.3,1.2,Smartphone,6.1,1,False,Frequently,9.0,84,3.71,Beneficial
STU_2027661,18,Male,Undergraduate,Instagram,6.7,2.2,Smartphone,6.4,2,True,Sometimes,18.0,73,3.3,Beneficial
STU_2027662,19,Female,Undergraduate,Snapchat,4.3,1.9,Smartphone,7.9,3,False,Always,13.0,87,4.0,Beneficial
STU_2027663,26,Male,Postgraduate,Instagram,3.4,2.2,Smartphone,7.5,4,False,Sometimes,17.0,92,3.25,Beneficial
STU_2027664,19,Male,Undergraduate,TikTok,4.1,1.2,Smartphone,6.6,3,False,Sometimes,16.0,82,3.13,Beneficial
STU_2027665,19,Prefer not to say,Undergraduate,Reddit,7.3,0.9,Laptop/PC,5.0,1,True,Always,13.0,60,2.76,Neutral
STU_2027666,17,Male,High School,TikTok,4.1,2.6,Laptop/PC,6.8,3,False,Frequently,15.0,88,3.43,Beneficial
STU_2027667,18,Male,Undergraduate,TikTok,8.1,0.8,Smartphone,4.9,1,True,Rarely,22.0,71,3.31,Neutral
STU_2027668,17,Non-Binary,High School,YouTube,9.6,2.6,Smartphone,4.2,1,True,Always,29.0,59,2.96,Neutral
STU_2027669,16,Male,High School,YouTube,2.7,1.5,Smartphone,8.4,4,True,Rarely,8.0,96,3.62,Beneficial
STU_2027670,21,Female,Undergraduate,Snapchat,5.3,1.4,Smartphone,6.8,2,True,Rarely,15.0,76,2.87,Beneficial
STU_2027671,17,Female,High School,YouTube,3.5,2.9,Smartphone,7.0,3,False,Sometimes,14.0,86,3.42,Beneficial
STU_2027672,18,Male,Undergraduate,Instagram,4.2,2.2,Laptop/PC,6.4,2,False,Sometimes,15.0,74,3.48,Beneficial
STU_2027673,18,Male,Undergraduate,Instagram,2.3,1.2,Smartphone,7.7,4,True,Sometimes,7.0,97,3.44,Beneficial
STU_2027674,23,Male,Postgraduate,Instagram,3.5,3.2,Smartphone,7.4,3,False,Frequently,14.0,91,3.56,Beneficial
STU_2027675,18,Male,High School,Instagram,6.6,2.6,Smartphone,6.3,2,True,Frequently,12.0,81,3.7,Beneficial
STU_2027676,23,Male,Undergraduate,TikTok,8.8,2.1,Smartphone,5.3,2,True,Sometimes,21.0,68,3.21,Neutral
STU_2027677,18,Male,Undergraduate,Instagram,5.8,1.3,Smartphone,8.0,3,True,Frequently,14.0,90,3.27,Beneficial
STU_2027678,18,Male,Undergraduate,Instagram,10.8,1.7,Smartphone,6.1,1,False,Frequently,18.0,68,2.85,Neutral
STU_2027679,24,Male,Undergraduate,TikTok,1.2,1.7,Smartphone,8.4,4,True,Sometimes,7.0,96,4.0,Beneficial
STU_2027680,19,Female,Undergraduate,TikTok,4.9,1.8,Smartphone,7.2,2,False,Frequently,9.0,78,3.56,Beneficial
STU_2027681,15,Female,High School,Snapchat,2.8,1.0,Smartphone,7.6,4,False,Always,9.0,91,3.52,Beneficial
STU_2027682,15,Female,High School,TikTok,4.5,2.9,Smartphone,8.1,3,False,Frequently,12.0,98,3.55,Beneficial
STU_2027683,18,Female,Undergraduate,Instagram,2.9,1.1,Smartphone,8.0,3,False,Always,9.0,89,3.94,Beneficial
STU_2027684,20,Male,Undergraduate,YouTube,4.3,1.0,Tablet,8.0,3,False,Frequently,11.0,98,3.34,Beneficial
STU_2027685,23,Male,Postgraduate,X (Twitter),4.3,0.8,Laptop/PC,7.0,3,True,Sometimes,7.0,85,3.94,Beneficial
STU_2027686,19,Male,Undergraduate,X (Twitter),3.5,1.2,Smartphone,7.1,3,True,Sometimes,5.0,93,3.9,Beneficial
STU_2027687,20,Male,Undergraduate,Instagram,3.8,1.9,Smartphone,6.4,2,True,Rarely,13.0,78,3.31,Beneficial
STU_2027688,19,Male,High School,YouTube,4.1,0.5,Smartphone,6.7,3,False,Frequently,5.0,81,3.76,Beneficial
STU_2027689,16,Male,High School,X (Twitter),4.9,1.3,Smartphone,6.2,1,True,Frequently,18.0,79,3.53,Beneficial
STU_2027690,19,Male,Undergraduate,Snapchat,4.2,1.4,Smartphone,7.5,3,True,Sometimes,13.0,81,3.8,Beneficial
STU_2027691,17,Male,High School,YouTube,4.3,3.2,Laptop/PC,7.8,3,True,Frequently,13.0,92,3.94,Beneficial
STU_2027692,16,Non-Binary,High School,Snapchat,3.2,1.9,Smartphone,7.3,3,True,Frequently,14.0,83,4.0,Beneficial
STU_2027693,18,Female,Undergraduate,Snapchat,3.8,0.7,Smartphone,5.8,2,True,Never,20.0,76,3.5,Beneficial
STU_2027694,17,Male,High School,YouTube,2.5,0.8,Smartphone,10.0,5,False,Frequently,4.0,98,4.0,Beneficial
STU_2027695,20,Male,Undergraduate,X (Twitter),7.9,2.7,Smartphone,6.9,3,True,Never,17.0,67,3.23,Beneficial
STU_2027696,18,Female,Undergraduate,TikTok,4.8,2.1,Smartphone,6.0,3,True,Sometimes,4.0,87,3.32,Beneficial
STU_2027697,17,Male,High School,Instagram,1.3,1.5,Smartphone,8.1,4,True,Sometimes,16.0,95,3.7,Beneficial
STU_2027698,22,Female,Postgraduate,Instagram,7.2,2.2,Smartphone,5.2,1,True,Rarely,18.0,68,3.6,Beneficial
STU_2027699,18,Female,High School,TikTok,3.9,2.4,Smartphone,5.6,2,True,Always,11.0,93,3.42,Beneficial
STU_2027700,21,Male,Undergraduate,YouTube,4.3,2.8,Laptop/PC,7.1,3,False,Always,20.0,86,3.37,Beneficial
STU_2027701,19,Male,Undergraduate,YouTube,4.1,2.3,Smartphone,7.5,4,True,Sometimes,7.0,90,3.39,Beneficial
STU_2027702,19,Female,Undergraduate,Instagram,7.6,1.7,Smartphone,4.9,2,False,Frequently,13.0,69,2.82,Beneficial
STU_2027703,20,Male,Undergraduate,Reddit,4.5,3.0,Smartphone,7.0,2,True,Rarely,14.0,84,3.78,Beneficial
STU_2027704,20,Male,Undergraduate,Instagram,6.7,1.3,Smartphone,5.0,1,True,Sometimes,20.0,67,3.29,Neutral
STU_2027705,18,Prefer not to say,Undergraduate,TikTok,14.0,1.0,Smartphone,4.1,1,True,Sometimes,27.0,45,2.91,Negative
STU_2027706,20,Female,Undergraduate,Reddit,4.8,0.7,Smartphone,5.8,2,False,Rarely,14.0,71,3.23,Beneficial
STU_2027707,19,Female,Undergraduate,YouTube,6.3,2.2,Tablet,5.5,2,True,Frequently,14.0,79,3.24,Beneficial
STU_2027708,18,Male,Undergraduate,YouTube,10.7,2.4,Smartphone,4.5,1,False,Sometimes,25.0,43,2.74,Negative
STU_2027709,20,Female,Undergraduate,YouTube,3.6,2.0,Smartphone,7.1,3,False,Frequently,14.0,85,3.79,Beneficial
STU_2027710,19,Female,Undergraduate,Instagram,2.1,1.7,Smartphone,8.2,4,True,Frequently,4.0,98,,Beneficial
STU_2027711,23,Female,Undergraduate,TikTok,6.0,1.3,Smartphone,7.4,3,True,Rarely,16.0,84,3.89,Beneficial
STU_2027712,19,Female,Undergraduate,TikTok,14.0,0.7,Smartphone,3.1,1,True,Sometimes,25.0,49,2.34,Negative
STU_2027713,20,Male,Undergraduate,Instagram,1.4,1.9,Smartphone,8.5,4,True,Frequently,10.0,98,4.0,Beneficial
STU_2027714,15,Male,High School,YouTube,2.8,2.1,Laptop/PC,5.9,2,False,Frequently,15.0,82,3.69,Beneficial
STU_2027715,15,Female,High School,Reddit,5.7,0.9,Laptop/PC,6.8,2,True,Frequently,6.0,70,3.23,Beneficial
STU_2027716,18,Male,Undergraduate,Instagram,5.4,0.7,Smartphone,6.8,3,True,Frequently,11.0,84,3.02,Beneficial
STU_2027717,17,Male,High School,Instagram,11.5,3.3,Smartphone,5.8,1,True,Always,23.0,66,2.85,Neutral
STU_2027718,17,Female,High School,TikTok,4.7,1.7,Smartphone,8.6,3,False,Frequently,12.0,91,3.33,Beneficial
STU_2027719,17,Female,High School,YouTube,8.9,0.8,Smartphone,5.8,1,False,Always,16.0,71,3.28,Beneficial
STU_2027720,17,Female,High School,Reddit,5.5,1.6,Smartphone,6.0,2,True,Sometimes,11.0,74,3.57,Beneficial
STU_2027721,19,Male,Undergraduate,Snapchat,3.4,1.0,Smartphone,7.0,2,True,Frequently,12.0,95,3.43,Beneficial
STU_2027722,17,Male,High School,Instagram,2.9,3.1,Smartphone,6.6,4,False,Sometimes,4.0,83,4.0,Beneficial
STU_2027723,18,Female,Undergraduate,Snapchat,2.3,2.7,Smartphone,8.0,5,False,Sometimes,7.0,93,3.88,Beneficial
STU_2027724,18,Male,High School,Snapchat,5.4,2.2,Smartphone,5.8,2,True,Never,18.0,77,3.45,Beneficial
STU_2027725,19,Female,High School,Instagram,9.4,1.1,Smartphone,6.4,2,False,Sometimes,22.0,73,2.87,Neutral
STU_2027726,21,Male,Undergraduate,Snapchat,6.7,1.4,Smartphone,6.6,2,False,Sometimes,21.0,83,3.58,Beneficial
STU_2027727,16,Female,High School,Instagram,3.7,1.7,Smartphone,7.5,3,False,Sometimes,10.0,96,3.27,Beneficial
STU_2027728,24,Male,Postgraduate,LinkedIn,3.2,2.3,Smartphone,7.0,3,True,Sometimes,11.0,86,3.59,Beneficial
STU_2027729,19,Female,Undergraduate,YouTube,4.8,1.9,Smartphone,6.0,2,False,Sometimes,16.0,82,3.54,Beneficial
STU_2027730,19,Male,Undergraduate,TikTok,7.4,0.9,Smartphone,6.8,3,True,Rarely,17.0,74,2.59,Neutral
STU_2027731,19,Female,Undergraduate,Instagram,3.4,1.3,Laptop/PC,7.8,3,True,Frequently,16.0,77,3.66,Beneficial
STU_2027732,19,Female,Undergraduate,Snapchat,3.7,1.4,Smartphone,7.5,3,False,Frequently,9.0,82,3.56,Beneficial
STU_2027733,18,Male,High School,TikTok,4.0,2.4,Tablet,6.7,3,True,Frequently,9.0,98,3.48,Beneficial
STU_2027734,16,Male,High School,TikTok,3.4,1.5,Smartphone,7.8,3,True,Frequently,15.0,98,3.95,Beneficial
STU_2027735,16,Non-Binary,High School,TikTok,3.6,1.0,Smartphone,6.4,3,False,Sometimes,19.0,86,3.69,Beneficial
STU_2027736,17,Male,High School,TikTok,3.7,2.0,Smartphone,6.6,1,False,Always,5.0,79,3.57,Beneficial
STU_2027737,16,Female,High School,TikTok,3.4,0.8,Smartphone,6.1,2,False,Never,14.0,86,3.78,Beneficial
STU_2027738,16,Female,High School,Instagram,5.7,1.6,Smartphone,6.6,2,True,Sometimes,4.0,91,3.39,Beneficial
STU_2027739,16,Female,High School,TikTok,6.8,1.2,Smartphone,4.6,1,True,Sometimes,16.0,79,3.13,Beneficial
STU_2027740,16,Male,High School,TikTok,5.9,1.8,Laptop/PC,6.3,1,True,Sometimes,16.0,66,3.36,Beneficial
STU_2027741,18,Male,Undergraduate,Instagram,3.0,1.8,Smartphone,8.8,4,True,Never,9.0,94,4.0,Beneficial
STU_2027742,17,Male,High School,TikTok,8.6,2.0,Laptop/PC,6.3,2,True,Sometimes,21.0,61,3.25,Neutral
STU_2027743,20,Female,Undergraduate,TikTok,4.0,1.1,Laptop/PC,7.3,3,False,Frequently,5.0,83,3.63,Beneficial
STU_2027744,15,Male,High School,Instagram,3.2,1.4,Laptop/PC,7.2,2,False,Rarely,14.0,96,3.51,Beneficial
STU_2027745,22,Male,Postgraduate,Instagram,5.7,1.5,Smartphone,6.6,2,True,Never,13.0,84,3.55,Beneficial
STU_2027746,16,Male,High School,YouTube,7.6,2.3,Tablet,6.1,2,True,Sometimes,16.0,82,3.13,Beneficial
STU_2027747,19,Female,Undergraduate,YouTube,7.3,2.5,Smartphone,6.0,2,True,Frequently,13.0,72,3.2,Beneficial
STU_2027748,18,Female,Undergraduate,TikTok,8.3,1.3,Smartphone,6.4,2,True,Sometimes,23.0,61,2.81,Neutral
STU_2027749,20,Male,Undergraduate,Instagram,8.0,1.7,Smartphone,5.0,2,True,Frequently,18.0,66,2.75,Neutral
STU_2027750,17,Male,High School,TikTok,3.8,2.3,Smartphone,8.6,2,False,Rarely,10.0,81,3.3,Beneficial
STU_2027751,19,Female,Undergraduate,Instagram,4.8,2.8,Smartphone,5.9,3,True,Sometimes,10.0,76,2.95,Beneficial
STU_2027752,15,Female,High School,YouTube,3.4,0.7,Smartphone,6.8,1,False,Frequently,9.0,89,,Beneficial
STU_2027753,22,Male,Undergraduate,YouTube,5.6,2.4,Laptop/PC,4.8,2,True,Sometimes,18.0,73,,Beneficial
STU_2027754,19,Female,Undergraduate,TikTok,3.6,2.4,Smartphone,8.2,4,False,Frequently,14.0,83,3.6,Beneficial
STU_2027755,17,Male,High School,YouTube,7.7,2.7,Smartphone,6.0,1,True,Sometimes,10.0,68,2.98,Beneficial
STU_2027756,22,Female,Postgraduate,TikTok,8.6,2.3,Laptop/PC,4.5,1,True,Sometimes,26.0,57,,Neutral
STU_2027757,17,Non-Binary,High School,Instagram,7.5,1.7,Smartphone,6.5,2,True,Frequently,13.0,75,3.17,Beneficial
STU_2027758,16,Male,High School,YouTube,2.5,1.9,Smartphone,7.1,4,False,Sometimes,8.0,88,3.31,Beneficial
STU_2027759,20,Female,Undergraduate,YouTube,2.4,2.6,Smartphone,8.1,3,True,Frequently,8.0,92,3.82,Beneficial
STU_2027760,18,Male,Undergraduate,Instagram,3.3,1.8,Smartphone,8.0,3,False,Sometimes,12.0,94,3.05,Beneficial
STU_2027761,21,Male,Undergraduate,TikTok,2.4,2.2,Smartphone,7.2,3,True,Always,8.0,89,3.89,Beneficial
STU_2027762,21,Female,Undergraduate,TikTok,13.1,0.9,Smartphone,3.0,1,True,Frequently,33.0,37,2.92,Negative
STU_2027763,26,Male,Postgraduate,TikTok,3.6,2.9,Smartphone,8.7,4,False,Sometimes,0.0,98,4.0,Beneficial
STU_2027764,19,Male,Undergraduate,Instagram,5.1,2.1,Smartphone,6.6,2,True,Rarely,16.0,85,3.56,Beneficial
STU_2027765,18,Male,Undergraduate,Instagram,2.7,1.8,Smartphone,8.1,4,False,Sometimes,4.0,88,3.85,Beneficial
STU_2027766,17,Female,High School,TikTok,3.5,2.5,Laptop/PC,6.3,3,False,Rarely,14.0,78,3.32,Beneficial
STU_2027767,19,Female,Undergraduate,Instagram,7.5,1.7,Smartphone,6.6,2,True,Frequently,10.0,65,2.98,Beneficial
STU_2027768,18,Male,Undergraduate,Instagram,2.1,1.4,Smartphone,7.5,4,False,Sometimes,6.0,94,3.97,Beneficial
STU_2027769,21,Female,Undergraduate,Instagram,6.4,1.4,Smartphone,7.8,2,True,Sometimes,15.0,86,2.93,Beneficial
STU_2027770,17,Male,High School,Instagram,6.9,1.5,Laptop/PC,5.5,1,True,Always,27.0,66,2.92,Neutral
STU_2027771,22,Female,Postgraduate,Snapchat,7.3,1.8,Smartphone,5.4,1,False,Sometimes,19.0,72,3.4,Beneficial
STU_2027772,18,Female,Undergraduate,Instagram,2.3,2.1,Smartphone,9.1,4,False,Sometimes,7.0,98,3.68,Beneficial
STU_2027773,24,Male,Postgraduate,LinkedIn,4.4,2.8,Tablet,6.6,2,False,Frequently,9.0,75,3.48,Beneficial
STU_2027774,17,Male,High School,TikTok,3.7,1.7,Smartphone,7.6,3,False,Rarely,13.0,86,4.0,Beneficial
STU_2027775,18,Male,Undergraduate,Instagram,3.5,2.8,Smartphone,7.9,4,True,Sometimes,8.0,83,3.63,Beneficial
STU_2027776,18,Female,Undergraduate,TikTok,5.6,2.0,Laptop/PC,6.2,2,True,Frequently,16.0,80,3.34,Beneficial
STU_2027777,21,Prefer not to say,Undergraduate,Instagram,6.5,2.2,Laptop/PC,7.2,3,False,Never,19.0,61,3.42,Neutral
STU_2027778,20,Female,Undergraduate,Snapchat,5.5,2.1,Smartphone,5.7,3,True,Sometimes,20.0,78,,Beneficial
STU_2027779,21,Female,Undergraduate,Snapchat,3.3,2.4,Smartphone,6.3,3,True,Sometimes,8.0,78,3.72,Beneficial
STU_2027780,15,Female,High School,YouTube,7.1,1.2,Smartphone,7.1,3,True,Sometimes,20.0,69,3.08,Neutral
STU_2027781,19,Male,Undergraduate,TikTok,8.3,3.0,Smartphone,7.0,2,True,Rarely,18.0,71,3.32,Beneficial
STU_2027782,17,Female,High School,Instagram,5.5,0.8,Smartphone,7.7,1,False,Sometimes,4.0,89,,Beneficial
STU_2027783,20,Male,Undergraduate,LinkedIn,4.6,1.1,Smartphone,7.8,3,True,Always,7.0,89,3.37,Beneficial
STU_2027784,19,Female,Undergraduate,Instagram,2.7,1.5,Tablet,7.3,3,False,Rarely,17.0,84,3.92,Beneficial
STU_2027785,19,Female,Undergraduate,X (Twitter),2.3,1.0,Smartphone,7.4,3,False,Sometimes,7.0,98,4.0,Beneficial
STU_2027786,17,Male,High School,Snapchat,4.9,1.5,Smartphone,7.7,4,False,Sometimes,18.0,84,3.52,Beneficial
STU_2027787,17,Female,High School,Instagram,3.3,2.1,Smartphone,7.4,4,False,Always,11.0,79,3.44,Beneficial
STU_2027788,18,Male,Undergraduate,YouTube,6.5,1.0,Smartphone,5.3,2,False,Frequently,20.0,68,3.14,Neutral
STU_2027789,21,Female,Undergraduate,X (Twitter),4.6,2.0,Smartphone,5.9,3,True,Sometimes,10.0,78,3.4,Beneficial
STU_2027790,16,Male,High School,YouTube,6.0,2.0,Smartphone,5.0,1,True,Sometimes,19.0,80,3.12,Beneficial
STU_2027791,19,Female,Undergraduate,Instagram,5.7,0.8,Smartphone,9.3,3,False,Rarely,14.0,92,4.0,Beneficial
STU_2027792,17,Male,High School,YouTube,4.3,2.3,Smartphone,7.2,3,True,Frequently,14.0,92,3.62,Beneficial
STU_2027793,21,Male,High School,TikTok,3.7,1.2,Smartphone,7.3,2,True,Always,11.0,85,3.81,Beneficial
STU_2027794,20,Female,Undergraduate,Snapchat,2.9,2.1,Smartphone,6.1,4,False,Frequently,18.0,82,3.07,Beneficial
STU_2027795,20,Male,Undergraduate,YouTube,4.6,2.2,Smartphone,7.3,3,False,Always,15.0,82,3.76,Beneficial
STU_2027796,17,Female,High School,Reddit,4.9,0.8,Smartphone,6.7,3,False,Sometimes,23.0,82,3.19,Beneficial
STU_2027797,20,Male,Undergraduate,TikTok,4.2,3.1,Smartphone,6.2,2,False,Sometimes,14.0,89,3.18,Beneficial
STU_2027798,20,Male,Undergraduate,TikTok,3.9,2.1,Smartphone,6.4,2,False,Frequently,11.0,87,2.82,Beneficial
STU_2027799,15,Male,High School,Instagram,4.6,2.6,Laptop/PC,6.4,3,True,Sometimes,15.0,78,3.66,Beneficial
STU_2027800,19,Male,Undergraduate,Reddit,6.6,2.8,Smartphone,6.8,3,True,Sometimes,14.0,81,3.08,Beneficial
STU_2027801,19,Female,Undergraduate,YouTube,7.0,2.1,Laptop/PC,6.4,3,True,Frequently,11.0,72,3.49,Beneficial
STU_2027802,17,Male,High School,Instagram,7.0,0.8,Smartphone,6.7,2,True,Frequently,21.0,68,3.55,Beneficial
STU_2027803,16,Male,High School,YouTube,2.1,3.3,Smartphone,7.1,2,False,Never,0.0,98,4.0,Beneficial
STU_2027804,17,Non-Binary,High School,Reddit,8.9,0.9,Smartphone,5.8,1,False,Always,15.0,72,3.17,Beneficial
STU_2027805,18,Female,Undergraduate,TikTok,3.3,1.8,Smartphone,9.0,3,False,Sometimes,15.0,95,3.37,Beneficial
STU_2027806,20,Female,Undergraduate,YouTube,2.6,2.0,Smartphone,8.7,4,True,Sometimes,5.0,94,3.72,Beneficial
STU_2027807,17,Male,High School,YouTube,3.8,1.5,Smartphone,6.8,3,False,Frequently,11.0,78,3.84,Beneficial
STU_2027808,20,Male,Undergraduate,TikTok,7.5,1.7,Laptop/PC,5.4,1,True,Always,18.0,69,2.89,Neutral
STU_2027809,18,Male,Undergraduate,Instagram,5.0,0.4,Smartphone,7.1,2,False,Rarely,2.0,80,4.0,Beneficial
STU_2027810,18,Male,Undergraduate,YouTube,5.8,1.6,Smartphone,6.9,2,True,Sometimes,13.0,83,3.39,Beneficial
STU_2027811,20,Male,Undergraduate,TikTok,14.0,1.8,Smartphone,3.7,1,True,Sometimes,35.0,51,2.69,Negative
STU_2027812,19,Male,Undergraduate,YouTube,4.0,1.7,Smartphone,6.5,3,False,Sometimes,11.0,79,3.28,Beneficial
STU_2027813,18,Female,Undergraduate,X (Twitter),4.0,2.6,Smartphone,7.4,4,False,Frequently,15.0,83,3.12,Beneficial
STU_2027814,19,Male,Undergraduate,YouTube,3.7,1.8,Laptop/PC,6.8,4,False,Sometimes,13.0,89,3.73,Beneficial
STU_2027815,17,Female,High School,Instagram,11.1,1.3,Smartphone,3.2,1,False,Rarely,29.0,46,2.91,Negative
STU_2027816,18,Female,Undergraduate,YouTube,3.2,2.1,Smartphone,8.7,3,False,Sometimes,4.0,98,3.87,Beneficial
STU_2027817,21,Female,Undergraduate,Instagram,4.3,0.0,Smartphone,9.2,2,False,Rarely,4.0,98,3.83,Beneficial
STU_2027818,16,Non-Binary,High School,Instagram,2.5,0.8,Smartphone,7.2,2,True,Rarely,13.0,89,3.41,Beneficial
STU_2027819,19,Female,Undergraduate,Instagram,8.3,1.7,Smartphone,5.7,3,True,Frequently,13.0,68,2.94,Beneficial
STU_2027820,15,Female,High School,Reddit,4.3,1.8,Smartphone,7.4,2,True,Frequently,11.0,87,3.63,Beneficial
STU_2027821,18,Female,High School,Instagram,10.0,1.1,Smartphone,5.6,1,False,Frequently,24.0,51,3.09,Neutral
STU_2027822,17,Female,High School,YouTube,3.2,2.6,Laptop/PC,8.9,4,True,Frequently,7.0,98,4.0,Beneficial
STU_2027823,18,Male,Undergraduate,TikTok,8.7,2.8,Smartphone,6.4,1,True,Always,16.0,58,3.21,Neutral
STU_2027824,20,Male,Undergraduate,TikTok,5.6,2.9,Smartphone,7.9,4,True,Sometimes,11.0,74,3.51,Beneficial
STU_2027825,17,Female,High School,X (Twitter),2.6,3.0,Smartphone,7.0,3,False,Frequently,0.0,93,3.47,Beneficial
STU_2027826,19,Male,Undergraduate,Instagram,3.3,1.8,Tablet,6.5,2,False,Sometimes,12.0,81,3.71,Beneficial
STU_2027827,17,Male,High School,TikTok,4.1,2.1,Smartphone,5.9,3,True,Sometimes,15.0,86,3.56,Beneficial
STU_2027828,21,Female,Undergraduate,X (Twitter),11.4,2.6,Smartphone,5.1,1,True,Frequently,23.0,61,2.73,Neutral
STU_2027829,18,Female,Undergraduate,Instagram,5.9,0.8,Smartphone,5.8,1,True,Never,13.0,82,3.7,Beneficial
STU_2027830,17,Male,High School,Instagram,4.9,1.2,Smartphone,7.0,2,True,Sometimes,12.0,95,3.31,Beneficial
STU_2027831,18,Prefer not to say,Undergraduate,LinkedIn,4.9,2.4,Smartphone,7.6,3,False,Never,8.0,98,4.0,Beneficial
STU_2027832,18,Male,Undergraduate,Instagram,4.4,1.5,Smartphone,8.3,3,False,Always,12.0,87,3.43,Beneficial
STU_2027833,19,Male,Undergraduate,TikTok,5.8,1.3,Smartphone,6.1,2,False,Frequently,20.0,72,3.69,Beneficial
STU_2027834,16,Female,High School,Instagram,3.7,1.7,Laptop/PC,7.7,2,False,Frequently,6.0,86,3.63,Beneficial
STU_2027835,21,Male,Undergraduate,TikTok,2.0,0.7,Tablet,7.2,3,True,Sometimes,0.0,98,,Beneficial
STU_2027836,18,Female,Undergraduate,TikTok,6.4,2.0,Smartphone,6.4,1,False,Rarely,15.0,77,3.07,Beneficial
STU_2027837,17,Female,High School,YouTube,4.2,1.8,Smartphone,6.5,3,False,Frequently,11.0,80,4.0,Beneficial
STU_2027838,16,Non-Binary,High School,Instagram,9.8,1.9,Smartphone,4.8,1,True,Sometimes,17.0,60,3.02,Neutral
STU_2027839,19,Male,Undergraduate,TikTok,5.0,1.9,Smartphone,6.1,2,True,Rarely,8.0,86,,Beneficial
STU_2027840,19,Male,Undergraduate,X (Twitter),1.3,2.9,Smartphone,8.2,5,True,Frequently,0.0,95,4.0,Beneficial
STU_2027841,18,Female,High School,Instagram,5.3,1.9,Smartphone,8.1,3,True,Sometimes,12.0,80,3.88,Beneficial
STU_2027842,16,Male,High School,X (Twitter),4.8,1.3,Smartphone,7.8,3,True,Frequently,10.0,91,3.8,Beneficial
STU_2027843,18,Male,Undergraduate,TikTok,6.1,0.6,Smartphone,5.7,2,True,Frequently,8.0,84,3.47,Beneficial
STU_2027844,20,Female,Undergraduate,Instagram,4.6,3.0,Smartphone,6.1,2,False,Sometimes,10.0,86,3.71,Beneficial
STU_2027845,17,Female,High School,TikTok,4.0,1.7,Smartphone,8.1,3,True,Sometimes,15.0,82,3.46,Beneficial
STU_2027846,18,Male,Undergraduate,Instagram,2.1,0.1,Smartphone,8.1,4,False,Rarely,8.0,98,4.0,Beneficial
STU_2027847,19,Male,Undergraduate,Instagram,2.3,2.7,Smartphone,7.6,4,False,Always,9.0,86,3.62,Beneficial
STU_2027848,16,Male,High School,TikTok,2.3,2.2,Smartphone,7.2,4,False,Sometimes,7.0,86,3.28,Beneficial
STU_2027849,21,Female,Undergraduate,Instagram,6.8,1.7,Smartphone,7.6,2,True,Sometimes,15.0,78,3.62,Beneficial
STU_2027850,17,Male,High School,Snapchat,4.6,0.8,Smartphone,7.7,3,True,Never,18.0,86,3.09,Beneficial
STU_2027851,19,Male,Undergraduate,YouTube,5.0,2.4,Smartphone,6.2,1,True,Always,22.0,68,3.25,Neutral
STU_2027852,19,Male,Undergraduate,YouTube,4.6,1.6,Smartphone,8.4,3,True,Sometimes,8.0,83,4.0,Beneficial
STU_2027853,21,Female,Undergraduate,Reddit,2.9,1.1,Smartphone,6.7,3,True,Rarely,11.0,76,3.36,Beneficial
STU_2027854,15,Female,High School,YouTube,4.4,0.9,Smartphone,6.6,3,False,Always,11.0,86,4.0,Beneficial
STU_2027855,17,Female,High School,Snapchat,4.0,1.6,Smartphone,6.8,2,True,Rarely,16.0,80,3.73,Beneficial
STU_2027856,20,Female,Undergraduate,TikTok,5.2,1.6,Smartphone,7.5,3,True,Sometimes,18.0,87,3.4,Beneficial
STU_2027857,20,Female,Undergraduate,Instagram,5.1,1.4,Laptop/PC,6.3,3,False,Never,15.0,82,3.53,Beneficial
STU_2027858,16,Male,High School,TikTok,2.3,1.3,Smartphone,9.1,4,False,Frequently,9.0,98,4.0,Beneficial
STU_2027859,17,Male,High School,TikTok,4.7,1.3,Smartphone,6.1,2,False,Frequently,8.0,86,3.33,Beneficial
STU_2027860,16,Male,High School,X (Twitter),4.3,0.6,Laptop/PC,7.0,3,False,Sometimes,10.0,81,3.06,Beneficial
STU_2027861,17,Female,High School,Instagram,5.3,1.0,Smartphone,6.6,3,False,Frequently,11.0,80,3.02,Beneficial
STU_2027862,17,Female,High School,Reddit,5.2,1.9,Smartphone,7.7,3,True,Never,9.0,89,3.84,Beneficial
STU_2027863,19,Non-Binary,Undergraduate,TikTok,10.0,2.4,Smartphone,3.9,1,True,Frequently,30.0,47,3.35,Neutral
STU_2027864,21,Male,Undergraduate,X (Twitter),2.9,2.1,Smartphone,7.2,3,True,Sometimes,9.0,86,3.92,Beneficial
STU_2027865,21,Male,Undergraduate,Reddit,5.2,3.0,Laptop/PC,8.0,3,True,Sometimes,9.0,89,4.0,Beneficial
STU_2027866,17,Male,High School,Snapchat,3.1,2.1,Laptop/PC,7.5,3,True,Rarely,9.0,96,3.02,Beneficial
STU_2027867,20,Male,Undergraduate,TikTok,5.1,2.6,Smartphone,6.3,2,True,Rarely,11.0,82,3.59,Beneficial
STU_2027868,17,Female,High School,Instagram,5.5,2.1,Smartphone,6.6,3,True,Frequently,8.0,77,3.43,Beneficial
STU_2027869,18,Female,Undergraduate,TikTok,7.1,1.4,Smartphone,4.9,2,True,Never,17.0,60,3.74,Beneficial
STU_2027870,17,Female,High School,TikTok,10.2,0.2,Smartphone,5.2,1,True,Sometimes,19.0,59,3.34,Neutral
STU_2027871,17,Male,High School,YouTube,4.3,3.1,Smartphone,8.2,4,False,Rarely,12.0,91,3.71,Beneficial
STU_2027872,19,Male,Undergraduate,Snapchat,3.8,1.2,Smartphone,7.1,3,False,Sometimes,10.0,81,2.96,Beneficial
STU_2027873,21,Male,Undergraduate,TikTok,7.0,2.1,Smartphone,6.9,1,True,Rarely,17.0,68,3.73,Beneficial
STU_2027874,15,Female,High School,Snapchat,6.6,1.1,Smartphone,5.3,2,True,Rarely,21.0,65,3.32,Neutral
STU_2027875,18,Female,Undergraduate,TikTok,4.8,1.8,Smartphone,6.6,3,False,Frequently,12.0,79,3.22,Beneficial
STU_2027876,18,Female,Undergraduate,YouTube,6.4,2.6,Smartphone,6.2,2,True,Frequently,23.0,74,2.65,Neutral
STU_2027877,19,Female,Undergraduate,Instagram,4.6,3.4,Smartphone,7.7,3,False,Frequently,9.0,90,3.5,Beneficial
STU_2027878,19,Male,Undergraduate,Instagram,9.9,2.0,Smartphone,3.9,1,True,Sometimes,30.0,48,3.1,Negative
STU_2027879,21,Female,Undergraduate,Instagram,6.1,2.4,Smartphone,7.2,2,True,Frequently,15.0,71,3.8,Beneficial
STU_2027880,21,Female,Undergraduate,YouTube,1.9,2.3,Smartphone,7.0,4,False,Frequently,11.0,88,3.72,Beneficial
STU_2027881,18,Female,Undergraduate,Instagram,8.0,3.2,Smartphone,6.2,1,True,Rarely,20.0,76,3.25,Beneficial
STU_2027882,18,Female,Undergraduate,YouTube,11.7,2.0,Laptop/PC,5.0,1,True,Frequently,34.0,45,2.38,Negative
STU_2027883,18,Female,Undergraduate,Instagram,1.4,1.9,Smartphone,8.4,4,False,Frequently,0.0,96,4.0,Beneficial
STU_2027884,18,Female,Undergraduate,TikTok,1.8,2.5,Laptop/PC,8.4,4,False,Always,7.0,88,4.0,Beneficial
STU_2027885,18,Male,Undergraduate,Instagram,3.2,0.3,Smartphone,7.3,3,False,Sometimes,11.0,89,,Beneficial
STU_2027886,17,Female,High School,YouTube,8.2,2.5,Smartphone,5.3,1,True,Sometimes,19.0,66,3.16,Neutral
STU_2027887,20,Male,Undergraduate,TikTok,7.1,1.8,Smartphone,6.6,2,True,Frequently,10.0,72,3.71,Beneficial
STU_2027888,20,Non-Binary,High School,Instagram,9.2,2.5,Smartphone,5.7,2,False,Sometimes,20.0,78,2.38,Neutral
STU_2027889,18,Female,Undergraduate,YouTube,6.8,0.8,Smartphone,6.7,3,True,Frequently,11.0,77,3.57,Beneficial
STU_2027890,18,Male,High School,Snapchat,5.1,1.4,Smartphone,5.4,1,True,Frequently,22.0,73,3.29,Neutral
STU_2027891,16,Female,High School,Instagram,5.6,3.4,Smartphone,5.9,2,True,Sometimes,16.0,76,3.13,Beneficial
STU_2027892,24,Female,Undergraduate,Instagram,2.6,2.4,Smartphone,6.9,3,False,Frequently,6.0,97,3.73,Beneficial
STU_2027893,19,Male,Undergraduate,YouTube,4.9,1.1,Smartphone,5.8,2,False,Frequently,11.0,76,2.93,Beneficial
STU_2027894,15,Female,High School,Instagram,5.1,1.9,Smartphone,6.3,2,True,Sometimes,10.0,81,3.07,Beneficial
STU_2027895,16,Female,High School,TikTok,6.0,2.0,Smartphone,4.8,1,True,Frequently,13.0,76,3.4,Beneficial
STU_2027896,20,Female,Undergraduate,Instagram,7.7,0.9,Smartphone,6.1,1,False,Rarely,22.0,70,3.16,Neutral
STU_2027897,19,Male,Undergraduate,YouTube,4.2,1.3,Smartphone,7.0,3,False,Frequently,13.0,84,3.9,Beneficial
STU_2027898,20,Female,Undergraduate,Instagram,5.0,2.3,Laptop/PC,5.9,2,True,Rarely,18.0,71,3.47,Beneficial
STU_2027899,18,Male,Undergraduate,Instagram,8.6,1.4,Smartphone,6.5,1,True,Sometimes,25.0,64,2.71,Neutral
STU_2027900,20,Male,High School,Instagram,4.9,1.8,Smartphone,5.6,2,True,Frequently,16.0,78,3.62,Beneficial
STU_2027901,19,Male,Undergraduate,YouTube,7.8,1.6,Smartphone,5.5,1,True,Frequently,24.0,69,2.86,Neutral
STU_2027902,18,Female,Undergraduate,Instagram,4.0,1.9,Smartphone,7.5,3,True,Rarely,9.0,97,4.0,Beneficial
STU_2027903,20,Male,Undergraduate,YouTube,10.0,1.4,Smartphone,6.9,2,True,Sometimes,21.0,80,3.11,Beneficial
STU_2027904,18,Female,Undergraduate,Instagram,2.1,1.4,Laptop/PC,8.5,5,False,Frequently,3.0,93,4.0,Beneficial
STU_2027905,21,Female,High School,TikTok,2.3,0.7,Smartphone,7.4,4,False,Sometimes,7.0,97,4.0,Beneficial
STU_2027906,20,Female,Undergraduate,X (Twitter),8.7,2.0,Smartphone,6.9,2,True,Frequently,23.0,76,2.45,Neutral
STU_2027907,21,Male,Undergraduate,Instagram,3.6,2.9,Laptop/PC,7.4,2,False,Frequently,8.0,81,3.49,Beneficial
STU_2027908,19,Female,Undergraduate,X (Twitter),3.4,2.4,Laptop/PC,6.9,2,False,Frequently,6.0,85,3.94,Beneficial
STU_2027909,21,Female,Undergraduate,YouTube,3.3,1.6,Smartphone,7.1,3,False,Sometimes,7.0,93,3.3,Beneficial
STU_2027910,17,Male,High School,TikTok,2.4,1.0,Smartphone,8.6,4,True,Frequently,10.0,85,3.35,Beneficial
STU_2027911,17,Male,High School,TikTok,5.5,2.0,Laptop/PC,7.3,3,True,Frequently,13.0,82,3.04,Beneficial
STU_2027912,22,Female,Undergraduate,X (Twitter),2.5,1.4,Smartphone,7.8,3,True,Sometimes,12.0,88,3.87,Beneficial
STU_2027913,18,Non-Binary,Undergraduate,Instagram,4.4,0.9,Smartphone,6.3,1,True,Frequently,9.0,86,4.0,Beneficial
STU_2027914,15,Male,High School,YouTube,4.1,1.3,Smartphone,7.4,2,False,Sometimes,13.0,86,,Beneficial
STU_2027915,23,Female,Postgraduate,YouTube,6.8,1.9,Smartphone,6.2,2,True,Frequently,19.0,75,3.25,Beneficial
STU_2027916,16,Female,High School,Instagram,9.2,1.2,Smartphone,5.1,1,True,Never,15.0,69,3.36,Beneficial
STU_2027917,18,Non-Binary,Undergraduate,Instagram,14.0,2.7,Laptop/PC,5.0,1,True,Frequently,31.0,38,2.98,Negative
STU_2027918,24,Female,Undergraduate,Instagram,8.2,1.3,Smartphone,5.9,2,True,Sometimes,14.0,77,3.3,Beneficial
STU_2027919,18,Male,Undergraduate,YouTube,7.6,2.4,Smartphone,5.6,1,False,Frequently,15.0,73,3.3,Beneficial
STU_2027920,21,Female,Undergraduate,TikTok,2.1,2.1,Smartphone,6.9,3,False,Sometimes,6.0,88,3.81,Beneficial
STU_2027921,18,Male,Undergraduate,Instagram,3.0,2.3,Smartphone,8.2,4,False,Sometimes,9.0,87,3.57,Beneficial
STU_2027922,19,Male,Undergraduate,Instagram,1.9,1.8,Smartphone,9.3,4,False,Sometimes,10.0,98,,Beneficial
STU_2027923,19,Male,Undergraduate,Instagram,8.3,1.3,Smartphone,6.7,2,True,Rarely,21.0,67,3.38,Neutral
STU_2027924,24,Male,Postgraduate,Reddit,4.8,2.8,Smartphone,7.6,3,False,Sometimes,0.0,98,3.63,Beneficial
STU_2027925,21,Male,Undergraduate,TikTok,2.3,2.1,Laptop/PC,8.9,4,True,Frequently,7.0,96,3.59,Beneficial
STU_2027926,18,Male,Undergraduate,TikTok,6.5,1.5,Smartphone,5.7,2,False,Always,13.0,74,3.34,Beneficial
STU_2027927,20,Male,Undergraduate,Snapchat,6.2,0.0,Smartphone,5.0,1,True,Always,23.0,72,2.9,Neutral
STU_2027928,18,Male,Undergraduate,YouTube,5.9,1.1,Smartphone,7.9,2,True,Frequently,12.0,80,3.42,Beneficial
STU_2027929,19,Female,Undergraduate,TikTok,5.1,1.0,Smartphone,6.9,3,True,Sometimes,13.0,75,3.76,Beneficial
STU_2027930,22,Female,Undergraduate,TikTok,4.1,1.7,Smartphone,7.7,3,False,Always,2.0,98,3.14,Beneficial
STU_2027931,15,Male,High School,Reddit,2.3,3.3,Laptop/PC,6.3,3,False,Rarely,11.0,82,3.94,Beneficial
STU_2027932,23,Male,Postgraduate,TikTok,2.7,3.2,Smartphone,7.3,3,False,Sometimes,9.0,96,3.4,Beneficial
STU_2027933,19,Female,Undergraduate,TikTok,3.7,2.6,Laptop/PC,7.5,2,False,Frequently,12.0,87,3.18,Beneficial
STU_2027934,19,Male,Undergraduate,YouTube,4.2,2.8,Smartphone,6.9,3,False,Frequently,9.0,95,3.33,Beneficial
STU_2027935,15,Male,High School,YouTube,1.8,1.9,Smartphone,7.4,3,False,Frequently,8.0,98,3.93,Beneficial
STU_2027936,18,Male,Undergraduate,YouTube,4.0,0.9,Smartphone,8.6,4,True,Frequently,10.0,91,4.0,Beneficial
STU_2027937,17,Male,High School,Instagram,2.3,2.3,Smartphone,5.0,1,True,Sometimes,14.0,79,3.75,Beneficial
STU_2027938,19,Male,Undergraduate,Instagram,5.8,1.5,Laptop/PC,7.1,2,True,Frequently,15.0,73,3.53,Beneficial
STU_2027939,18,Female,Undergraduate,Instagram,4.2,1.3,Smartphone,8.0,4,False,Rarely,8.0,87,3.53,Beneficial
STU_2027940,18,Male,Undergraduate,Instagram,5.9,2.7,Tablet,7.1,3,True,Rarely,18.0,77,3.34,Beneficial
STU_2027941,20,Female,Undergraduate,X (Twitter),2.7,1.9,Smartphone,7.7,3,True,Sometimes,7.0,92,3.35,Beneficial
STU_2027942,18,Male,Undergraduate,Instagram,3.5,3.0,Smartphone,7.3,3,False,Frequently,6.0,88,3.41,Beneficial
STU_2027943,19,Male,Undergraduate,TikTok,6.7,2.5,Smartphone,5.8,2,True,Rarely,17.0,68,3.22,Beneficial
STU_2027944,19,Female,Undergraduate,YouTube,5.3,1.9,Tablet,7.5,3,False,Always,6.0,84,3.91,Beneficial
STU_2027945,16,Female,High School,TikTok,9.3,0.3,Smartphone,6.4,1,True,Sometimes,23.0,63,2.94,Neutral
STU_2027946,20,Male,Undergraduate,YouTube,4.4,1.6,Smartphone,6.2,2,True,Frequently,17.0,82,3.61,Beneficial
STU_2027947,16,Female,High School,TikTok,6.1,1.4,Smartphone,6.7,3,True,Rarely,19.0,83,3.34,Beneficial
STU_2027948,15,Female,High School,TikTok,8.7,2.7,Smartphone,6.9,2,True,Sometimes,15.0,81,3.06,Beneficial
STU_2027949,22,Female,Undergraduate,LinkedIn,3.9,2.2,Laptop/PC,8.3,3,False,Sometimes,13.0,80,3.92,Beneficial
STU_2027950,17,Non-Binary,High School,YouTube,12.5,3.3,Smartphone,4.7,1,True,Frequently,21.0,54,2.57,Neutral
STU_2027951,22,Female,Postgraduate,TikTok,4.7,0.4,Smartphone,7.4,3,False,Sometimes,15.0,82,3.24,Beneficial
STU_2027952,17,Male,High School,TikTok,8.9,1.4,Smartphone,5.3,1,True,Sometimes,26.0,76,2.93,Neutral
STU_2027953,20,Male,Undergraduate,TikTok,4.2,2.3,Smartphone,6.2,3,False,Rarely,16.0,87,3.23,Beneficial
STU_2027954,17,Male,High School,Instagram,3.1,2.7,Smartphone,8.3,3,False,Rarely,10.0,93,3.53,Beneficial
STU_2027955,19,Male,Undergraduate,Snapchat,2.7,2.4,Smartphone,8.1,4,True,Rarely,7.0,96,3.9,Beneficial
STU_2027956,17,Female,High School,TikTok,4.3,3.0,Smartphone,6.6,3,False,Never,7.0,96,3.81,Beneficial
STU_2027957,23,Male,Postgraduate,Instagram,4.9,1.6,Smartphone,7.1,3,True,Always,9.0,82,3.19,Beneficial
STU_2027958,17,Male,High School,Instagram,3.0,1.9,Smartphone,6.7,3,True,Frequently,15.0,83,3.96,Beneficial
STU_2027959,17,Female,High School,Instagram,4.7,2.4,Smartphone,6.5,2,True,Frequently,22.0,67,3.13,Neutral
STU_2027960,18,Female,Undergraduate,YouTube,4.0,3.3,Smartphone,6.9,3,False,Sometimes,7.0,92,3.91,Beneficial
STU_2027961,18,Female,Undergraduate,X (Twitter),4.1,1.7,Smartphone,7.5,4,False,Never,0.0,98,3.86,Beneficial
STU_2027962,20,Male,Undergraduate,Instagram,5.4,2.2,Smartphone,6.1,2,True,Rarely,14.0,77,3.51,Beneficial
STU_2027963,19,Female,Undergraduate,Instagram,6.7,1.6,Smartphone,8.4,3,True,Always,19.0,77,3.14,Beneficial
STU_2027964,20,Female,Undergraduate,Instagram,3.4,1.7,Smartphone,8.0,3,False,Frequently,14.0,87,3.65,Beneficial
STU_2027965,19,Female,Undergraduate,Reddit,4.3,2.3,Smartphone,7.9,2,False,Frequently,9.0,85,3.41,Beneficial
STU_2027966,19,Male,Undergraduate,Instagram,2.7,2.1,Smartphone,6.8,4,True,Frequently,7.0,86,3.84,Beneficial
STU_2027967,17,Female,High School,YouTube,14.0,1.9,Smartphone,3.6,1,True,Always,36.0,34,2.49,Negative
STU_2027968,20,Female,Undergraduate,TikTok,5.6,1.5,Tablet,5.9,1,False,Sometimes,14.0,85,3.38,Beneficial
STU_2027969,21,Female,Undergraduate,YouTube,11.7,1.8,Smartphone,4.1,1,True,Never,30.0,60,2.67,Negative
STU_2027970,16,Female,High School,TikTok,5.0,1.7,Smartphone,7.6,2,False,Sometimes,5.0,88,3.46,Beneficial
STU_2027971,18,Female,Undergraduate,YouTube,5.1,1.1,Smartphone,6.6,2,False,Never,16.0,80,3.64,Beneficial
STU_2027972,16,Male,High School,Instagram,2.9,1.4,Smartphone,7.5,3,False,Always,5.0,97,3.47,Beneficial
STU_2027973,16,Female,High School,YouTube,5.4,1.6,Smartphone,7.9,3,True,Sometimes,11.0,82,3.34,Beneficial
STU_2027974,19,Male,Undergraduate,YouTube,2.8,3.0,Smartphone,7.8,5,False,Sometimes,9.0,86,3.78,Beneficial
STU_2027975,21,Male,Undergraduate,Instagram,7.1,2.0,Smartphone,6.4,1,True,Frequently,17.0,75,3.36,Beneficial
STU_2027976,19,Non-Binary,Undergraduate,Instagram,9.8,1.8,Laptop/PC,5.9,2,False,Sometimes,25.0,71,2.73,Neutral
STU_2027977,19,Female,Undergraduate,Snapchat,4.7,2.3,Smartphone,5.8,2,True,Frequently,,90,3.51,Beneficial
STU_2027978,21,Male,Undergraduate,Instagram,5.1,0.3,Smartphone,7.3,3,True,Frequently,15.0,82,3.24,Beneficial
STU_2027979,20,Male,Undergraduate,TikTok,10.9,2.1,Smartphone,4.2,1,True,Sometimes,27.0,58,3.02,Neutral
STU_2027980,20,Male,Undergraduate,TikTok,7.3,1.8,Smartphone,7.2,2,True,Always,10.0,85,3.62,Beneficial
STU_2027981,22,Male,Postgraduate,TikTok,3.0,2.6,Laptop/PC,6.7,3,False,Never,8.0,84,3.56,Beneficial
STU_2027982,18,Female,Undergraduate,Instagram,8.3,0.5,Smartphone,4.7,2,True,Always,18.0,70,3.03,Beneficial
STU_2027983,18,Male,High School,YouTube,8.3,2.3,Tablet,5.0,1,False,Sometimes,13.0,62,3.09,Beneficial
STU_2027984,19,Female,Undergraduate,YouTube,4.0,0.8,Smartphone,6.0,2,False,Rarely,14.0,77,3.16,Beneficial
STU_2027985,20,Male,Undergraduate,YouTube,4.9,1.0,Smartphone,9.1,3,True,Always,18.0,92,3.56,Beneficial
STU_2027986,18,Male,Undergraduate,TikTok,2.1,2.8,Smartphone,8.1,3,False,Frequently,4.0,98,3.6,Beneficial
STU_2027987,21,Prefer not to say,Undergraduate,Instagram,2.3,1.5,Smartphone,8.2,3,False,Sometimes,0.0,98,4.0,Beneficial
STU_2027988,17,Male,High School,Instagram,4.0,1.5,Smartphone,7.0,3,False,Frequently,20.0,76,3.51,Beneficial
STU_2027989,18,Female,Undergraduate,Snapchat,11.0,1.2,Smartphone,5.6,1,True,Frequently,25.0,62,3.65,Neutral
STU_2027990,18,Female,Undergraduate,Instagram,7.4,0.3,Smartphone,5.7,2,True,Frequently,16.0,80,3.14,Beneficial
STU_2027991,20,Male,Undergraduate,Instagram,8.7,1.8,Smartphone,4.5,1,False,Sometimes,18.0,57,2.93,Neutral
STU_2027992,18,Female,Undergraduate,Instagram,6.8,2.0,Smartphone,6.1,2,True,Sometimes,19.0,79,3.5,Beneficial
STU_2027993,20,Female,Undergraduate,Instagram,2.3,2.1,Laptop/PC,7.5,3,True,Frequently,5.0,98,3.39,Beneficial
STU_2027994,17,Female,High School,Instagram,4.9,2.0,Smartphone,6.2,2,True,Always,10.0,81,3.23,Beneficial
STU_2027995,16,Female,High School,Instagram,6.3,1.5,Smartphone,4.7,2,True,Sometimes,24.0,57,2.52,Neutral
STU_2027996,17,Male,High School,TikTok,2.9,0.9,Smartphone,7.5,3,True,Frequently,4.0,91,3.93,Beneficial
STU_2027997,21,Male,Undergraduate,X (Twitter),5.3,3.4,Smartphone,6.8,2,False,Frequently,9.0,82,3.57,Beneficial
STU_2027998,21,Female,Undergraduate,Instagram,5.6,1.3,Smartphone,5.7,1,True,Always,18.0,74,3.71,Beneficial
STU_2027999,17,Male,High School,TikTok,2.7,1.5,Smartphone,8.2,4,False,Frequently,3.0,91,4.0,Beneficial
STU_2028000,17,Male,High School,Reddit,5.2,1.1,Smartphone,5.9,3,True,Frequently,16.0,72,3.46,Beneficial
STU_2028001,22,Female,Undergraduate,TikTok,2.7,1.8,Tablet,8.2,4,True,Sometimes,4.0,98,4.0,Beneficial
STU_2028002,16,Female,High School,Instagram,2.9,1.2,Smartphone,8.6,3,True,Sometimes,11.0,84,3.52,Beneficial
STU_2028003,23,Female,Postgraduate,YouTube,5.1,2.9,Laptop/PC,6.7,2,True,Frequently,19.0,87,3.62,Beneficial
STU_2028004,18,Female,Undergraduate,Instagram,3.7,2.1,Smartphone,6.9,2,False,Frequently,12.0,73,3.55,Beneficial
STU_2028005,18,Male,Undergraduate,TikTok,5.1,1.1,Smartphone,6.3,2,True,Never,11.0,79,2.95,Beneficial
STU_2028006,18,Male,Undergraduate,TikTok,3.4,1.4,Smartphone,7.9,4,False,Rarely,6.0,85,3.96,Beneficial
STU_2028007,21,Male,Undergraduate,Snapchat,14.0,0.0,Smartphone,3.1,1,True,Rarely,35.0,38,2.58,Negative
STU_2028008,17,Female,High School,YouTube,5.1,1.6,Smartphone,6.0,2,True,Sometimes,18.0,78,3.68,Beneficial
STU_2028009,18,Female,Undergraduate,Instagram,9.8,1.8,Tablet,5.9,1,True,Frequently,14.0,63,3.43,Beneficial
STU_2028010,22,Male,Postgraduate,Snapchat,3.4,2.4,Smartphone,7.0,4,False,Sometimes,12.0,79,3.58,Beneficial
STU_2028011,16,Male,High School,YouTube,8.5,1.6,Smartphone,5.1,2,True,Sometimes,22.0,71,3.09,Neutral
STU_2028012,17,Female,High School,TikTok,4.2,1.8,Laptop/PC,6.6,3,True,Rarely,14.0,79,3.3,Beneficial
STU_2028013,25,Female,Undergraduate,X (Twitter),1.9,3.7,Smartphone,7.0,3,True,Sometimes,8.0,81,3.75,Beneficial
STU_2028014,21,Female,Undergraduate,Instagram,3.7,1.3,Smartphone,6.5,3,True,Frequently,12.0,73,3.2,Beneficial
STU_2028015,20,Male,Undergraduate,Snapchat,5.7,1.5,Smartphone,5.3,1,True,Sometimes,12.0,72,3.14,Beneficial
STU_2028016,15,Male,High School,TikTok,5.5,0.8,Smartphone,7.9,3,True,Sometimes,15.0,91,3.77,Beneficial
STU_2028017,18,Female,Undergraduate,Snapchat,6.0,1.8,Smartphone,6.4,1,True,Sometimes,19.0,68,2.85,Neutral
STU_2028018,17,Male,High School,Snapchat,4.7,1.3,Smartphone,6.1,2,False,Sometimes,9.0,87,4.0,Beneficial
STU_2028019,18,Male,Undergraduate,X (Twitter),5.3,2.3,Smartphone,6.8,2,True,Rarely,11.0,86,3.22,Beneficial
STU_2028020,17,Female,High School,Reddit,2.8,1.3,Smartphone,5.3,2,True,Never,9.0,71,4.0,Beneficial
STU_2028021,18,Male,Undergraduate,YouTube,1.7,0.0,Smartphone,7.5,4,False,Sometimes,14.0,95,3.51,Beneficial
STU_2028022,23,Male,Postgraduate,TikTok,5.4,1.3,Smartphone,6.3,2,True,Sometimes,5.0,85,3.44,Beneficial
STU_2028023,16,Male,High School,YouTube,7.5,2.3,Smartphone,6.4,1,True,Frequently,22.0,66,3.34,Neutral
STU_2028024,20,Female,Undergraduate,YouTube,10.4,2.0,Smartphone,4.1,1,True,Sometimes,32.0,53,2.53,Negative
STU_2028025,19,Male,Undergraduate,YouTube,10.8,0.8,Smartphone,4.5,1,True,Frequently,32.0,41,,Negative
STU_2028026,17,Male,High School,TikTok,7.4,1.8,Smartphone,6.2,2,True,Frequently,20.0,73,2.74,Neutral
STU_2028027,18,Male,Undergraduate,YouTube,10.5,2.0,Smartphone,5.8,1,True,Frequently,22.0,65,2.72,Neutral
STU_2028028,20,Male,High School,YouTube,4.9,2.1,Smartphone,7.9,2,True,Sometimes,10.0,87,3.48,Beneficial
STU_2028029,18,Male,High School,TikTok,10.7,1.9,Smartphone,3.7,1,False,Frequently,21.0,61,3.47,Neutral
STU_2028030,18,Female,Undergraduate,Instagram,5.4,2.2,Smartphone,7.6,3,True,Never,15.0,83,3.32,Beneficial
STU_2028031,20,Female,Undergraduate,TikTok,3.7,1.5,Smartphone,8.7,3,False,Rarely,7.0,86,3.76,Beneficial
STU_2028032,23,Male,Postgraduate,Instagram,11.3,1.5,Smartphone,4.4,1,True,Rarely,30.0,56,2.59,Negative
STU_2028033,17,Male,High School,TikTok,6.2,0.9,Smartphone,7.5,3,True,Always,17.0,76,3.25,Beneficial
STU_2028034,18,Male,Undergraduate,Reddit,6.0,2.0,Smartphone,5.7,2,True,Frequently,17.0,72,3.45,Beneficial
STU_2028035,16,Male,High School,TikTok,6.0,0.6,Smartphone,7.3,2,True,Frequently,15.0,77,,Beneficial
STU_2028036,15,Female,High School,TikTok,4.3,1.7,Smartphone,6.4,2,True,Frequently,12.0,82,2.87,Beneficial
STU_2028037,18,Male,Undergraduate,TikTok,6.8,1.3,Laptop/PC,6.0,2,True,Frequently,17.0,62,2.89,Neutral
STU_2028038,17,Female,High School,X (Twitter),3.2,1.8,Smartphone,7.7,3,True,Sometimes,13.0,87,3.88,Beneficial
STU_2028039,19,Male,High School,Instagram,3.6,0.4,Smartphone,7.2,4,False,Frequently,14.0,92,3.88,Beneficial
STU_2028040,18,Non-Binary,High School,TikTok,1.4,2.8,Smartphone,7.9,4,True,Sometimes,1.0,87,3.99,Beneficial
STU_2028041,17,Female,High School,Snapchat,8.0,2.0,Smartphone,7.7,2,True,Sometimes,14.0,80,3.22,Beneficial
STU_2028042,22,Male,Postgraduate,TikTok,8.1,2.7,Smartphone,6.0,2,True,Sometimes,16.0,76,3.2,Beneficial
STU_2028043,20,Male,Undergraduate,Reddit,3.2,1.7,Smartphone,5.9,1,True,Sometimes,7.0,84,3.46,Beneficial
STU_2028044,21,Female,Undergraduate,TikTok,2.6,1.8,Smartphone,6.5,3,False,Never,,92,3.75,Beneficial
STU_2028045,17,Male,High School,Instagram,6.2,2.0,Laptop/PC,7.5,1,True,Sometimes,2.0,75,3.88,Beneficial
STU_2028046,20,Male,High School,TikTok,4.9,2.5,Smartphone,7.3,3,False,Never,17.0,73,3.65,Beneficial
STU_2028047,23,Female,Undergraduate,Reddit,6.4,1.6,Laptop/PC,4.8,1,True,Sometimes,9.0,75,3.13,Beneficial
STU_2028048,23,Male,Postgraduate,TikTok,3.1,1.3,Laptop/PC,6.6,3,True,Sometimes,18.0,89,3.29,Beneficial
STU_2028049,19,Female,Undergraduate,Snapchat,4.6,1.5,Smartphone,7.9,4,False,Frequently,4.0,84,3.48,Beneficial
STU_2028050,19,Male,Undergraduate,TikTok,2.9,1.1,Smartphone,7.7,4,True,Frequently,8.0,94,3.73,Beneficial
STU_2028051,17,Male,High School,X (Twitter),4.1,1.2,Smartphone,7.1,3,True,Frequently,6.0,93,3.75,Beneficial
STU_2028052,17,Male,High School,TikTok,5.6,3.6,Laptop/PC,7.9,3,True,Sometimes,11.0,78,3.33,Beneficial
STU_2028053,21,Female,Undergraduate,X (Twitter),4.3,1.1,Smartphone,7.3,4,False,Never,12.0,84,3.32,Beneficial
STU_2028054,21,Non-Binary,Undergraduate,Instagram,4.6,1.5,Laptop/PC,8.3,4,False,Sometimes,9.0,89,4.0,Beneficial
STU_2028055,17,Female,High School,Instagram,3.7,0.8,Tablet,7.9,4,False,Sometimes,6.0,96,3.38,Beneficial
STU_2028056,19,Female,Undergraduate,Instagram,2.4,1.3,Smartphone,6.5,3,True,Sometimes,1.0,91,3.8,Beneficial
STU_2028057,19,Male,Undergraduate,TikTok,2.8,0.8,Smartphone,6.4,2,False,Always,14.0,98,3.51,Beneficial
STU_2028058,20,Female,Undergraduate,TikTok,2.6,2.3,Smartphone,7.5,5,True,Rarely,14.0,90,3.73,Beneficial
STU_2028059,22,Male,Undergraduate,Instagram,6.5,2.8,Smartphone,6.6,3,False,Rarely,20.0,80,3.34,Beneficial
STU_2028060,20,Female,Undergraduate,Snapchat,5.6,2.2,Laptop/PC,6.5,2,True,Frequently,12.0,84,3.69,Beneficial
STU_2028061,20,Female,Undergraduate,Snapchat,3.7,1.2,Smartphone,8.4,3,True,Frequently,0.0,92,3.74,Beneficial
STU_2028062,20,Male,Undergraduate,TikTok,2.5,0.9,Smartphone,6.0,1,False,Sometimes,11.0,87,3.48,Beneficial
STU_2028063,18,Female,Undergraduate,YouTube,2.4,2.4,Laptop/PC,8.4,4,True,Rarely,8.0,90,3.57,Beneficial
STU_2028064,20,Male,Undergraduate,Snapchat,9.9,2.3,Smartphone,6.6,2,True,Frequently,25.0,72,3.07,Neutral
STU_2028065,20,Female,Undergraduate,TikTok,3.1,3.2,Smartphone,7.7,4,True,Frequently,8.0,92,3.43,Beneficial
STU_2028066,19,Female,Undergraduate,TikTok,2.8,2.4,Smartphone,7.1,4,False,Frequently,8.0,90,4.0,Beneficial
STU_2028067,20,Female,Undergraduate,Instagram,4.6,0.9,Laptop/PC,7.7,2,False,Frequently,8.0,93,3.78,Beneficial
STU_2028068,17,Male,High School,Instagram,6.4,1.9,Laptop/PC,7.9,3,True,Frequently,18.0,88,3.12,Beneficial
STU_2028069,19,Non-Binary,Undergraduate,Snapchat,5.6,2.3,Smartphone,7.1,3,False,Sometimes,11.0,80,3.49,Beneficial
STU_2028070,16,Male,High School,Instagram,5.2,2.4,Smartphone,7.1,3,True,Always,16.0,84,3.27,Beneficial
STU_2028071,18,Female,Undergraduate,X (Twitter),4.3,2.5,Smartphone,7.8,3,True,Frequently,17.0,88,3.15,Beneficial
STU_2028072,19,Male,High School,Instagram,4.4,1.0,Laptop/PC,8.0,4,False,Rarely,15.0,91,3.06,Beneficial
STU_2028073,17,Female,High School,Instagram,5.1,1.4,Smartphone,6.2,2,True,Sometimes,18.0,75,3.51,Beneficial
STU_2028074,17,Female,High School,TikTok,5.7,1.5,Smartphone,6.0,2,False,Sometimes,12.0,81,3.75,Beneficial
STU_2028075,19,Female,Undergraduate,Instagram,4.3,0.7,Smartphone,7.6,3,False,Frequently,10.0,88,3.94,Beneficial
STU_2028076,25,Male,Postgraduate,Instagram,3.8,2.2,Tablet,7.1,2,True,Never,14.0,80,4.0,Beneficial
STU_2028077,18,Male,Undergraduate,Instagram,4.0,1.1,Smartphone,7.6,3,True,Frequently,,84,3.74,Beneficial
STU_2028078,22,Male,Postgraduate,Instagram,2.9,1.8,Smartphone,7.4,3,False,Sometimes,5.0,85,3.85,Beneficial
STU_2028079,20,Male,Undergraduate,YouTube,4.3,2.2,Smartphone,6.8,3,False,Rarely,4.0,85,3.59,Beneficial
STU_2028080,20,Male,Undergraduate,Instagram,9.2,3.2,Smartphone,6.4,2,False,Always,21.0,65,2.72,Neutral
STU_2028081,17,Male,High School,Instagram,5.9,2.0,Laptop/PC,6.4,2,True,Always,22.0,67,3.19,Neutral
STU_2028082,18,Female,Undergraduate,Instagram,2.1,1.9,Tablet,7.1,3,False,Sometimes,4.0,84,3.98,Beneficial
STU_2028083,25,Male,Postgraduate,TikTok,2.3,1.7,Smartphone,7.4,3,False,Never,12.0,90,3.58,Beneficial
STU_2028084,16,Female,High School,Instagram,14.0,0.9,Tablet,4.6,1,True,Never,35.0,39,1.9,Negative
STU_2028085,20,Female,Undergraduate,YouTube,2.9,2.1,Smartphone,7.2,4,True,Frequently,7.0,82,3.9,Beneficial
STU_2028086,17,Female,High School,LinkedIn,6.0,2.7,Smartphone,6.8,2,True,Frequently,15.0,76,2.82,Beneficial
STU_2028087,19,Male,Undergraduate,TikTok,10.7,1.0,Smartphone,4.5,1,True,Sometimes,23.0,62,3.18,Neutral
STU_2028088,20,Male,Undergraduate,Instagram,4.6,1.8,Smartphone,7.0,3,False,Rarely,9.0,87,3.42,Beneficial
STU_2028089,25,Male,Postgraduate,Instagram,3.5,2.7,Smartphone,6.3,3,True,Sometimes,10.0,85,3.54,Beneficial
STU_2028090,21,Prefer not to say,Undergraduate,Instagram,3.0,1.8,Smartphone,7.8,3,True,Rarely,4.0,93,3.51,Beneficial
STU_2028091,16,Female,High School,Instagram,5.3,1.4,Smartphone,5.3,1,False,Sometimes,12.0,65,3.56,Beneficial
STU_2028092,20,Female,Undergraduate,Reddit,8.1,0.6,Smartphone,6.7,2,True,Frequently,16.0,82,3.22,Beneficial
STU_2028093,18,Male,Undergraduate,Snapchat,3.8,1.4,Smartphone,7.5,2,False,Rarely,1.0,94,3.97,Beneficial
STU_2028094,16,Female,High School,Instagram,6.6,2.0,Smartphone,6.5,1,True,Rarely,18.0,83,3.38,Beneficial
STU_2028095,16,Female,High School,YouTube,3.0,0.2,Smartphone,6.6,2,True,Sometimes,4.0,93,4.0,Beneficial
STU_2028096,19,Female,Undergraduate,Snapchat,4.3,0.8,Laptop/PC,8.1,3,False,Rarely,4.0,88,3.67,Beneficial
STU_2028097,18,Female,High School,TikTok,4.4,1.4,Smartphone,7.5,4,True,Frequently,11.0,92,3.37,Beneficial
STU_2028098,17,Male,High School,TikTok,3.4,1.6,Smartphone,7.0,4,False,Sometimes,7.0,83,3.93,Beneficial
STU_2028099,19,Female,Undergraduate,Instagram,3.1,2.3,Smartphone,7.0,2,False,Rarely,13.0,93,3.56,Beneficial
STU_2028100,19,Prefer not to say,Undergraduate,Instagram,2.5,1.6,Smartphone,6.9,3,True,Sometimes,18.0,87,3.73,Beneficial
STU_2028101,17,Male,High School,TikTok,5.0,2.1,Smartphone,6.5,1,True,Always,8.0,87,4.0,Beneficial
STU_2028102,24,Male,Postgraduate,YouTube,7.1,3.0,Smartphone,6.8,1,True,Rarely,15.0,67,3.18,Beneficial
STU_2028103,17,Female,High School,TikTok,6.2,1.4,Smartphone,6.5,2,True,Sometimes,25.0,71,3.23,Neutral
STU_2028104,17,Female,High School,YouTube,5.8,1.6,Smartphone,7.9,3,True,Frequently,10.0,85,3.21,Beneficial
STU_2028105,16,Male,High School,TikTok,4.6,2.7,Smartphone,7.1,4,True,Rarely,17.0,94,,Beneficial
STU_2028106,18,Male,Undergraduate,Instagram,5.0,1.5,Smartphone,7.5,2,False,Frequently,17.0,82,3.73,Beneficial
STU_2028107,16,Male,High School,TikTok,2.9,1.4,Smartphone,7.2,4,False,Sometimes,9.0,98,3.71,Beneficial
STU_2028108,15,Female,High School,YouTube,3.2,3.3,Smartphone,9.8,5,True,Sometimes,12.0,96,3.27,Beneficial
STU_2028109,22,Female,Postgraduate,Snapchat,12.4,0.2,Smartphone,5.7,1,True,Rarely,18.0,59,2.78,Neutral
STU_2028110,18,Male,Undergraduate,Instagram,7.7,1.7,Smartphone,5.4,2,True,Rarely,17.0,62,3.07,Neutral
STU_2028111,17,Female,High School,Snapchat,4.7,1.6,Smartphone,6.1,2,True,Sometimes,16.0,81,3.55,Beneficial
STU_2028112,19,Male,Undergraduate,Snapchat,4.4,2.2,Smartphone,7.3,3,True,Never,14.0,82,3.71,Beneficial
STU_2028113,19,Male,Undergraduate,Snapchat,7.8,1.8,Smartphone,4.6,1,True,Rarely,19.0,73,3.44,Beneficial
STU_2028114,20,Female,High School,X (Twitter),4.3,2.3,Smartphone,6.8,4,False,Sometimes,,87,2.89,Beneficial
STU_2028115,20,Male,Undergraduate,Instagram,6.5,0.6,Smartphone,7.1,2,True,Frequently,12.0,71,3.23,Beneficial
STU_2028116,21,Male,Undergraduate,Instagram,3.1,1.5,Tablet,6.3,3,True,Sometimes,8.0,91,3.54,Beneficial
STU_2028117,18,Female,Undergraduate,Instagram,8.5,1.7,Smartphone,5.4,1,True,Rarely,19.0,73,2.71,Neutral
STU_2028118,20,Female,Undergraduate,Instagram,5.6,1.7,Smartphone,6.5,2,True,Sometimes,11.0,77,3.69,Beneficial
STU_2028119,17,Male,High School,Instagram,5.4,2.1,Smartphone,6.7,1,True,Always,9.0,82,3.4,Beneficial
STU_2028120,17,Female,High School,TikTok,5.6,2.2,Smartphone,7.7,4,True,Frequently,19.0,83,3.3,Beneficial
STU_2028121,18,Male,Undergraduate,TikTok,6.0,2.6,Smartphone,7.4,3,True,Sometimes,16.0,76,3.24,Beneficial
STU_2028122,17,Male,High School,TikTok,4.0,2.8,Smartphone,7.4,3,True,Always,12.0,82,3.68,Beneficial
STU_2028123,19,Female,Undergraduate,TikTok,3.2,2.5,Smartphone,8.4,4,True,Sometimes,9.0,87,4.0,Beneficial
STU_2028124,20,Male,Undergraduate,YouTube,4.9,1.2,Smartphone,6.1,2,False,Sometimes,,75,3.37,Beneficial
STU_2028125,17,Female,High School,X (Twitter),11.8,0.5,Smartphone,4.5,1,True,Sometimes,24.0,58,3.26,Neutral
STU_2028126,19,Male,High School,TikTok,3.6,1.8,Smartphone,5.4,2,False,Sometimes,21.0,75,2.9,Neutral
STU_2028127,20,Male,Undergraduate,YouTube,7.8,1.2,Smartphone,6.3,1,True,Never,15.0,74,3.14,Beneficial
STU_2028128,17,Male,High School,Reddit,4.0,1.9,Smartphone,7.1,4,False,Sometimes,11.0,80,3.36,Beneficial
STU_2028129,16,Male,High School,YouTube,6.9,2.8,Smartphone,6.2,2,True,Rarely,12.0,78,3.67,Beneficial
STU_2028130,22,Female,Postgraduate,Instagram,2.7,2.6,Smartphone,8.8,4,True,Always,6.0,98,3.85,Beneficial
STU_2028131,19,Male,Undergraduate,Instagram,3.5,1.8,Smartphone,8.0,4,False,Rarely,13.0,86,3.82,Beneficial
STU_2028132,18,Female,High School,TikTok,4.9,2.0,Smartphone,7.2,3,False,Frequently,8.0,83,2.98,Beneficial
STU_2028133,15,Female,High School,TikTok,6.1,1.7,Smartphone,6.4,2,False,Sometimes,14.0,67,3.62,Beneficial
STU_2028134,18,Male,High School,LinkedIn,3.0,1.5,Smartphone,6.7,3,False,Sometimes,17.0,82,3.23,Beneficial
STU_2028135,19,Female,Undergraduate,TikTok,3.1,1.4,Smartphone,7.4,2,False,Frequently,8.0,94,4.0,Beneficial
STU_2028136,18,Male,Undergraduate,TikTok,8.3,2.2,Smartphone,4.5,2,False,Frequently,18.0,65,2.75,Neutral
STU_2028137,19,Male,Undergraduate,TikTok,6.1,1.2,Smartphone,6.7,3,True,Always,11.0,84,3.74,Beneficial
STU_2028138,20,Female,Undergraduate,Instagram,7.3,1.7,Smartphone,4.2,1,True,Sometimes,19.0,64,2.91,Neutral
STU_2028139,18,Female,Undergraduate,TikTok,8.7,3.1,Smartphone,4.6,1,True,Frequently,30.0,55,3.14,Neutral
STU_2028140,25,Female,Undergraduate,YouTube,2.8,2.7,Smartphone,7.8,4,False,Always,2.0,93,3.77,Beneficial
STU_2028141,17,Male,High School,X (Twitter),4.9,1.6,Smartphone,5.8,3,True,Always,16.0,72,3.77,Beneficial
STU_2028142,18,Female,Undergraduate,TikTok,3.1,2.5,Smartphone,7.9,3,False,Frequently,15.0,89,3.47,Beneficial
STU_2028143,24,Female,Postgraduate,YouTube,2.8,1.1,Smartphone,7.7,4,False,Sometimes,10.0,94,3.55,Beneficial
STU_2028144,18,Male,Undergraduate,Snapchat,5.6,2.3,Smartphone,7.4,2,False,Sometimes,18.0,85,4.0,Beneficial
STU_2028145,20,Male,High School,X (Twitter),3.5,2.6,Smartphone,6.0,2,False,Frequently,15.0,70,3.79,Beneficial
STU_2028146,19,Female,Undergraduate,X (Twitter),2.5,2.6,Smartphone,7.6,4,True,Never,11.0,96,3.69,Beneficial
STU_2028147,18,Male,Undergraduate,LinkedIn,6.5,1.0,Smartphone,6.0,2,True,Rarely,12.0,75,3.08,Beneficial
STU_2028148,21,Male,Undergraduate,Instagram,2.7,1.5,Smartphone,7.2,4,False,Sometimes,3.0,98,3.63,Beneficial
STU_2028149,18,Female,Undergraduate,TikTok,5.6,0.0,Smartphone,7.5,2,True,Always,9.0,94,3.55,Beneficial
STU_2028150,18,Prefer not to say,Undergraduate,TikTok,3.1,2.1,Smartphone,8.3,4,False,Frequently,12.0,95,4.0,Beneficial
STU_2028151,19,Female,Undergraduate,LinkedIn,5.8,1.2,Smartphone,6.3,2,True,Sometimes,20.0,67,3.24,Neutral
STU_2028152,18,Male,Undergraduate,YouTube,2.9,1.4,Smartphone,9.2,3,True,Rarely,2.0,85,3.71,Beneficial
STU_2028153,20,Female,Undergraduate,Instagram,3.4,2.6,Laptop/PC,6.3,3,False,Rarely,8.0,72,3.52,Beneficial
STU_2028154,15,Male,High School,TikTok,2.5,1.8,Smartphone,6.8,3,False,Sometimes,6.0,83,4.0,Beneficial
STU_2028155,20,Male,Undergraduate,YouTube,5.7,0.9,Smartphone,5.7,3,True,Frequently,19.0,80,3.15,Beneficial
STU_2028156,19,Male,Undergraduate,TikTok,3.1,2.0,Smartphone,7.4,3,True,Always,17.0,92,3.8,Beneficial
STU_2028157,17,Female,High School,Snapchat,3.3,2.3,Smartphone,6.8,3,False,Always,12.0,95,3.7,Beneficial
STU_2028158,18,Female,Undergraduate,Instagram,5.0,1.1,Laptop/PC,7.4,3,False,Sometimes,13.0,73,3.31,Beneficial
STU_2028159,18,Male,Undergraduate,TikTok,4.6,1.1,Smartphone,7.2,2,False,Frequently,11.0,83,3.38,Beneficial
STU_2028160,19,Female,Undergraduate,Snapchat,7.6,1.7,Smartphone,7.4,3,True,Sometimes,21.0,72,2.72,Neutral
STU_2028161,18,Male,Undergraduate,YouTube,12.8,3.0,Smartphone,6.1,1,True,Sometimes,16.0,56,3.05,Neutral
STU_2028162,19,Male,Undergraduate,TikTok,2.7,1.9,Smartphone,9.0,5,False,Rarely,7.0,98,4.0,Beneficial
STU_2028163,16,Female,High School,X (Twitter),4.7,1.7,Smartphone,8.1,3,False,Rarely,18.0,93,3.8,Beneficial
STU_2028164,19,Female,Undergraduate,TikTok,4.7,1.2,Laptop/PC,6.8,3,False,Sometimes,13.0,81,3.34,Beneficial
STU_2028165,18,Female,Undergraduate,YouTube,3.9,1.1,Tablet,7.8,3,True,Sometimes,9.0,94,3.85,Beneficial
STU_2028166,19,Male,Undergraduate,Instagram,4.5,2.3,Smartphone,6.6,2,True,Rarely,24.0,77,3.58,Beneficial
STU_2028167,20,Female,Undergraduate,Instagram,6.8,1.7,Smartphone,5.0,2,False,Sometimes,16.0,68,3.16,Beneficial
STU_2028168,20,Female,Undergraduate,Instagram,6.3,2.2,Smartphone,7.1,2,True,Sometimes,14.0,80,3.67,Beneficial
STU_2028169,19,Male,Undergraduate,Reddit,1.8,1.5,Smartphone,7.4,3,False,Sometimes,8.0,98,4.0,Beneficial
STU_2028170,18,Female,Undergraduate,YouTube,2.5,2.6,Laptop/PC,8.9,4,True,Sometimes,8.0,98,3.81,Beneficial
STU_2028171,18,Female,Undergraduate,TikTok,9.5,2.2,Smartphone,4.2,1,True,Sometimes,12.0,60,3.32,Beneficial
STU_2028172,18,Female,Undergraduate,Instagram,2.2,1.7,Smartphone,6.5,3,True,Frequently,6.0,93,4.0,Beneficial
STU_2028173,22,Female,Undergraduate,Instagram,7.9,2.7,Laptop/PC,5.1,1,True,Sometimes,23.0,55,3.41,Neutral
STU_2028174,17,Female,High School,X (Twitter),4.4,1.4,Smartphone,7.4,2,False,Sometimes,8.0,98,3.59,Beneficial
STU_2028175,21,Female,Undergraduate,TikTok,2.5,2.5,Smartphone,8.6,5,True,Always,0.0,98,3.77,Beneficial
STU_2028176,18,Female,Undergraduate,TikTok,7.8,1.7,Smartphone,5.3,1,True,Always,23.0,68,3.65,Neutral
STU_2028177,20,Female,Undergraduate,YouTube,14.0,1.0,Smartphone,4.3,1,True,Sometimes,27.0,52,2.21,Negative
STU_2028178,17,Female,High School,TikTok,6.8,1.6,Smartphone,6.4,2,False,Rarely,15.0,67,2.71,Neutral
STU_2028179,18,Male,Undergraduate,Instagram,7.1,2.3,Smartphone,6.1,1,True,Sometimes,20.0,73,,Neutral
STU_2028180,21,Female,High School,TikTok,4.3,1.7,Smartphone,7.4,3,True,Sometimes,10.0,94,3.84,Beneficial
STU_2028181,18,Male,Undergraduate,TikTok,5.4,1.8,Tablet,7.0,2,False,Sometimes,16.0,73,,Beneficial
STU_2028182,16,Non-Binary,High School,YouTube,3.8,2.6,Smartphone,5.5,2,False,Frequently,8.0,90,3.97,Beneficial
STU_2028183,15,Female,High School,Instagram,4.2,2.6,Smartphone,5.5,2,True,Sometimes,17.0,68,3.57,Beneficial
STU_2028184,20,Female,Undergraduate,Instagram,2.3,3.5,Smartphone,7.9,4,False,Never,3.0,98,4.0,Beneficial
STU_2028185,18,Male,Undergraduate,Instagram,3.9,1.0,Smartphone,6.1,2,False,Always,8.0,77,4.0,Beneficial
STU_2028186,21,Male,Undergraduate,Instagram,6.0,0.7,Smartphone,7.0,3,True,Sometimes,9.0,80,3.44,Beneficial
STU_2028187,18,Non-Binary,Undergraduate,Instagram,3.9,2.5,Smartphone,8.5,4,True,Rarely,6.0,82,3.48,Beneficial
STU_2028188,20,Male,Undergraduate,TikTok,4.0,1.3,Smartphone,7.3,3,True,Sometimes,8.0,85,3.64,Beneficial
STU_2028189,18,Male,High School,TikTok,2.6,1.8,Smartphone,6.1,2,False,Sometimes,16.0,85,3.56,Beneficial
STU_2028190,19,Female,Undergraduate,Instagram,7.0,2.3,Smartphone,6.3,3,True,Sometimes,13.0,60,3.48,Beneficial
STU_2028191,21,Male,Undergraduate,Instagram,3.5,1.6,Smartphone,9.3,4,False,Sometimes,13.0,96,3.87,Beneficial
STU_2028192,15,Female,High School,TikTok,4.9,1.3,Laptop/PC,6.5,2,False,Rarely,14.0,73,3.34,Beneficial
STU_2028193,17,Female,High School,Instagram,2.1,2.2,Smartphone,7.9,3,True,Always,3.0,98,4.0,Beneficial
STU_2028194,15,Female,High School,TikTok,3.6,2.7,Smartphone,9.0,4,False,Frequently,6.0,98,3.65,Beneficial
STU_2028195,20,Non-Binary,Undergraduate,Reddit,5.1,1.6,Smartphone,5.4,1,True,Frequently,16.0,82,4.0,Beneficial
STU_2028196,21,Female,Undergraduate,Instagram,4.0,1.7,Smartphone,7.8,3,True,Rarely,13.0,84,3.2,Beneficial
STU_2028197,16,Male,High School,YouTube,5.8,3.3,Smartphone,7.1,1,False,Sometimes,13.0,78,3.1,Beneficial
STU_2028198,26,Male,Undergraduate,TikTok,2.5,2.3,Smartphone,7.0,4,False,Always,4.0,95,3.84,Beneficial
STU_2028199,19,Female,Undergraduate,Instagram,2.2,2.3,Smartphone,5.8,3,True,Sometimes,8.0,90,3.78,Beneficial
STU_2028200,20,Female,Undergraduate,TikTok,6.0,1.3,Smartphone,7.3,2,True,Frequently,8.0,93,3.58,Beneficial
STU_2028201,18,Male,High School,Instagram,13.2,1.7,Smartphone,4.1,1,True,Rarely,30.0,50,3.16,Neutral
STU_2028202,17,Female,High School,Instagram,5.3,1.6,Smartphone,7.4,2,True,Frequently,10.0,81,3.25,Beneficial
STU_2028203,19,Female,Undergraduate,Snapchat,3.7,2.9,Smartphone,8.0,3,False,Sometimes,4.0,86,3.61,Beneficial
STU_2028204,17,Female,High School,Instagram,2.3,1.1,Smartphone,8.0,4,False,Frequently,14.0,97,3.42,Beneficial
STU_2028205,18,Male,High School,TikTok,4.6,1.6,Smartphone,7.8,3,False,Sometimes,16.0,85,4.0,Beneficial
STU_2028206,18,Male,Undergraduate,TikTok,3.6,3.0,Smartphone,7.4,3,False,Frequently,13.0,92,3.57,Beneficial
STU_2028207,18,Female,Undergraduate,Instagram,9.2,2.2,Laptop/PC,5.5,1,True,Rarely,23.0,62,2.97,Neutral
STU_2028208,17,Female,High School,Instagram,5.8,3.6,Smartphone,5.9,1,True,Rarely,9.0,83,3.84,Beneficial
STU_2028209,17,Female,High School,LinkedIn,5.1,2.0,Smartphone,5.4,1,True,Frequently,18.0,70,3.31,Beneficial
STU_2028210,20,Female,Undergraduate,Reddit,7.9,1.1,Smartphone,5.3,1,True,Sometimes,24.0,61,2.94,Neutral
STU_2028211,19,Male,Undergraduate,TikTok,5.4,2.6,Smartphone,5.4,3,True,Rarely,19.0,79,3.81,Beneficial
STU_2028212,21,Male,Undergraduate,Instagram,5.8,2.6,Smartphone,6.8,2,False,Rarely,13.0,85,3.22,Beneficial
STU_2028213,21,Male,Undergraduate,TikTok,9.9,0.6,Smartphone,4.4,1,True,Frequently,30.0,49,2.97,Negative
STU_2028214,19,Male,Undergraduate,TikTok,6.0,1.5,Laptop/PC,5.0,1,True,Sometimes,18.0,66,3.22,Beneficial
STU_2028215,15,Male,High School,TikTok,7.4,3.1,Smartphone,5.9,1,True,Frequently,25.0,56,3.04,Neutral
STU_2028216,20,Male,Undergraduate,Instagram,10.4,2.1,Smartphone,3.8,1,True,Rarely,27.0,47,2.39,Negative
STU_2028217,22,Female,Postgraduate,Snapchat,5.3,1.9,Smartphone,6.4,3,False,Frequently,11.0,74,3.72,Beneficial
STU_2028218,17,Male,High School,Instagram,6.4,1.1,Smartphone,5.6,1,True,Sometimes,19.0,81,2.55,Neutral
STU_2028219,18,Male,High School,X (Twitter),6.6,1.7,Smartphone,6.7,2,True,Sometimes,16.0,72,3.47,Beneficial
STU_2028220,17,Male,High School,TikTok,4.9,1.6,Smartphone,6.7,2,False,Sometimes,18.0,80,3.07,Beneficial
STU_2028221,15,Male,High School,TikTok,4.9,1.4,Smartphone,7.3,2,True,Rarely,13.0,84,3.87,Beneficial
STU_2028222,16,Female,High School,TikTok,8.4,1.8,Smartphone,6.8,2,True,Frequently,18.0,63,2.91,Neutral
STU_2028223,18,Male,High School,Instagram,4.3,1.9,Smartphone,7.9,3,False,Rarely,12.0,91,3.34,Beneficial
STU_2028224,18,Female,Undergraduate,Reddit,10.9,0.9,Smartphone,4.7,1,True,Sometimes,22.0,67,2.93,Neutral
STU_2028225,17,Male,High School,YouTube,7.1,0.4,Smartphone,5.9,1,True,Always,16.0,80,3.23,Beneficial
STU_2028226,15,Male,High School,X (Twitter),8.4,1.7,Smartphone,5.4,1,True,Always,14.0,74,3.0,Beneficial
STU_2028227,16,Female,High School,Snapchat,4.4,1.3,Smartphone,6.8,3,False,Frequently,6.0,93,3.56,Beneficial
STU_2028228,15,Female,High School,Reddit,1.2,2.0,Smartphone,8.8,4,False,Sometimes,15.0,94,3.99,Beneficial
STU_2028229,18,Female,Undergraduate,Snapchat,8.0,1.6,Smartphone,6.7,2,True,Frequently,16.0,60,3.24,Neutral
STU_2028230,18,Female,Undergraduate,Instagram,3.5,1.4,Smartphone,8.8,3,True,Always,,94,3.66,Beneficial
STU_2028231,18,Non-Binary,High School,TikTok,4.9,0.9,Smartphone,7.1,3,False,Rarely,8.0,80,4.0,Beneficial
STU_2028232,19,Male,Undergraduate,Instagram,6.3,1.3,Smartphone,4.7,2,True,Always,17.0,75,,Beneficial
STU_2028233,21,Male,Undergraduate,YouTube,5.1,2.1,Smartphone,8.9,3,True,Frequently,16.0,90,3.87,Beneficial
STU_2028234,17,Female,High School,TikTok,8.7,2.0,Smartphone,4.8,1,True,Frequently,19.0,69,3.59,Beneficial
STU_2028235,17,Female,High School,Instagram,2.3,1.5,Smartphone,6.8,3,False,Rarely,21.0,81,3.56,Beneficial
STU_2028236,16,Female,High School,YouTube,14.0,1.6,Smartphone,3.7,1,True,Sometimes,35.0,32,2.5,Negative
STU_2028237,15,Male,High School,Instagram,12.6,0.9,Smartphone,6.9,1,True,Frequently,18.0,54,2.57,Neutral
STU_2028238,16,Female,High School,Instagram,2.9,1.3,Smartphone,7.7,3,False,Sometimes,8.0,91,4.0,Beneficial
STU_2028239,20,Male,Undergraduate,YouTube,4.2,1.5,Smartphone,7.1,2,True,Frequently,15.0,87,3.69,Beneficial
STU_2028240,17,Female,High School,TikTok,5.8,2.6,Laptop/PC,6.8,3,True,Never,12.0,85,3.48,Beneficial
STU_2028241,19,Female,Undergraduate,YouTube,4.6,2.0,Smartphone,4.3,1,True,Sometimes,14.0,68,3.34,Beneficial
STU_2028242,17,Female,High School,TikTok,2.8,2.1,Smartphone,7.2,3,True,Rarely,5.0,98,3.48,Beneficial
STU_2028243,18,Prefer not to say,Undergraduate,Snapchat,7.9,2.5,Smartphone,4.6,1,True,Frequently,12.0,55,2.76,Neutral
STU_2028244,19,Male,Undergraduate,Snapchat,11.2,1.5,Smartphone,5.2,1,True,Frequently,24.0,44,3.08,Neutral
STU_2028245,19,Male,Undergraduate,TikTok,2.2,0.8,Laptop/PC,7.4,4,True,Frequently,8.0,98,3.92,Beneficial
STU_2028246,17,Male,High School,TikTok,7.3,2.0,Laptop/PC,5.9,1,True,Sometimes,26.0,74,,Neutral
STU_2028247,20,Male,Undergraduate,YouTube,7.8,1.5,Smartphone,5.2,1,True,Always,18.0,71,2.96,Neutral
STU_2028248,16,Female,High School,TikTok,9.0,0.6,Smartphone,5.0,1,True,Always,19.0,62,,Neutral
STU_2028249,18,Female,Undergraduate,Instagram,5.0,0.6,Laptop/PC,8.6,4,False,Always,4.0,98,3.51,Beneficial
STU_2028250,17,Female,High School,TikTok,10.8,0.6,Smartphone,5.6,1,True,Rarely,14.0,71,3.04,Beneficial
STU_2028251,18,Female,Undergraduate,Instagram,4.0,2.2,Smartphone,6.5,2,False,Frequently,7.0,85,3.35,Beneficial
STU_2028252,17,Female,High School,Instagram,7.8,2.4,Smartphone,5.0,2,True,Sometimes,18.0,73,2.81,Neutral
STU_2028253,19,Female,Undergraduate,Snapchat,10.4,0.7,Smartphone,4.3,1,True,Sometimes,21.0,55,2.71,Neutral
STU_2028254,20,Female,Undergraduate,Snapchat,8.5,2.5,Smartphone,4.3,1,True,Sometimes,17.0,63,3.15,Neutral
STU_2028255,22,Female,Postgraduate,Instagram,4.1,0.6,Smartphone,8.4,3,True,Never,8.0,92,3.45,Beneficial
STU_2028256,15,Female,High School,Snapchat,11.7,1.5,Laptop/PC,5.6,1,True,Frequently,24.0,58,2.81,Neutral
STU_2028257,17,Male,High School,Instagram,6.2,3.5,Laptop/PC,5.4,1,True,Frequently,23.0,69,2.93,Neutral
STU_2028258,18,Male,Undergraduate,TikTok,2.4,2.7,Smartphone,8.4,5,True,Frequently,1.0,98,3.63,Beneficial
STU_2028259,18,Female,Undergraduate,TikTok,4.7,1.8,Smartphone,7.6,3,False,Sometimes,17.0,83,3.23,Beneficial
STU_2028260,18,Female,Undergraduate,Snapchat,3.3,1.3,Smartphone,9.0,5,True,Sometimes,12.0,86,3.93,Beneficial
STU_2028261,17,Male,High School,YouTube,2.9,1.2,Tablet,7.3,3,True,Rarely,9.0,86,3.72,Beneficial
STU_2028262,18,Female,Undergraduate,TikTok,8.6,2.1,Smartphone,5.1,1,True,Sometimes,17.0,72,2.45,Neutral
STU_2028263,21,Female,Undergraduate,Instagram,2.6,1.7,Smartphone,6.6,2,False,Never,11.0,81,3.38,Beneficial
STU_2028264,19,Prefer not to say,Undergraduate,Instagram,13.6,2.4,Laptop/PC,4.6,1,True,Always,28.0,44,2.31,Negative
STU_2028265,16,Male,High School,YouTube,5.1,1.4,Smartphone,6.5,2,True,Frequently,7.0,80,3.4,Beneficial
STU_2028266,20,Female,Undergraduate,Instagram,2.0,3.1,Smartphone,6.7,3,True,Always,2.0,82,,Beneficial
STU_2028267,20,Female,Undergraduate,X (Twitter),4.6,4.1,Smartphone,8.1,3,False,Sometimes,5.0,88,3.4,Beneficial
STU_2028268,17,Female,High School,Instagram,4.3,1.6,Smartphone,7.2,2,False,Sometimes,17.0,88,3.32,Beneficial
STU_2028269,20,Female,Undergraduate,Instagram,12.6,1.8,Smartphone,4.3,1,False,Always,20.0,45,2.58,Neutral
STU_2028270,22,Female,Postgraduate,TikTok,5.8,1.1,Smartphone,5.7,3,True,Rarely,18.0,78,3.34,Beneficial
STU_2028271,19,Female,Undergraduate,Instagram,2.0,0.8,Smartphone,7.9,3,True,Frequently,2.0,89,3.46,Beneficial
STU_2028272,21,Male,Undergraduate,TikTok,2.3,2.7,Smartphone,5.9,1,True,Frequently,14.0,83,3.46,Beneficial
STU_2028273,22,Male,Undergraduate,YouTube,6.9,0.5,Tablet,5.5,2,True,Rarely,22.0,67,3.2,Neutral
STU_2028274,17,Female,High School,Reddit,4.0,1.6,Smartphone,6.6,2,True,Sometimes,6.0,83,3.59,Beneficial
STU_2028275,19,Non-Binary,Undergraduate,Instagram,4.5,2.1,Smartphone,8.2,4,False,Sometimes,12.0,71,3.71,Beneficial
STU_2028276,18,Female,Undergraduate,Instagram,5.0,2.3,Smartphone,5.9,3,True,Rarely,16.0,67,3.52,Beneficial
STU_2028277,25,Male,Undergraduate,Instagram,2.5,1.9,Laptop/PC,8.6,4,False,Always,7.0,94,3.48,Beneficial
STU_2028278,20,Female,Undergraduate,YouTube,2.5,1.2,Smartphone,7.4,3,False,Sometimes,6.0,78,3.78,Beneficial
STU_2028279,17,Male,High School,Instagram,2.7,1.9,Smartphone,6.5,3,False,Frequently,10.0,81,4.0,Beneficial
STU_2028280,17,Female,High School,Instagram,7.2,2.6,Smartphone,6.2,2,True,Sometimes,20.0,66,3.1,Neutral
STU_2028281,17,Female,High School,Reddit,3.9,2.1,Laptop/PC,7.7,3,True,Frequently,10.0,95,3.67,Beneficial
STU_2028282,15,Female,High School,YouTube,4.3,2.7,Smartphone,7.9,4,False,Always,8.0,98,3.32,Beneficial
STU_2028283,20,Male,Undergraduate,Instagram,4.9,2.5,Smartphone,7.0,3,True,Always,9.0,88,3.48,Beneficial
STU_2028284,21,Non-Binary,Undergraduate,Instagram,2.5,1.9,Laptop/PC,7.0,4,True,Always,8.0,85,3.94,Beneficial
STU_2028285,19,Female,Undergraduate,YouTube,4.9,3.3,Smartphone,5.9,3,True,Frequently,13.0,81,3.8,Beneficial
STU_2028286,20,Female,Undergraduate,YouTube,4.4,1.1,Tablet,6.5,3,False,Always,17.0,77,3.02,Beneficial
STU_2028287,18,Male,Undergraduate,X (Twitter),8.9,2.0,Smartphone,5.1,1,True,Rarely,17.0,57,3.05,Neutral
STU_2028288,18,Female,Undergraduate,YouTube,2.7,1.9,Smartphone,8.2,4,False,Sometimes,11.0,89,3.93,Beneficial
STU_2028289,18,Male,Undergraduate,YouTube,2.9,1.4,Laptop/PC,8.3,4,True,Always,11.0,98,3.43,Beneficial
STU_2028290,23,Female,Postgraduate,Instagram,4.4,2.1,Smartphone,6.3,3,True,Sometimes,17.0,92,3.27,Beneficial
STU_2028291,17,Female,High School,Snapchat,4.4,1.9,Smartphone,8.1,4,False,Always,6.0,92,3.39,Beneficial
STU_2028292,18,Female,Undergraduate,Reddit,4.2,2.1,Smartphone,6.0,1,False,Sometimes,14.0,90,3.25,Beneficial
STU_2028293,20,Male,Undergraduate,Snapchat,3.2,1.1,Laptop/PC,6.9,3,False,Never,6.0,91,3.99,Beneficial
STU_2028294,19,Female,Undergraduate,Instagram,8.8,1.4,Smartphone,6.7,2,True,Sometimes,19.0,64,3.02,Neutral
STU_2028295,21,Male,Undergraduate,YouTube,6.9,1.0,Smartphone,5.4,1,True,Frequently,23.0,68,3.68,Beneficial
STU_2028296,20,Male,Undergraduate,Instagram,4.3,2.1,Smartphone,6.8,2,False,Sometimes,11.0,82,3.55,Beneficial
STU_2028297,19,Female,Undergraduate,LinkedIn,4.3,1.0,Smartphone,6.8,3,False,Frequently,7.0,94,3.46,Beneficial
STU_2028298,18,Male,Undergraduate,YouTube,3.5,2.3,Smartphone,8.2,4,False,Frequently,16.0,98,3.6,Beneficial
STU_2028299,20,Male,Undergraduate,Reddit,3.8,3.4,Smartphone,7.0,3,False,Sometimes,12.0,91,4.0,Beneficial
STU_2028300,21,Female,Undergraduate,Instagram,10.9,0.5,Smartphone,4.4,1,True,Sometimes,15.0,69,3.23,Beneficial
STU_2028301,20,Male,Undergraduate,TikTok,5.3,2.2,Smartphone,6.4,2,True,Sometimes,18.0,81,3.34,Beneficial
STU_2028302,16,Male,High School,TikTok,3.5,2.0,Laptop/PC,6.4,3,False,Always,17.0,80,3.12,Beneficial
STU_2028303,19,Male,Undergraduate,Instagram,6.9,1.0,Smartphone,8.1,1,True,Sometimes,18.0,77,3.53,Beneficial
STU_2028304,18,Male,Undergraduate,Snapchat,13.4,0.1,Smartphone,5.2,1,True,Rarely,25.0,50,2.69,Neutral
STU_2028305,20,Female,High School,TikTok,3.3,2.1,Smartphone,7.2,3,False,Rarely,12.0,84,3.64,Beneficial
STU_2028306,22,Female,Undergraduate,Instagram,3.6,2.1,Smartphone,7.9,4,True,Sometimes,10.0,89,3.43,Beneficial
STU_2028307,20,Female,Undergraduate,Instagram,11.5,1.6,Smartphone,3.0,1,True,Frequently,38.0,53,2.63,Negative
STU_2028308,19,Male,Undergraduate,Instagram,3.1,1.5,Laptop/PC,7.6,4,True,Sometimes,10.0,76,3.71,Beneficial
STU_2028309,17,Female,High School,TikTok,5.1,0.9,Smartphone,5.8,2,True,Sometimes,25.0,77,3.25,Neutral
STU_2028310,18,Male,Undergraduate,TikTok,2.4,0.0,Smartphone,8.6,2,False,Sometimes,7.0,98,3.54,Beneficial
STU_2028311,20,Female,High School,Instagram,2.6,1.0,Smartphone,8.1,3,False,Always,8.0,98,3.62,Beneficial
STU_2028312,19,Male,Undergraduate,TikTok,3.1,1.8,Laptop/PC,7.5,2,True,Rarely,13.0,83,3.79,Beneficial
STU_2028313,18,Female,Undergraduate,TikTok,3.3,1.1,Laptop/PC,8.6,4,False,Sometimes,9.0,89,3.63,Beneficial
STU_2028314,17,Male,High School,TikTok,3.3,1.8,Smartphone,6.0,2,False,Sometimes,15.0,80,3.89,Beneficial
STU_2028315,21,Male,Undergraduate,Snapchat,4.0,2.8,Smartphone,6.8,2,False,Never,14.0,79,3.81,Beneficial
STU_2028316,17,Male,High School,YouTube,11.0,3.0,Smartphone,5.3,1,True,Rarely,33.0,48,2.83,Negative
STU_2028317,15,Non-Binary,High School,TikTok,3.0,0.8,Smartphone,6.9,3,False,Rarely,10.0,88,3.88,Beneficial
STU_2028318,20,Female,Undergraduate,TikTok,3.2,2.7,Smartphone,7.5,4,False,Never,4.0,98,3.57,Beneficial
STU_2028319,15,Female,High School,Reddit,7.3,2.0,Smartphone,7.2,2,True,Frequently,15.0,70,3.03,Beneficial
STU_2028320,21,Male,Undergraduate,YouTube,13.1,2.3,Smartphone,3.8,1,True,Sometimes,36.0,43,1.95,Negative
STU_2028321,17,Male,High School,YouTube,1.2,1.1,Laptop/PC,8.2,3,False,Always,0.0,98,3.54,Beneficial
STU_2028322,16,Male,High School,Snapchat,4.4,2.6,Smartphone,5.5,2,True,Rarely,22.0,76,3.61,Beneficial
STU_2028323,23,Female,Postgraduate,TikTok,6.3,2.4,Smartphone,4.3,2,True,Always,22.0,78,3.11,Beneficial
STU_2028324,17,Male,High School,Instagram,6.4,1.4,Laptop/PC,5.6,1,True,Sometimes,16.0,66,3.34,Beneficial
STU_2028325,18,Male,High School,Instagram,6.8,2.0,Smartphone,6.5,2,True,Sometimes,23.0,68,3.51,Neutral
STU_2028326,17,Male,High School,Snapchat,14.0,1.7,Smartphone,3.6,1,True,Rarely,20.0,49,2.52,Neutral
STU_2028327,17,Male,High School,YouTube,6.2,2.6,Smartphone,6.6,3,True,Frequently,16.0,87,3.02,Beneficial
STU_2028328,18,Female,Undergraduate,Snapchat,7.0,1.3,Smartphone,6.6,1,False,Sometimes,16.0,69,3.43,Beneficial
STU_2028329,18,Female,Undergraduate,Reddit,11.0,1.3,Smartphone,4.5,1,True,Frequently,25.0,62,2.58,Neutral
STU_2028330,18,Male,Undergraduate,LinkedIn,5.0,1.8,Smartphone,6.0,2,False,Rarely,17.0,70,3.49,Beneficial
STU_2028331,16,Male,High School,TikTok,2.4,2.0,Smartphone,7.7,3,False,Frequently,5.0,94,4.0,Beneficial
STU_2028332,19,Female,Undergraduate,YouTube,4.5,2.7,Smartphone,7.0,3,False,Frequently,16.0,82,3.67,Beneficial
STU_2028333,19,Female,Undergraduate,YouTube,6.6,0.7,Smartphone,6.0,2,True,Always,9.0,83,3.39,Beneficial
STU_2028334,20,Female,Undergraduate,X (Twitter),2.1,1.8,Smartphone,7.2,4,True,Frequently,9.0,86,3.55,Beneficial
STU_2028335,19,Male,Undergraduate,TikTok,5.4,3.0,Laptop/PC,6.2,2,True,Frequently,5.0,78,3.4,Beneficial
STU_2028336,18,Male,Undergraduate,Instagram,3.2,3.4,Smartphone,7.0,2,False,Frequently,15.0,84,3.56,Beneficial
STU_2028337,17,Male,High School,Instagram,6.4,2.0,Smartphone,6.0,2,True,Frequently,15.0,75,3.35,Beneficial
STU_2028338,16,Male,High School,YouTube,6.3,1.8,Smartphone,6.4,2,True,Frequently,11.0,80,2.99,Beneficial
STU_2028339,24,Male,Postgraduate,YouTube,4.2,1.3,Smartphone,6.4,2,True,Sometimes,10.0,95,3.31,Beneficial
STU_2028340,21,Male,High School,Instagram,4.3,1.5,Smartphone,6.0,2,True,Sometimes,5.0,90,3.41,Beneficial
STU_2028341,20,Prefer not to say,Undergraduate,X (Twitter),8.2,1.6,Smartphone,6.3,2,True,Always,20.0,67,3.58,Beneficial
STU_2028342,17,Female,High School,X (Twitter),6.3,1.6,Laptop/PC,5.6,2,True,Always,16.0,68,3.27,Beneficial
STU_2028343,18,Male,Undergraduate,TikTok,8.8,1.5,Smartphone,6.3,2,False,Sometimes,15.0,64,3.04,Beneficial
STU_2028344,25,Male,Postgraduate,Instagram,4.1,1.8,Smartphone,5.3,2,True,Frequently,11.0,88,3.33,Beneficial
STU_2028345,19,Male,Undergraduate,Instagram,3.4,1.5,Smartphone,7.1,4,False,Sometimes,8.0,87,3.49,Beneficial
STU_2028346,20,Male,Undergraduate,TikTok,6.1,2.2,Smartphone,6.0,1,True,Frequently,11.0,74,3.01,Beneficial
STU_2028347,18,Male,Undergraduate,X (Twitter),3.0,2.9,Smartphone,6.8,3,False,Sometimes,14.0,91,3.25,Beneficial
STU_2028348,17,Female,High School,Instagram,5.8,1.9,Smartphone,5.2,2,True,Rarely,27.0,57,3.47,Neutral
STU_2028349,21,Female,Undergraduate,TikTok,12.6,1.9,Smartphone,4.1,1,True,Frequently,24.0,53,2.57,Neutral
STU_2028350,17,Female,High School,Instagram,3.3,1.6,Smartphone,6.7,3,False,Rarely,10.0,79,3.45,Beneficial
STU_2028351,20,Female,Undergraduate,YouTube,3.9,1.4,Smartphone,6.6,2,False,Sometimes,4.0,88,4.0,Beneficial
STU_2028352,23,Prefer not to say,Undergraduate,Instagram,2.6,1.7,Smartphone,9.1,3,True,Rarely,1.0,98,,Beneficial
STU_2028353,20,Male,Undergraduate,TikTok,10.8,2.2,Smartphone,5.3,1,True,Frequently,25.0,61,2.85,Neutral
STU_2028354,20,Female,Undergraduate,Instagram,3.9,1.1,Smartphone,7.2,3,False,Sometimes,15.0,75,3.91,Beneficial
STU_2028355,24,Female,Postgraduate,Snapchat,2.8,2.4,Smartphone,6.3,2,True,Sometimes,5.0,98,4.0,Beneficial
STU_2028356,17,Female,High School,Instagram,6.7,2.0,Laptop/PC,6.6,2,True,Frequently,11.0,67,3.46,Beneficial
STU_2028357,17,Female,High School,YouTube,7.5,0.9,Smartphone,5.7,1,True,Sometimes,15.0,71,3.15,Beneficial
STU_2028358,19,Female,High School,Instagram,5.5,1.4,Smartphone,6.3,3,True,Sometimes,16.0,91,3.77,Beneficial
STU_2028359,20,Male,Undergraduate,TikTok,10.6,1.9,Smartphone,4.9,1,True,Always,26.0,56,2.4,Negative
STU_2028360,21,Female,Undergraduate,TikTok,3.2,1.1,Smartphone,7.1,1,False,Frequently,15.0,87,3.3,Beneficial
STU_2028361,16,Male,High School,Instagram,5.0,2.5,Smartphone,6.1,2,False,Sometimes,16.0,66,3.02,Beneficial
STU_2028362,16,Female,High School,TikTok,8.2,2.6,Smartphone,7.3,3,True,Sometimes,13.0,74,3.43,Beneficial
STU_2028363,26,Male,Postgraduate,Snapchat,3.6,2.0,Smartphone,7.4,2,True,Sometimes,13.0,91,3.6,Beneficial
STU_2028364,18,Female,Undergraduate,Snapchat,2.9,2.2,Smartphone,8.1,5,True,Sometimes,15.0,94,3.47,Beneficial
STU_2028365,18,Male,Undergraduate,YouTube,6.0,1.5,Smartphone,5.6,2,True,Always,12.0,70,3.51,Beneficial
STU_2028366,17,Male,High School,YouTube,5.2,2.6,Tablet,5.6,2,True,Frequently,17.0,77,3.31,Beneficial
STU_2028367,19,Non-Binary,High School,TikTok,8.6,1.1,Smartphone,4.7,1,True,Sometimes,20.0,64,3.03,Neutral
STU_2028368,19,Male,Undergraduate,YouTube,1.7,1.5,Smartphone,7.9,4,False,Always,14.0,83,3.66,Beneficial
STU_2028369,17,Female,High School,Instagram,4.9,1.1,Smartphone,5.9,2,True,Sometimes,14.0,87,3.36,Beneficial
STU_2028370,18,Male,Undergraduate,Snapchat,1.8,1.1,Tablet,6.0,3,True,Frequently,10.0,81,3.63,Beneficial
STU_2028371,21,Male,Undergraduate,TikTok,3.2,1.0,Smartphone,7.7,3,False,Sometimes,6.0,85,3.86,Beneficial
STU_2028372,15,Female,High School,Snapchat,3.9,0.5,Smartphone,7.6,3,False,Frequently,13.0,90,3.58,Beneficial
STU_2028373,18,Female,Undergraduate,Instagram,6.7,0.8,Smartphone,6.2,1,True,Rarely,16.0,78,3.72,Beneficial
STU_2028374,21,Female,Undergraduate,TikTok,4.2,2.4,Smartphone,6.4,2,True,Frequently,14.0,86,3.35,Beneficial
STU_2028375,20,Female,Undergraduate,TikTok,5.7,0.5,Laptop/PC,5.3,2,True,Rarely,10.0,65,3.5,Beneficial
STU_2028376,22,Prefer not to say,Undergraduate,TikTok,5.0,1.4,Smartphone,6.5,3,False,Sometimes,13.0,87,3.32,Beneficial
STU_2028377,16,Male,High School,YouTube,6.4,2.6,Smartphone,6.8,2,True,Sometimes,19.0,65,3.02,Neutral
STU_2028378,19,Female,Undergraduate,YouTube,3.0,1.8,Smartphone,7.3,3,False,Sometimes,4.0,88,4.0,Beneficial
STU_2028379,16,Female,High School,Reddit,2.8,2.5,Smartphone,7.8,3,True,Sometimes,8.0,93,3.47,Beneficial
STU_2028380,18,Female,High School,TikTok,4.7,2.2,Smartphone,6.7,3,False,Frequently,14.0,70,,Beneficial
STU_2028381,23,Female,Postgraduate,Snapchat,8.0,2.3,Laptop/PC,5.8,1,True,Rarely,19.0,73,3.11,Beneficial
STU_2028382,19,Male,Undergraduate,Instagram,6.7,2.9,Smartphone,7.0,3,False,Rarely,20.0,74,3.12,Beneficial
STU_2028383,17,Male,High School,TikTok,3.5,2.5,Laptop/PC,6.7,3,False,Always,4.0,87,3.87,Beneficial
STU_2028384,21,Male,Undergraduate,Reddit,2.5,1.7,Laptop/PC,8.7,3,True,Always,8.0,92,3.84,Beneficial
STU_2028385,23,Female,Undergraduate,TikTok,7.0,1.7,Smartphone,6.3,2,False,Always,21.0,71,2.99,Neutral
STU_2028386,17,Female,High School,Snapchat,4.7,2.3,Laptop/PC,5.3,2,True,Sometimes,13.0,85,3.74,Beneficial
STU_2028387,20,Female,Undergraduate,Reddit,4.5,2.4,Smartphone,7.1,2,False,Always,8.0,92,3.75,Beneficial
STU_2028388,17,Female,High School,TikTok,2.9,1.6,Smartphone,6.8,3,True,Rarely,9.0,96,4.0,Beneficial
STU_2028389,19,Male,Undergraduate,TikTok,10.1,0.8,Smartphone,5.1,1,True,Rarely,29.0,60,3.05,Neutral
STU_2028390,18,Female,High School,Instagram,3.5,1.1,Smartphone,7.9,4,False,Always,11.0,88,3.54,Beneficial
STU_2028391,21,Male,Undergraduate,Instagram,3.9,2.0,Smartphone,7.9,3,True,Frequently,6.0,93,3.93,Beneficial
STU_2028392,16,Male,High School,X (Twitter),3.8,1.4,Smartphone,6.5,2,True,Frequently,10.0,76,3.33,Beneficial
STU_2028393,18,Female,Undergraduate,Instagram,4.6,0.3,Smartphone,7.0,2,True,Rarely,7.0,89,3.92,Beneficial
STU_2028394,19,Female,Undergraduate,TikTok,5.3,2.1,Smartphone,6.2,2,True,Sometimes,11.0,73,3.46,Beneficial
STU_2028395,15,Female,High School,YouTube,7.7,2.8,Smartphone,6.0,2,True,Frequently,17.0,72,3.59,Beneficial
STU_2028396,23,Female,Undergraduate,YouTube,5.6,2.9,Smartphone,4.9,1,True,Always,19.0,69,3.17,Neutral
STU_2028397,17,Female,High School,Instagram,2.6,0.5,Smartphone,9.2,4,False,Rarely,9.0,97,4.0,Beneficial
STU_2028398,16,Male,High School,Snapchat,3.5,0.9,Smartphone,6.5,3,False,Frequently,0.0,94,3.72,Beneficial
STU_2028399,20,Male,Undergraduate,Instagram,2.1,1.8,Smartphone,7.1,3,False,Sometimes,5.0,84,3.98,Beneficial
STU_2028400,20,Female,Undergraduate,Instagram,2.6,1.6,Laptop/PC,7.3,3,False,Frequently,4.0,87,3.73,Beneficial
STU_2028401,18,Male,Undergraduate,TikTok,4.8,1.6,Smartphone,6.7,2,True,Frequently,12.0,89,2.79,Beneficial
STU_2028402,19,Female,Undergraduate,TikTok,5.2,1.7,Smartphone,7.8,3,True,Sometimes,15.0,91,3.15,Beneficial
STU_2028403,19,Female,Undergraduate,YouTube,2.7,0.5,Smartphone,7.4,3,True,Never,5.0,93,3.7,Beneficial
STU_2028404,17,Female,High School,Instagram,3.1,2.3,Smartphone,8.3,3,False,Frequently,5.0,94,3.43,Beneficial
STU_2028405,21,Female,Undergraduate,Snapchat,4.3,1.0,Smartphone,7.2,3,True,Sometimes,12.0,87,3.66,Beneficial
STU_2028406,20,Male,Undergraduate,Instagram,2.9,0.4,Smartphone,8.8,4,False,Frequently,0.0,98,4.0,Beneficial
STU_2028407,18,Female,Undergraduate,TikTok,4.3,1.1,Smartphone,6.8,3,False,Always,12.0,88,3.53,Beneficial
STU_2028408,18,Female,Undergraduate,Instagram,4.4,1.8,Smartphone,6.0,2,False,Frequently,17.0,81,3.76,Beneficial
STU_2028409,18,Male,Undergraduate,TikTok,7.0,2.1,Smartphone,6.7,2,True,Frequently,21.0,73,2.88,Neutral
STU_2028410,20,Male,High School,TikTok,3.7,1.3,Smartphone,6.8,2,False,Frequently,16.0,86,3.7,Beneficial
STU_2028411,16,Male,High School,TikTok,3.8,1.8,Smartphone,7.4,3,False,Sometimes,6.0,93,3.81,Beneficial
STU_2028412,19,Male,Undergraduate,TikTok,4.0,2.8,Smartphone,7.6,3,True,Rarely,12.0,89,,Beneficial
STU_2028413,18,Male,Undergraduate,YouTube,5.4,2.2,Smartphone,7.7,3,True,Sometimes,22.0,68,3.18,Neutral
STU_2028414,18,Non-Binary,Undergraduate,Instagram,10.0,2.0,Tablet,3.9,1,True,Frequently,21.0,53,2.74,Neutral
STU_2028415,19,Female,Undergraduate,Instagram,3.6,2.0,Smartphone,8.2,3,False,Rarely,10.0,71,3.31,Beneficial
STU_2028416,19,Female,Undergraduate,Instagram,6.1,1.8,Smartphone,6.6,2,True,Sometimes,17.0,75,3.01,Beneficial
STU_2028417,19,Prefer not to say,Undergraduate,Instagram,2.2,1.0,Smartphone,8.4,4,True,Rarely,9.0,84,3.33,Beneficial
STU_2028418,18,Female,Undergraduate,TikTok,4.4,2.3,Smartphone,7.8,3,False,Always,12.0,91,3.62,Beneficial
STU_2028419,19,Male,Undergraduate,Instagram,3.0,2.0,Smartphone,8.5,3,False,Sometimes,7.0,93,3.69,Beneficial
STU_2028420,21,Male,Undergraduate,YouTube,2.6,0.1,Smartphone,6.3,3,False,Sometimes,13.0,88,3.71,Beneficial
STU_2028421,18,Female,Undergraduate,TikTok,5.8,0.9,Smartphone,5.6,2,True,Sometimes,23.0,70,3.25,Neutral
STU_2028422,19,Female,Undergraduate,TikTok,13.3,1.8,Smartphone,3.0,1,False,Sometimes,35.0,45,1.99,Negative
STU_2028423,17,Male,High School,Snapchat,6.5,2.1,Smartphone,6.4,2,True,Always,21.0,78,2.93,Neutral
STU_2028424,17,Female,High School,TikTok,7.4,2.1,Laptop/PC,5.5,2,True,Always,21.0,63,3.39,Neutral
STU_2028425,19,Male,Undergraduate,Instagram,12.4,1.2,Smartphone,5.8,1,True,Frequently,,54,2.8,Neutral
STU_2028426,18,Male,Undergraduate,Instagram,4.7,1.3,Smartphone,6.4,2,False,Sometimes,18.0,82,3.2,Beneficial
STU_2028427,20,Female,Undergraduate,Instagram,4.9,2.9,Smartphone,6.3,2,False,Always,10.0,79,3.39,Beneficial
STU_2028428,18,Female,Undergraduate,YouTube,6.0,1.8,Smartphone,7.0,3,True,Sometimes,12.0,80,3.14,Beneficial
STU_2028429,21,Female,Undergraduate,YouTube,6.0,1.0,Laptop/PC,7.2,3,True,Sometimes,17.0,86,3.21,Beneficial
STU_2028430,19,Female,Undergraduate,TikTok,11.6,1.0,Laptop/PC,5.2,1,True,Frequently,22.0,65,3.02,Neutral
STU_2028431,20,Female,Undergraduate,YouTube,5.0,1.9,Smartphone,7.4,2,False,Rarely,7.0,80,3.76,Beneficial
STU_2028432,19,Male,Undergraduate,Instagram,2.6,2.1,Laptop/PC,8.7,5,True,Sometimes,7.0,98,4.0,Beneficial
STU_2028433,20,Female,Undergraduate,Snapchat,4.1,2.7,Smartphone,6.6,2,True,Sometimes,14.0,86,3.88,Beneficial
STU_2028434,18,Female,Undergraduate,Instagram,2.2,1.8,Smartphone,7.7,4,False,Sometimes,8.0,91,3.5,Beneficial
STU_2028435,19,Non-Binary,Undergraduate,Instagram,2.7,1.5,Smartphone,8.4,3,False,Frequently,7.0,98,3.59,Beneficial
STU_2028436,18,Female,Undergraduate,Reddit,4.9,2.0,Smartphone,7.3,3,True,Frequently,16.0,79,3.44,Beneficial
STU_2028437,18,Male,Undergraduate,TikTok,9.1,1.9,Smartphone,6.6,2,True,Sometimes,19.0,76,3.38,Beneficial
STU_2028438,19,Male,Undergraduate,YouTube,9.6,1.4,Smartphone,6.0,2,False,Rarely,19.0,63,3.02,Neutral
STU_2028439,18,Female,Undergraduate,Instagram,5.7,2.0,Smartphone,7.2,3,True,Rarely,15.0,70,3.96,Beneficial
STU_2028440,21,Male,Undergraduate,Reddit,11.2,2.0,Smartphone,4.8,1,True,Sometimes,25.0,54,2.41,Negative
STU_2028441,18,Female,Undergraduate,YouTube,9.2,2.6,Smartphone,5.6,2,True,Sometimes,19.0,61,3.2,Neutral
STU_2028442,20,Male,Undergraduate,Reddit,8.4,1.1,Smartphone,5.5,1,True,Sometimes,22.0,55,3.32,Neutral
STU_2028443,19,Male,Undergraduate,Instagram,9.5,1.9,Smartphone,5.1,1,True,Never,16.0,70,2.38,Neutral
STU_2028444,17,Female,High School,Instagram,3.3,1.7,Smartphone,6.2,4,False,Sometimes,13.0,86,3.82,Beneficial
STU_2028445,17,Male,High School,Instagram,4.6,2.3,Smartphone,5.1,1,False,Frequently,17.0,81,3.18,Beneficial
STU_2028446,19,Prefer not to say,Undergraduate,Instagram,3.1,2.3,Smartphone,9.0,5,True,Frequently,13.0,78,4.0,Beneficial
STU_2028447,22,Female,Undergraduate,YouTube,3.6,2.2,Smartphone,8.7,4,True,Frequently,14.0,82,3.47,Beneficial
STU_2028448,16,Male,High School,YouTube,4.7,1.8,Smartphone,6.1,2,False,Rarely,4.0,86,3.72,Beneficial
STU_2028449,18,Female,Undergraduate,Snapchat,2.4,1.5,Smartphone,8.7,4,False,Sometimes,6.0,98,3.68,Beneficial
STU_2028450,21,Male,Undergraduate,YouTube,9.9,1.7,Smartphone,5.0,1,True,Sometimes,30.0,55,3.3,Neutral
STU_2028451,24,Female,Undergraduate,YouTube,6.9,1.5,Tablet,5.2,2,True,Always,16.0,75,3.21,Beneficial
STU_2028452,24,Female,Undergraduate,YouTube,3.6,1.4,Laptop/PC,7.7,3,True,Frequently,11.0,92,,Beneficial
STU_2028453,18,Female,Undergraduate,Snapchat,9.1,2.4,Smartphone,5.4,3,False,Never,19.0,67,3.25,Neutral
STU_2028454,16,Female,High School,Snapchat,4.6,2.2,Smartphone,6.8,2,True,Frequently,14.0,80,3.81,Beneficial
STU_2028455,18,Female,Undergraduate,Snapchat,3.2,2.3,Smartphone,7.2,3,True,Sometimes,7.0,90,3.79,Beneficial
STU_2028456,19,Female,Undergraduate,YouTube,4.6,2.3,Smartphone,5.8,2,True,Always,16.0,76,3.67,Beneficial
STU_2028457,17,Male,High School,Reddit,1.8,1.5,Smartphone,7.6,3,False,Frequently,1.0,96,3.77,Beneficial
STU_2028458,21,Female,Undergraduate,Instagram,5.1,2.8,Smartphone,7.3,3,True,Never,8.0,97,3.47,Beneficial
STU_2028459,19,Male,Undergraduate,Snapchat,2.9,1.5,Smartphone,7.2,4,False,Rarely,10.0,82,4.0,Beneficial
STU_2028460,18,Male,High School,Instagram,4.5,1.4,Smartphone,6.4,1,False,Frequently,15.0,71,3.76,Beneficial
STU_2028461,19,Female,Undergraduate,Reddit,7.3,2.2,Smartphone,5.7,1,True,Sometimes,20.0,60,3.19,Neutral
STU_2028462,19,Prefer not to say,Undergraduate,Instagram,5.4,1.8,Smartphone,6.2,2,True,Frequently,15.0,80,3.42,Beneficial
STU_2028463,19,Male,Undergraduate,Snapchat,2.0,1.3,Smartphone,8.5,3,False,Frequently,5.0,93,4.0,Beneficial
STU_2028464,16,Male,High School,TikTok,4.9,0.8,Smartphone,7.5,2,False,Sometimes,14.0,92,3.49,Beneficial
STU_2028465,21,Male,Undergraduate,YouTube,7.1,1.8,Smartphone,5.5,1,True,Rarely,11.0,70,3.2,Beneficial
STU_2028466,20,Female,Undergraduate,TikTok,3.2,1.9,Smartphone,7.3,3,False,Frequently,4.0,90,3.33,Beneficial
STU_2028467,19,Male,Undergraduate,Snapchat,4.9,1.5,Smartphone,7.4,3,False,Rarely,6.0,87,3.51,Beneficial
STU_2028468,21,Female,Undergraduate,Snapchat,6.5,2.5,Smartphone,6.5,3,True,Always,16.0,82,3.28,Beneficial
STU_2028469,24,Female,Undergraduate,TikTok,5.4,1.0,Laptop/PC,6.3,3,True,Frequently,14.0,77,3.1,Beneficial
STU_2028470,17,Female,High School,X (Twitter),1.2,1.7,Smartphone,9.2,4,True,Frequently,2.0,98,,Beneficial
STU_2028471,18,Female,Undergraduate,YouTube,4.0,2.2,Smartphone,8.0,3,False,Sometimes,8.0,91,3.43,Beneficial
STU_2028472,19,Male,Undergraduate,Reddit,2.3,1.7,Tablet,7.7,2,True,Sometimes,10.0,89,3.49,Beneficial
STU_2028473,17,Female,High School,TikTok,2.7,2.6,Smartphone,7.4,3,True,Frequently,6.0,96,3.47,Beneficial
STU_2028474,18,Male,Undergraduate,YouTube,1.9,2.2,Laptop/PC,8.8,4,True,Sometimes,3.0,98,3.73,Beneficial
STU_2028475,18,Female,High School,TikTok,8.6,1.5,Laptop/PC,6.0,1,True,Sometimes,18.0,63,3.24,Neutral
STU_2028476,17,Female,High School,TikTok,11.1,0.7,Smartphone,4.6,1,True,Rarely,32.0,53,2.56,Negative
STU_2028477,21,Female,Undergraduate,Instagram,5.0,1.2,Smartphone,7.3,3,True,Sometimes,12.0,83,3.54,Beneficial
STU_2028478,21,Female,Undergraduate,TikTok,3.8,2.0,Smartphone,9.1,4,True,Never,20.0,95,3.82,Beneficial
STU_2028479,19,Male,Undergraduate,Snapchat,3.4,2.0,Smartphone,8.4,3,True,Always,7.0,87,3.76,Beneficial
STU_2028480,15,Female,High School,Instagram,5.0,2.3,Tablet,8.8,4,True,Frequently,13.0,87,3.69,Beneficial
STU_2028481,18,Male,Undergraduate,YouTube,2.6,2.2,Smartphone,7.7,3,True,Rarely,10.0,83,3.95,Beneficial
STU_2028482,20,Male,Undergraduate,TikTok,4.5,2.0,Smartphone,8.2,4,True,Sometimes,13.0,93,3.24,Beneficial
STU_2028483,17,Female,High School,TikTok,5.3,2.2,Smartphone,6.5,3,True,Frequently,13.0,82,3.02,Beneficial
STU_2028484,21,Male,Undergraduate,TikTok,7.6,1.0,Smartphone,6.5,1,True,Sometimes,17.0,70,3.49,Beneficial
STU_2028485,20,Male,Undergraduate,Instagram,2.5,1.4,Smartphone,8.2,4,False,Always,11.0,88,3.68,Beneficial
STU_2028486,20,Female,Undergraduate,TikTok,7.0,1.8,Smartphone,5.4,2,True,Frequently,12.0,75,3.23,Beneficial
STU_2028487,17,Prefer not to say,High School,Instagram,8.8,2.5,Smartphone,6.2,1,True,Frequently,21.0,68,3.5,Beneficial
STU_2028488,19,Male,High School,Instagram,3.5,3.1,Smartphone,7.2,4,True,Sometimes,7.0,90,3.31,Beneficial
STU_2028489,21,Prefer not to say,High School,TikTok,2.8,3.2,Smartphone,7.2,4,True,Rarely,6.0,98,3.86,Beneficial
STU_2028490,19,Male,Undergraduate,TikTok,4.0,1.8,Smartphone,6.3,3,False,Sometimes,13.0,74,4.0,Beneficial
STU_2028491,18,Female,High School,YouTube,9.7,1.9,Smartphone,4.2,1,True,Sometimes,21.0,63,2.73,Neutral
STU_2028492,22,Male,Postgraduate,Snapchat,3.6,2.5,Smartphone,7.0,4,True,Frequently,11.0,92,3.42,Beneficial
STU_2028493,18,Female,Undergraduate,YouTube,4.5,2.4,Smartphone,8.2,4,True,Sometimes,0.0,85,3.75,Beneficial
STU_2028494,16,Male,High School,YouTube,5.2,1.6,Smartphone,5.7,3,True,Sometimes,24.0,77,3.31,Neutral
STU_2028495,16,Male,High School,YouTube,5.8,1.2,Smartphone,7.8,3,True,Sometimes,11.0,79,2.85,Beneficial
STU_2028496,19,Female,Undergraduate,LinkedIn,3.8,3.0,Smartphone,6.6,3,False,Frequently,9.0,83,3.37,Beneficial
STU_2028497,19,Male,Undergraduate,Instagram,7.7,1.1,Smartphone,6.0,2,True,Frequently,13.0,73,3.16,Beneficial
STU_2028498,16,Male,High School,LinkedIn,4.6,3.3,Laptop/PC,7.1,3,False,Sometimes,22.0,87,3.5,Beneficial
STU_2028499,24,Male,Undergraduate,Instagram,1.8,2.1,Smartphone,6.8,3,True,Frequently,10.0,98,3.73,Beneficial
